eeg_abspow,eeg_abspow_c7min_norm,eeg_abspow_p2min_norm,eeg_alpha,eeg_alpha_c7min_norm,eeg_alpha_p2min_norm,eeg_at,eeg_at_c7min_norm,eeg_at_p2min_norm,eeg_beta,eeg_beta_c7min_norm,eeg_beta_p2min_norm,eeg_db,eeg_db_c7min_norm,eeg_db_p2min_norm,eeg_ds,eeg_ds_c7min_norm,eeg_ds_p2min_norm,eeg_dt,eeg_dt_c7min_norm,eeg_dt_p2min_norm,eeg_fdelta,eeg_fdelta_c7min_norm,eeg_fdelta_p2min_norm,eeg_hcomp,eeg_hcomp_c7min_norm,eeg_hcomp_p2min_norm,eeg_higuchi,eeg_higuchi_c7min_norm,eeg_higuchi_p2min_norm,eeg_hmob,eeg_hmob_c7min_norm,eeg_hmob_p2min_norm,eeg_iqr,eeg_iqr_c7min_norm,eeg_iqr_p2min_norm,eeg_kurt,eeg_kurt_c7min_norm,eeg_kurt_p2min_norm,eeg_nzc,eeg_nzc_c7min_norm,eeg_nzc_p2min_norm,eeg_perm,eeg_perm_c7min_norm,eeg_perm_p2min_norm,eeg_petrosian,eeg_petrosian_c7min_norm,eeg_petrosian_p2min_norm,eeg_sdelta,eeg_sdelta_c7min_norm,eeg_sdelta_p2min_norm,eeg_sigma,eeg_sigma_c7min_norm,eeg_sigma_p2min_norm,eeg_skew,eeg_skew_c7min_norm,eeg_skew_p2min_norm,eeg_std,eeg_std_c7min_norm,eeg_std_p2min_norm,eeg_theta,eeg_theta_c7min_norm,eeg_theta_p2min_norm,time_hour,time_norm
125.96273,0.0021058125,0.010138192,0.041424323,-0.11571182,-0.27833468,0.7160804,0.4200688,0.14473374,0.16986363,0.9955402,0.81445,3.9131155,-0.17466724,-0.15547518,10.7117,-0.072809115,-0.034425274,11.490249,-0.004330383,0.13418844,0.22274706,-0.39811835,-0.38834664,1.5986975,0.023094527,-0.4353228,1.8687644,0.8381436,0.89923185,0.69969743,0.4518725,1.0291201,14.9352665,0.0026919474,0.036711078,4.8854747,0.60202026,0.38346982,678,1.3602692,1.317712,0.9533323,0.4945707,0.55208486,1.0219167,0.5567283,0.6325935,0.44194892,-0.00023567396,0.18409345,0.062053263,0.44754446,0.043619167,-1.114492,-0.23819298,-1.0842564,18.323004,0.14302514,0.102015205,0.0578487,-0.37070712,-0.4304233,0.0,0.0
64.76911,0.0045359978,0.0046452247,0.086700775,-0.13166472,-0.012067321,0.8860355,0.49388504,0.31029466,0.21390277,1.1042225,0.98616374,2.6198988,-0.17507428,-0.16709638,7.142705,-0.076593325,-0.05091678,5.727025,-0.013676604,0.034726717,0.2302208,-0.43555728,-0.37380323,2.5936825,0.026850415,-0.28910422,1.8386569,0.8393363,0.85479486,0.5046206,0.47496173,0.717995,11.891693,0.0013931558,0.024287002,6.68549,0.57237184,0.50432956,643,1.3725166,1.2533885,0.9479635,0.48363376,0.5318174,1.0213886,0.54189444,0.6018793,0.33018282,-0.055455666,0.04739846,0.078458175,0.65597224,0.12986344,1.0038745,-0.17648515,-0.20280348,11.77088,0.14750262,0.058371227,0.09785248,-0.4009203,-0.22052357,0.008333334,0.0010471204
88.014824,0.006510066,0.0042053172,0.054957967,-0.13507621,-0.04776288,0.7527045,0.59404767,0.27889246,0.22209494,1.1858374,1.0646964,2.334306,-0.17412953,-0.17268105,5.5984893,-0.07858916,-0.061170924,7.1005225,-0.018460443,0.017375354,0.16647299,-0.46281758,-0.45165488,2.2790647,0.04805778,-0.2711879,1.8678752,0.8324338,0.8687322,0.5886339,0.4747842,0.7036143,12.3207245,0.00045653337,0.021313202,6.149476,0.5529904,0.52062285,775,1.3812778,1.3936749,0.9598471,0.47376356,0.554969,1.0225308,0.52864665,0.6359284,0.3519646,-0.10380726,0.01959352,0.092603125,0.8182951,0.20818695,1.1574848,-0.19837782,0.13362572,13.67471,0.15811576,0.052277565,0.073014006,-0.43621045,-0.23744193,0.016666668,0.0020942409
103.42454,0.0183221,0.00467698,0.06418834,-0.14873177,-0.038469102,0.8959407,0.6888663,0.3329578,0.12897277,1.2185152,0.9224158,5.120472,-0.16185682,-0.16295478,12.200445,-0.06528123,-0.051044937,9.217882,0.03539574,0.026970375,0.21970844,-0.48292577,-0.4387843,6.4004917,0.08611003,0.04060355,1.6699535,0.80462915,0.72964036,0.19067018,0.44702336,0.37907064,18.459764,0.0122337295,0.03235629,5.60754,0.5138977,0.51057565,443,1.3394668,1.1587411,0.936312,0.46096677,0.52212185,1.0205196,0.51104134,0.59446836,0.44069302,-0.11991577,0.059950504,0.05412929,0.93871146,0.14621596,-1.5262054,-0.26098022,-0.25650188,37.235813,0.18606535,0.12770148,0.07164351,-0.4808153,-0.24949661,0.025,0.0031413613
11.002876,0.060764737,-0.00048263255,0.035899162,-0.1708324,-0.054715622,0.5579829,0.75347847,0.2559528,0.028071515,1.2563758,0.64598393,30.349236,-0.15068018,-0.04417374,47.466717,-0.054924417,0.033873305,13.241896,0.081386834,0.04208534,0.50925964,-0.4930522,-0.16001661,7.227133,0.07479596,0.45416847,1.5981677,0.7857859,0.52994776,0.1582598,0.4602615,-0.052694865,3.3596978,0.05400682,0.00873016,7.995765,0.4574891,0.61499393,539,1.3041033,1.0310131,0.92971385,0.4545858,0.47754154,1.0198392,0.5024493,0.5340529,0.34268934,-0.14574711,-0.0007489703,0.017948344,1.0660696,0.030281289,0.80566305,-0.25731102,0.14298669,34.615654,0.22675624,0.18196449,0.06433739,-0.5217513,-0.23247354,0.033333335,0.0041884817
0.7017854,0.12685753,-0.0033580936,0.06090581,-0.18597233,-0.13056472,0.869033,0.8295352,0.24767137,0.102422304,1.3534504,0.42864642,6.874692,-0.15840885,-0.025056383,11.452712,-0.060684312,0.04383108,10.046744,0.114952646,0.0793602,0.15097839,-0.54428744,-0.23711696,2.9606612,0.007547817,0.48113325,1.8230585,0.7890022,0.51843655,0.33863962,0.52626246,-0.18505521,3.0410857,0.118265785,-0.009334229,6.0823483,0.3726233,0.59474534,569,1.2763411,0.963014,0.9250545,0.4490635,0.4343004,1.0194979,0.49537963,0.479071,0.55314344,-0.18265972,0.1355965,0.061480794,1.2616757,-0.014345642,-0.4705412,-0.2821904,-0.16376574,37.057865,0.27579692,0.26618332,0.07008458,-0.55969256,-0.3053226,0.041666668,0.005235602
507.11765,0.22754546,0.015452023,0.017671976,-0.20985068,-0.24020277,1.4725899,0.88321006,0.5983078,0.45513433,1.4716209,0.88297004,0.12478934,-0.16682428,-0.034984037,0.124164104,-0.067263275,0.03118328,4.732752,0.1437033,0.058928706,0.017473018,-0.5788763,-0.38208923,1.1087538,-0.059603766,0.3951414,1.9159663,0.77897114,0.55392635,0.92181134,0.61112654,0.08063474,14.707842,0.20877297,-0.0044620414,1.6604586,0.2689202,0.44404063,738,1.239535,0.92901444,0.9333261,0.44784212,0.38424158,1.0201353,0.49382666,0.40941074,0.039322898,-0.24536827,-0.055590972,0.4574262,1.4914948,0.94463235,-0.00034371827,-0.29032546,-0.40465215,19.020933,0.33549482,0.283989,0.01200061,-0.5917281,-0.46539116,0.05,0.0062827226
462.45224,0.34570906,0.031565856,0.024099713,-0.22543555,-0.35808185,1.4760668,0.8801311,0.8808713,0.4456393,1.4967731,1.5003296,0.08791785,-0.14481719,-0.05759598,0.08285464,-0.050149582,0.0031869803,2.3996875,0.17942943,9.449301e-05,0.021966554,-0.5740157,-0.5744858,1.0839387,-0.09712547,0.004492867,1.9123193,0.731508,0.73278534,0.93179905,0.63199455,0.6716426,15.022108,0.3222149,-0.011478413,1.0322846,0.16760895,0.29044074,816,1.1557862,1.2717665,0.9274686,0.44537577,0.36754948,1.019676,0.49104863,0.38487804,0.017213095,-0.2733664,-0.31455854,0.4728721,1.5824897,2.0453444,-0.17008321,-0.29455099,-0.122510694,19.13005,0.4142963,0.22368741,0.01632698,-0.6007217,-0.610514,0.058333334,0.007329843
226.16031,0.4736258,0.04122252,0.027369594,-0.23974243,-0.38316274,1.1522025,0.82014424,1.1702994,0.4097528,1.4370742,2.2444391,0.58808714,-0.09449164,-0.19131681,0.8138874,0.0036703069,-0.10459902,10.144346,0.23598623,-0.026634265,0.087238505,-0.5441941,-0.985099,1.278179,-0.10426586,-0.43262303,1.8938062,0.6473719,0.950958,0.8388112,0.59007955,1.2143434,14.476034,0.45335972,0.011210406,2.249416,0.06888844,0.09752506,741,1.0111394,1.4573857,0.9435676,0.44250813,0.3936987,1.0210209,0.48830253,0.41924438,0.15373184,-0.25827533,-0.43011034,0.29607332,1.5394093,2.7764268,0.26626444,-0.29865703,-0.23473266,15.348703,0.5109727,0.15951842,0.023754153,-0.59965646,-0.7169841,0.06666667,0.008376963
53.751396,0.6363198,0.043603487,0.1516127,-0.25176516,-0.11644257,1.94629,0.7186624,1.6950017,0.24161123,1.2931633,2.515796,1.7827967,-0.02411663,-0.21419537,5.353699,0.0741484,-0.11869009,5.5295644,0.29451948,-0.06561301,0.24892233,-0.48950168,-0.88980263,4.3942137,-0.093357235,-0.32728878,1.7581849,0.528239,0.90308326,0.27703857,0.50507784,1.1652201,11.922287,0.6136353,0.029337239,8.515981,-0.033687565,0.17922667,643,0.81915843,1.5253848,0.94174004,0.4387173,0.42519295,1.0208294,0.4844984,0.45796558,0.18182139,-0.21300027,-0.65718216,0.08045721,1.4035825,2.8263085,-0.95406336,-0.3321999,-0.3353295,25.49543,0.6318849,0.12100949,0.07789831,-0.583124,-0.69648474,0.075,0.009424084
2973.608,0.8065842,0.15430416,0.0104108965,-0.30574027,-0.1377935,0.9642858,0.52437586,1.4474208,0.03243696,1.1148217,1.6917231,28.391026,0.077025875,-0.08719138,69.62256,0.17490129,0.041877966,85.298,0.37017646,0.6295846,0.14554681,-0.42915776,-0.7651909,4.3640676,-0.093059935,-0.088095546,1.5731044,0.3919566,0.65006113,0.27063414,0.43093362,0.6459436,90.57222,0.78495675,0.184179,-0.50079155,-0.16556694,0.10666946,285,0.5926685,1.1091201,0.94440866,0.43181363,0.44611135,1.0210503,0.4771359,0.4845747,0.77537173,-0.14305103,-0.20707163,0.013227301,1.2539942,1.6586822,0.13392001,-0.31848395,-0.30739594,76.143265,0.7607194,0.3112566,0.010796485,-0.5724385,-0.6996438,0.083333336,0.010471204
9995.5,0.967832,0.5821651,0.028218906,-0.35211962,-0.12568116,0.41020954,0.30134684,0.9282709,0.11818795,0.95847106,1.0533379,5.46029,0.19817346,-0.063052595,6.598753,0.30960336,0.0569322,9.381115,0.3974449,0.6898274,0.33080047,-0.3583554,-0.4647053,2.4223988,-0.086914554,0.010251531,1.6251704,0.26155934,0.43815348,0.4514337,0.3685013,0.2628797,236.01613,0.94488883,0.63523525,-1.8125615,-0.2790562,0.011162664,253,0.39063895,0.5917758,0.96516967,0.4226304,0.5172728,1.0232592,0.46769774,0.5887707,0.31454,-0.09476937,-0.025249496,0.09779734,1.1167612,0.67275655,-0.08568999,-0.29006582,-0.2898379,117.07537,0.8712747,0.63746554,0.06879145,-0.549554,-0.5620033,0.09166667,0.011518325
8826.429,1.0851661,0.96816117,0.04234469,-0.39386225,-0.08164747,0.65754426,0.15693064,0.68733644,0.29893795,0.85117316,0.83729804,0.94665927,0.31746453,-0.06144148,0.86559904,0.4441341,0.057051674,4.394412,0.4203945,0.64021116,0.20541508,-0.31603926,-0.34972322,1.4369621,-0.06422611,0.021918556,1.7687933,0.14575973,0.3458976,0.69989777,0.30793598,0.15210417,180.11082,1.0517023,0.9733015,-1.1831188,-0.36685744,-0.10407395,505,0.2182263,0.37491384,0.92126024,0.40379703,0.47516724,1.01926,0.4447411,0.5375659,0.07757726,-0.054885037,-0.07181974,0.3269324,1.040394,0.75387305,0.12675713,-0.2882128,-0.3188624,95.58793,0.9517834,0.904704,0.06439824,-0.53803355,-0.45537364,0.1,0.012565445
12540.314,1.1510198,1.5285814,0.02350883,-0.42781028,-0.45833203,0.22992596,0.024971979,-0.14865746,0.19298922,0.70739305,0.7425066,2.553051,0.4461973,-0.057980627,2.1560924,0.586985,0.049663972,4.8189173,0.4480636,0.634079,0.3016223,-0.26025158,-0.2984478,1.7859013,-0.00985223,-0.16973445,1.611576,0.026674544,0.23770438,0.56287456,0.22221544,0.380042,207.84084,1.1120117,1.3731779,-1.5191619,-0.41853696,-0.44097248,353,0.05103626,0.10843097,0.94243985,0.38594124,0.47648817,1.0209179,0.42274997,0.5401368,0.19108897,0.00058723957,-0.0661524,0.2285205,0.8974313,1.1430738,-0.04753179,-0.27618667,-0.13025838,105.50256,1.0078954,1.1711694,0.10224523,-0.52394634,-0.39149955,0.108333334,0.013612566
7240.808,1.1491239,1.7201014,0.023729682,-0.45810416,-0.41916865,0.27617118,-0.07370737,-0.48381922,0.010426536,0.52683234,0.69959605,86.67383,0.62479025,0.20389184,118.38407,0.7689979,0.16232184,10.517548,0.5505757,-0.011201617,0.4295701,-0.22310485,-0.022102116,3.8382313,0.09084511,-0.20837174,1.3210824,-0.090720505,0.051719416,0.2712408,0.09853297,0.38052574,193.66626,1.1259038,1.5835963,-1.3737385,-0.4462744,-0.47027892,131,-0.11536046,-0.033080634,0.91782236,0.35660863,0.42630604,1.0189773,0.38834822,0.4798522,0.47413775,0.09896756,-0.2503638,0.0076336944,0.68470186,1.1283704,0.27272427,-0.27472636,-0.10138013,98.58503,1.0373402,1.2459122,0.08592381,-0.53424335,-0.19440308,0.11666667,0.014659686
2927.9602,1.1061937,1.402897,0.0070946338,-0.47790843,-0.48128378,0.2036198,-0.11604787,-0.5844434,0.011267867,0.41762242,0.49114925,81.29176,0.74950707,0.5446128,193.0778,0.91006833,0.5931602,26.289253,0.6465934,0.13469872,0.24298404,-0.22179441,-0.107544735,4.475174,0.16705011,-0.057538383,1.3372477,-0.15777299,-0.16075912,0.24382727,0.025857959,0.2149715,124.54932,1.0904013,1.3560888,-0.7601245,-0.4594207,-0.43494666,102,-0.22265561,-0.17183551,0.91339946,0.32890138,0.3285888,1.0187536,0.35573426,0.34883597,0.6730007,0.16997504,-0.031156978,0.0047441227,0.5669502,0.8837697,-0.26098225,-0.2756852,-0.13784972,81.13926,1.027791,1.1262262,0.034842554,-0.5543883,-0.28346795,0.125,0.015706806
12131.44,1.0479982,1.5512321,0.02473922,-0.49070147,-0.53305197,0.35276031,-0.09911143,-0.7328953,0.0141728325,0.36924836,-0.064016625,59.51754,0.8295915,0.80777967,84.41909,0.98933125,0.78620094,12.028053,0.72646767,0.20056942,0.32975364,-0.23012017,0.013432724,4.1357703,0.22789203,0.14076404,1.250911,-0.17942724,-0.54294133,0.23946892,-0.00702779,-0.15219416,228.46147,1.0253861,1.454774,-1.8114731,-0.45475528,-0.4560417,88,-0.26787427,-0.5550195,0.9263303,0.30463,0.33815876,1.0195721,0.32664934,0.35790977,0.5137785,0.20436972,0.23558994,0.009992196,0.5357485,0.05065717,-0.030261138,-0.26040143,-0.17051739,118.67945,0.990739,1.203133,0.07013039,-0.5778438,-0.26842964,0.13333334,0.016753927
2612.4634,0.9193149,1.1056516,0.006693033,-0.5010125,-0.5824982,0.24317005,-0.04754797,-0.7264445,0.009503635,0.3802158,-0.42173225,96.48015,0.875423,1.2298067,173.49808,1.0431945,1.1820669,33.313084,0.8061428,0.4464456,0.35352376,-0.25912791,0.06393119,4.3262796,0.27323171,0.32742542,1.3504019,-0.14753179,-0.7356802,0.23554122,-0.002631668,-0.41322374,93.26657,0.9022479,1.2209241,-0.48281375,-0.42276418,-0.42124954,121,-0.2516775,-0.7682058,0.91032165,0.28354177,0.27753508,1.0184103,0.3016402,0.28499156,0.56338835,0.22344048,0.46325943,0.0052848547,0.5594027,-0.5361425,-0.21923916,-0.25712886,-0.20624115,73.969246,0.90669096,1.0981106,0.027524084,-0.61233807,-0.46446046,0.14166667,0.017801046
2798.575,0.77597004,0.9062759,0.0038550347,-0.47931337,-0.6409389,0.320024,0.07619821,-0.705085,0.008724845,0.42571115,-0.4250498,116.564445,0.86765593,1.3641093,324.20444,1.043552,1.6575912,84.42636,0.86653996,1.0842049,0.2835839,-0.30187836,-0.07810876,7.478813,0.31894016,0.5949273,1.3906559,-0.078039736,-0.68433696,0.15336329,0.0066793533,-0.5072243,84.98099,0.7572292,0.99909383,-0.35484764,-0.35589668,-0.38704348,165,-0.1850395,-0.73696303,0.9105196,0.26928174,0.263751,1.0184851,0.28470105,0.27067652,0.73342276,0.23063901,0.6218181,0.00313693,0.59957355,-0.5479628,-0.0519297,-0.25509655,-0.27378544,58.434258,0.798369,0.9643876,0.01204608,-0.6363405,-0.6582786,0.15,0.018848168
4981.1187,0.6251779,0.9984255,0.015441027,-0.44779897,-0.6163966,2.265273,0.23697932,0.29908982,0.4775574,0.48383436,0.48400828,0.035500303,0.79711694,0.99901396,0.03511573,0.9439781,1.2115883,2.4871502,0.88390875,0.8788165,0.008915934,-0.34995225,-0.3058496,1.3572445,0.32766,0.36582875,1.8589936,0.015484105,-0.29930362,0.744195,0.030806715,-0.10820966,62.54276,0.6031745,0.87253636,0.26054564,-0.26959762,-0.35277766,511,-0.09209004,-0.36113027,0.9159198,0.26209888,0.2685081,1.0189326,0.27594042,0.27587864,0.008037498,0.22652535,0.21517804,0.48278743,0.64886117,0.70862716,-0.15882847,-0.25499994,-0.25253233,65.122406,0.6844609,0.91104317,0.006816408,-0.65144473,-0.73180515,0.15833333,0.019895287
166.94696,0.4746226,0.4614367,0.08777609,-0.40065783,-0.4310391,1.1280439,0.2871714,0.6767092,0.2945074,0.4498817,1.0305365,0.8610298,0.7297192,0.73546237,0.96614945,0.8469944,1.0187799,3.2588487,0.9078605,0.803147,0.10633143,-0.35524604,-0.52323234,1.2260327,0.3499068,0.15202771,1.8767115,0.09156896,0.16251902,0.8104046,0.021331009,0.34707886,14.524556,0.4654524,0.43588385,2.9870536,-0.17205763,-0.19168214,550,-0.013684593,0.063404545,0.9207193,0.26395607,0.2579172,1.0191857,0.27883232,0.264642,0.14724822,0.2494866,-0.008963506,0.2624642,0.55721116,1.3722779,0.027506584,-0.2724347,-0.24051376,49.549294,0.56956065,0.6808037,0.07781265,-0.63717157,-0.7116508,0.16666667,0.020942409
2082.4563,0.34918246,0.43764898,0.0043886607,-0.35520142,-0.437815,0.5817517,0.3176328,0.84162307,0.006007903,0.4041026,1.0237215,153.0495,0.66275376,0.98963606,212.6768,0.7505521,1.1092979,121.887856,0.93262166,1.5674589,0.16893366,-0.34614107,-0.70283264,8.767878,0.37744507,0.47838646,1.4323509,0.15799578,0.22299495,0.13648635,-0.005195646,0.26808828,70.94299,0.3493399,0.39032066,-0.27268058,-0.09152915,-0.18462758,149,0.068489075,0.08913393,0.8669328,0.26816893,0.17601985,1.0158509,0.28461623,0.19021492,0.75057286,0.27162147,0.10550405,0.0043234923,0.44872448,1.3697509,-0.22655348,-0.2813305,-0.2420355,56.978474,0.45539275,0.6242156,0.007543873,-0.6167107,-0.76406884,0.175,0.021989528
45.475452,0.24854305,0.31408474,0.082252964,-0.28974026,-0.20728886,0.75731236,0.34100142,1.0546142,0.1041357,0.39955297,1.2097304,5.9349346,0.49937984,0.49256283,6.8325253,0.57979745,0.3760465,5.6903515,0.81397414,0.8880457,0.2969738,-0.32249463,-0.68980473,2.2550442,0.32838276,0.094555505,1.6870213,0.24965806,0.44170406,0.49487868,0.015853794,0.54042727,9.007912,0.2435298,0.23525704,0.9843216,-0.011860358,-0.13966917,418,0.18629557,0.32161728,0.91547394,0.2896956,0.18537134,1.0187536,0.30800775,0.19802816,0.32106477,0.24619107,-0.1466622,0.09045537,0.39545435,1.599277,0.40795246,-0.27754086,-0.14635694,7.110995,0.34102896,0.45328242,0.10861167,-0.55679417,-0.51072913,0.18333334,0.02303665
211.73885,0.16907224,0.1000261,0.025157465,-0.2276394,-0.17871805,0.696217,0.35416782,0.29037002,0.035967413,0.3935453,0.34882545,23.910234,0.36091274,0.5998352,39.145546,0.4286231,0.46640664,23.799664,0.6969819,1.0719514,0.31753635,-0.29150036,-0.38952684,5.1612425,0.28675547,0.3740648,1.6286331,0.3257744,0.27170467,0.23779672,0.030062146,0.13660361,16.820652,0.16270041,0.14193667,4.029951,0.061363254,-0.013123183,327,0.2949129,0.15253848,0.92713994,0.31338373,0.20654961,1.019676,0.33410212,0.2196463,0.542453,0.22211923,0.18014497,0.02196902,0.32755712,0.3879647,0.5736043,-0.27665526,0.0060258154,22.513025,0.24743913,0.31137097,0.036134515,-0.49662107,-0.4338131,0.19166666,0.024083769
109.73844,0.09713507,0.097458474,0.03452288,-0.16002534,-0.3353071,0.58438104,0.3543219,0.025566762,0.066386946,0.4010035,-0.095908426,12.090116,0.23432834,0.650289,25.45502,0.29915315,0.5229854,13.586333,0.57079864,1.1610674,0.2579131,-0.26909342,-0.24204266,4.263695,0.22422074,0.5972655,1.6300486,0.39592457,0.08967461,0.27909422,0.06557286,-0.28708604,14.577715,0.095595226,0.14204517,4.2260413,0.112819344,0.028471949,364,0.40432355,-0.01837813,0.93485737,0.3384122,0.23323548,1.0202537,0.36232626,0.25070226,0.5447127,0.19256957,0.4232035,0.03153114,0.2667488,-0.21906853,-1.0111723,-0.3035671,-0.2100715,15.873353,0.16394024,0.19921255,0.05907597,-0.42666095,-0.48296875,0.2,0.02513089
194.3395,0.07385016,0.012716265,0.021877564,-0.10103717,-0.28388163,0.6893804,0.34878793,0.07798975,0.03794603,0.3930156,-0.03364322,24.751417,0.27261555,0.07382851,41.313553,0.3055896,0.12707028,29.595549,0.7668507,0.36467686,0.2492433,-0.25490713,-0.16390392,4.323279,0.19793794,0.27068624,1.6601766,0.4337216,0.25780344,0.27827948,0.08867986,-0.1740141,13.538402,0.06248775,0.024880456,3.407232,0.13602418,0.1520135,362,0.48623276,0.17734896,0.93417,0.35986823,0.36014694,1.0202093,0.38629115,0.3774435,0.6899747,0.1787247,0.3861464,0.022733895,0.19671497,-0.17067474,0.44491726,-0.2951867,-0.0703719,15.970769,0.113397114,0.06263553,0.03173511,-0.36558545,-0.41950306,0.20833333,0.02617801
95.57285,0.057321012,0.01496473,0.04639202,-0.029227694,-0.38932937,0.7785234,0.36634406,0.088321045,0.08030298,0.39729944,-0.08010647,9.828139,0.3272754,0.09132121,17.867363,0.33009315,0.152565,13.244373,0.9538336,0.4298605,0.34070763,-0.23513725,-0.12135227,4.0805273,0.18676999,0.40481868,1.6668702,0.45589867,0.24293259,0.29002714,0.1033441,-0.3373715,12.87159,0.040450312,0.032766353,6.972191,0.15348783,0.35303748,443,0.5607378,0.20032161,0.9339125,0.37899256,0.3949501,1.0201945,0.4075492,0.41934174,0.44852132,0.14473723,0.46408895,0.04417154,0.12989986,-0.29233694,-0.34807348,-0.313877,-0.22766322,16.223171,0.079997025,0.09298383,0.059589755,-0.3007508,-0.548112,0.21666667,0.027225131
47.143913,0.048776183,0.0075774025,0.08082263,0.033403743,-0.22564806,0.82741046,0.3594532,0.15222177,0.1421173,0.39753112,0.12683882,4.364638,0.41506878,0.0035002118,8.010936,0.40820122,0.08063207,6.350138,1.1815195,0.27928853,0.33726674,-0.22131646,-0.10215523,2.6739411,0.20346902,0.22205733,1.7599819,0.46402684,0.3398642,0.4610391,0.10775085,-0.15934849,9.301293,0.029276157,0.017419087,6.4878273,0.13856323,0.43555298,549,0.61693054,0.40431887,0.93983924,0.3945122,0.4189203,1.0206968,0.42499855,0.44902417,0.28302383,0.12255314,0.30544215,0.07743048,0.0582982,-0.14655033,-1.2308892,-0.32259616,-0.6030884,8.817445,0.060811717,0.047370415,0.09768143,-0.24026425,-0.38664374,0.225,0.02827225
32.74536,0.056092862,0.0041218097,0.124781296,0.07220718,0.039753396,1.0110377,0.39873543,0.36003453,0.20083351,0.47760168,0.3889501,2.1175385,0.5004114,-0.04130792,4.1057453,0.48555115,0.031307023,3.4457624,1.4106328,0.19178553,0.22610113,-0.2396082,-0.13310727,1.9468437,0.20714563,0.05182025,1.800299,0.48754486,0.4655041,0.6286782,0.15376547,0.11942474,8.015977,0.029700091,0.0040263557,0.87048256,0.093186475,0.3229006,652,0.6938816,0.6689639,0.93924505,0.41133308,0.42720214,1.020623,0.4458332,0.45976317,0.19917154,0.08677288,0.094135895,0.1035799,0.0519155,0.042837847,0.41479906,-0.29809904,-0.3064148,6.723071,0.060513556,0.016895209,0.12341904,-0.20922293,-0.2178398,0.23333333,0.029319372
43.169052,0.06392836,-0.0026630012,0.08532543,0.09351195,0.22631942,0.72238225,0.4430396,0.37610883,0.13014698,0.5831824,0.56870115,4.193434,0.58511823,-0.1336777,6.0796733,0.5622809,-0.050096806,4.6205378,1.6411309,-0.023723863,0.25726807,-0.26514596,-0.12529942,2.2618504,0.20458719,-0.099648945,1.7347622,0.521669,0.52054614,0.52549666,0.22860624,0.3165663,9.885799,0.032212917,-0.003428729,0.65610284,0.058224075,0.23054004,484,0.77169204,0.78107053,0.931562,0.42845505,0.42227948,1.0199873,0.46767986,0.45330718,0.28849468,0.04785901,-0.15137824,0.08976843,0.075270124,0.21904558,0.31722903,-0.2944285,-0.33298036,7.595079,0.07290052,-0.0110002,0.11811672,-0.19699162,0.008782237,0.24166666,0.030366492
35.776184,0.07781486,-0.005346787,0.12396912,0.09693788,0.45443195,0.93466884,0.48744512,0.452163,0.18684207,0.68848497,0.77640516,2.5327814,0.71700686,-0.16645673,5.185991,0.6754083,-0.07939566,3.5679321,1.9437649,-0.10722188,0.2760606,-0.29770884,-0.18819894,1.9810314,0.2365441,-0.25391522,1.7562549,0.54734915,0.58650947,0.60126835,0.29310003,0.56476337,8.243843,0.04307914,-0.012874117,0.9605124,0.026315955,0.028716754,566,0.85042804,0.894096,0.9306205,0.44112483,0.41606563,1.0199429,0.48650703,0.4459892,0.19716948,0.027500285,-0.30508557,0.09125162,0.08923502,0.3428008,0.3777108,-0.31022397,-0.18198083,6.757236,0.09682665,-0.042526696,0.13263428,-0.211663,0.20041443,0.25,0.03141361
52.796192,0.091787994,-0.0050931023,0.07079551,0.08014256,0.4249476,0.8013558,0.5232969,0.4394725,0.16228136,0.8021066,0.81571615,3.4250636,0.84955984,-0.17067836,7.0404835,0.78842634,-0.08163778,6.2915397,2.2487383,-0.10772753,0.26156583,-0.33050445,-0.26185352,2.1658866,0.26770556,-0.29124594,1.8061498,0.5771017,0.62058014,0.5968636,0.3667706,0.6730756,10.121941,0.054302517,-0.011199149,0.7756681,-0.0053319456,-0.16305111,564,0.9408654,0.90787965,0.9517289,0.45560703,0.43850756,1.0217115,0.508122,0.47549915,0.29425815,0.010481706,-0.29821554,0.07894685,0.110960014,0.34678677,-0.17568153,-0.32790485,0.037555296,8.148279,0.12109899,-0.04475537,0.08834467,-0.24197455,0.17591947,0.25833333,0.032460734
4602.9556,0.10630665,0.20002645,0.0011627681,0.052100748,0.061451986,0.646634,0.55093586,0.26198143,0.0020437895,0.8976676,0.4281642,476.59637,0.98891926,1.9612187,729.338,0.90751255,1.5939279,541.69183,2.564753,4.5367985,0.061123244,-0.35787258,-0.42237177,10.774936,0.32814547,0.35742265,1.3917048,0.5949221,0.31904933,0.10613448,0.40148702,0.25637692,50.966354,0.06684208,0.07646403,-0.17691766,-0.013216175,-0.19821429,224,1.0124615,0.51458764,0.9144695,0.46588472,0.39174318,1.018709,0.5242679,0.4198402,0.9129395,0.0067976797,0.13826971,0.0013355437,0.12074742,0.07802611,0.018837059,-0.3523851,-0.044824664,57.62021,0.15140724,0.12475861,0.001798186,-0.281827,-0.14315268,0.26666668,0.033507854
69.44229,0.09416033,0.20120564,0.10118991,0.049207725,0.108100906,1.823127,0.58536834,0.798124,0.15899177,1.019976,0.48439875,3.8604963,0.82666475,1.9597228,10.540224,0.7727318,1.6042335,11.058532,2.2298813,4.592352,0.22982989,-0.35963303,-0.44906828,6.9817348,0.30345476,0.7042293,1.6718326,0.64413446,0.27260908,0.17631868,0.4701092,-0.022072537,15.30172,0.06877551,0.0875181,5.1755805,-0.0016415225,-0.046486977,491,1.109047,0.52102,0.9391456,0.4802654,0.4060574,1.0205934,0.5451909,0.43746704,0.3839572,-0.038602278,0.19664721,0.058232833,0.14947468,-0.0048687207,-0.4333914,-0.39247972,-0.20099136,33.166283,0.16082484,0.20992404,0.05550349,-0.29127336,-0.3074184,0.275,0.034554973
102.832596,0.08229551,0.20421526,0.04302355,0.02484569,-0.12991647,0.5090826,0.54157704,0.59083265,0.12130328,1.1216483,0.35662717,5.972885,0.6712676,1.9751797,12.413956,0.64243203,1.6209329,8.573116,1.9023696,4.635542,0.30740872,-0.35766023,-0.41856754,5.58912,0.24046163,0.9693436,1.6749521,0.69464236,0.21260995,0.2508897,0.55754226,-0.30147946,20.731693,0.069705546,0.113006234,2.3298955,0.0019255935,-0.00051422766,444,1.1939973,0.4089134,0.9281296,0.49281052,0.4013559,1.0199132,0.56385064,0.43660542,0.41712183,-0.07540035,0.33115306,0.058364198,0.18069676,-0.09131697,-0.07607113,-0.39619333,-0.29540077,36.36193,0.16088405,0.3085231,0.08451192,-0.29356453,-0.43366733,0.28333333,0.035602093
497.32715,0.07074057,0.22416665,0.027024552,-0.004233249,-0.25862333,0.76440954,0.5215289,0.5728371,0.40914574,1.2064964,0.8379034,1.0840344,0.5230648,1.9646611,11.731373,0.52002025,1.6317706,12.545522,1.6036463,4.6895075,0.1775235,-0.36887142,-0.5003381,1.6976213,0.1734137,0.9349365,1.9546962,0.74366117,0.3222328,0.89099336,0.64356065,-0.06692785,41.438557,0.06859014,0.17692451,1.4612775,0.028405711,0.02250296,901,1.2807986,0.7185849,0.9742906,0.5063311,0.44394153,1.0242304,0.5830202,0.50985146,0.2660046,-0.0933417,0.31387535,0.037807006,0.20198879,-0.19945763,-0.41031584,-0.42433017,-0.34421647,35.356632,0.1541084,0.39914107,0.0353535,-0.31362852,-0.5726896,0.29166666,0.036649216
74.65502,0.059129264,0.020928068,0.07426396,-0.026094323,-0.043672062,1.0435653,0.497636,0.76617146,0.29966095,1.2053427,1.418125,1.4000125,0.38667867,-0.17045994,3.764082,0.4110005,-0.04458442,5.895269,1.3295838,0.066118084,0.23573515,-0.3701514,-0.3304462,1.5697752,0.13873564,0.25856173,1.9263114,0.7661572,0.71675706,0.9409981,0.6642115,0.59882814,16.88467,0.06306424,0.107362635,2.6026192,0.06686115,0.11581721,767,1.3017552,1.2175511,0.9602081,0.51104003,0.53027403,1.0225892,0.58833015,0.622688,0.18379395,-0.087045506,-0.13201365,0.11145589,0.22545105,0.09000593,-0.3845894,-0.4631405,-0.4281494,19.537209,0.14325161,0.27230486,0.07116369,-0.32545304,-0.3907093,0.3,0.037696335
57.886158,0.047358632,0.020409407,0.07683826,-0.03824256,-0.115277156,0.86603117,0.4660612,0.29999632,0.25218752,1.1796591,1.5998155,1.8389125,0.25080514,-0.17954318,3.7839322,0.30222192,-0.060194056,5.2268567,1.0538938,0.015796555,0.23882423,-0.37313357,-0.321695,1.833359,0.11460874,-0.11972949,1.8760154,0.7769984,0.8674381,0.7371721,0.6368541,1.0460767,10.321695,0.05557422,0.09719823,2.713618,0.12781942,0.033164527,833,1.3071101,1.5318171,0.9601554,0.51204133,0.56993043,1.0225455,0.5881431,0.6794507,0.22492653,-0.076214425,-0.22926451,0.12255789,0.24575236,0.2590915,-0.24814166,-0.518009,-0.38960817,8.825623,0.12821831,0.19123778,0.0887246,-0.32450563,-0.30355376,0.30833334,0.038743455
55.482304,0.035550684,0.018284237,0.06454528,-0.045879655,-0.05199332,0.8573266,0.43344477,0.46961644,0.33232397,1.128278,2.0112123,1.1934751,0.11612025,-0.20101772,2.9256892,0.19461566,-0.082115605,5.2681346,0.77840567,-0.012722139,0.2516098,-0.37864807,-0.3759856,1.5669544,0.09516065,-0.4152693,1.9032118,0.77746326,1.0358872,0.86493695,0.58721733,1.5357442,10.108958,0.04818642,0.07551687,1.0328696,0.17708614,-0.0103790555,891,1.2695601,1.9425683,0.9604365,0.50709766,0.63091034,1.0225892,0.5796097,0.7572672,0.1450106,-0.054709103,-0.3956667,0.13556477,0.25100496,0.46202177,0.24003923,-0.5565312,-0.32384136,7.9219995,0.11296496,0.09651799,0.07528669,-0.3171069,-0.32775617,0.31666666,0.039790574
79.02854,0.023689864,-0.0004897835,0.060182393,-0.036231562,0.045506053,0.6619489,0.40866846,0.4197107,0.15230872,1.0385828,1.510494,4.0742316,-0.017605606,-0.18758236,8.995786,0.088009335,-0.088435866,6.825359,0.502272,-0.06208143,0.2880907,-0.38326973,-0.2684072,4.325948,0.09464667,-0.22214565,1.7559347,0.76434857,0.889207,0.28830197,0.4885998,1.0551324,13.112256,0.04087668,0.017701931,6.303436,0.26615098,0.15218125,516,1.1873202,1.5887893,0.9422868,0.4977044,0.5705026,1.0208883,0.5648108,0.6600841,0.33245024,-0.023855109,-0.35503367,0.0689813,0.23935905,0.5439668,-1.3123885,-0.64088345,-0.51151776,20.258738,0.09996394,0.04623414,0.09091698,-0.2957877,-0.18198547,0.325,0.040837698
44.801456,0.012237223,-0.0018296672,0.093588516,-0.031598933,0.10232919,0.9111719,0.38400388,0.3552255,0.13953869,0.9385583,1.1983265,4.577851,-0.14851794,-0.1733039,8.258346,-0.015343837,-0.07805239,6.2191935,0.23302649,-0.059286285,0.25355646,-0.39696687,-0.25106764,2.2961867,0.09811576,-0.16877055,1.7524959,0.7457076,0.7609362,0.5142797,0.4013242,0.7148488,9.278491,0.034132283,0.002177464,2.611306,0.3326003,0.15247288,462,1.1013783,1.3085228,0.9272909,0.48960146,0.50837076,1.0196612,0.5516995,0.5749378,0.38523087,0.021868668,-0.23185042,0.07735053,0.22247998,0.45431712,0.15915515,-0.6928929,-0.3983916,7.734941,0.08823042,0.0069264383,0.10271225,-0.28348908,-0.09921786,0.33333334,0.041884817
40.095627,0.014179298,-0.0026281395,0.0731214,-0.043136824,0.09139988,0.6276633,0.35022923,0.23912308,0.12431637,0.8268112,0.94903433,4.262054,-0.12810194,-0.16241641,4.9186125,0.008997323,-0.07543084,4.548095,0.2900954,-0.06514332,0.26716018,-0.42390224,-0.22349764,2.8958204,0.14769563,-0.09070326,1.7082167,0.7088963,0.6371056,0.39675477,0.2966054,0.44338548,9.678569,0.032846246,0.000864821,3.9846811,0.38741007,0.19514485,444,1.0082967,0.9510682,0.92926437,0.48107195,0.45006332,1.0197947,0.53815454,0.4949464,0.2626829,0.08425794,-0.20876153,0.10772207,0.19913004,0.4153195,0.76125497,-0.7459742,-0.18838647,9.313421,0.087538905,0.008551062,0.1164978,-0.28798658,-0.026354887,0.34166667,0.042931937
215.286,0.016176637,0.004544148,0.016062712,-0.03871727,-0.051161263,0.946623,0.3749713,0.2826169,0.035346005,0.73246163,0.3700588,24.456203,-0.10862032,-0.05789385,51.23626,0.03391341,0.036185183,50.943356,0.35060662,0.3289882,0.07371987,-0.45199764,-0.3965789,6.383731,0.21424656,0.26322278,1.6546133,0.6760365,0.45364705,0.1875061,0.19564176,-0.096826866,13.53444,0.032029796,0.007856346,6.155279,0.43802673,0.3671137,473,0.93518,0.5669653,0.9302419,0.47533268,0.39307037,1.0198984,0.5281457,0.41669902,0.7907092,0.1448351,0.18609779,0.016871432,0.17525265,0.10332088,-1.1956819,-0.8288421,-0.4870885,26.521162,0.09159196,0.07049596,0.016968437,-0.306167,-0.17935275,0.35,0.043979056
928.3722,0.01730574,0.042664275,0.00932781,-0.0073933774,-0.20069723,0.58692616,0.3866326,0.24607539,0.02720028,0.6720368,0.12615275,34.49471,-0.10233744,0.07878944,90.62142,0.043444257,0.22477183,59.037727,0.3559902,0.7795288,0.1687295,-0.45644635,-0.5127136,6.421061,0.25147018,0.41716704,1.6432047,0.6527134,0.3704555,0.20062485,0.122373946,-0.16674437,41.108192,0.031544622,0.064996995,0.8603029,0.46329555,0.18437757,257,0.8666248,0.32896852,0.9374214,0.4693859,0.38388684,1.0205196,0.51830685,0.40597636,0.76953626,0.16062774,0.45338577,0.010353686,0.17513193,-0.050788302,-0.19790661,-0.86688024,-0.25522035,43.99479,0.093399465,0.14954938,0.015892647,-0.29072857,-0.37617898,0.35833332,0.04502618
62.48459,0.014542912,0.04345793,0.072327,0.04421212,-0.2632159,0.84735566,0.41249934,0.21499225,0.21338537,0.6832772,0.27012107,2.2743342,-0.11705234,0.06843943,4.776386,0.023703866,0.21672715,5.6857033,0.29954767,0.7749253,0.21949711,-0.45776987,-0.54585224,3.0505793,0.2358955,0.47259814,1.8298829,0.6544648,0.42756486,0.4305129,0.11668477,-0.23354359,11.294583,0.026694497,0.069111906,12.650852,0.49134386,0.52142394,646,0.8659637,0.49804732,0.9511619,0.46852058,0.4289438,1.0216821,0.51613176,0.46474722,0.26581255,0.13092978,0.38035876,0.10160604,0.19529031,0.012970009,-2.0989606,-0.8963116,-0.7250217,14.032052,0.0847257,0.17052203,0.08535613,-0.2531135,-0.42171273,0.36666667,0.0460733
59.93452,0.011744883,0.044348333,0.09091431,0.09868233,-0.21089652,0.97866356,0.44032913,0.38595483,0.1803116,0.7028725,0.379287,3.1750548,-0.13196312,0.063555405,8.0682125,0.003596403,0.22400394,6.1627717,0.24223009,0.78885835,0.18188976,-0.45639244,-0.6288177,2.2287202,0.20549616,0.42358112,1.819229,0.65912503,0.5094887,0.5670044,0.15322737,-0.09777926,11.510075,0.022287423,0.07285008,0.45042565,0.46004373,0.40277234,533,0.86867416,0.57983,0.94063103,0.4671623,0.45039862,1.020741,0.5134678,0.4922659,0.39060947,0.0961536,0.45858872,0.07095738,0.22219178,-0.08367005,0.11788904,-0.85148054,-0.8588741,9.090979,0.07566225,0.1697812,0.09289639,-0.21168491,-0.48363099,0.375,0.04712042
57.242752,0.008854458,0.03725506,0.09157619,0.15516192,0.011147992,1.0134338,0.4612742,0.41849655,0.188686,0.74133724,0.6782321,2.832027,-0.14782007,-0.033604924,6.2781477,-0.018052174,0.1201334,5.913572,0.18242884,0.40029633,0.24073006,-0.44577673,-0.46632206,4.4868383,0.17074998,0.28420165,1.7909945,0.66539884,0.6101342,0.2891339,0.20575719,-0.016736902,12.548697,0.017229576,0.07083814,15.812938,0.43682575,0.726998,540,0.8983572,0.64139676,0.95423746,0.46861088,0.4956907,1.0219606,0.51481974,0.5522351,0.29363373,0.041493796,0.15461583,0.08511488,0.2646494,0.09571545,-2.5089855,-0.8140489,-1.1321071,18.966127,0.06594233,0.14461899,0.09036227,-0.163965,-0.29108235,0.38333333,0.048167538
243.81595,0.0059112464,0.0065308977,0.024483606,0.2067192,0.055713035,0.5258688,0.47276962,0.38875717,0.064391084,0.79675615,0.75073767,13.459534,-0.16413733,-0.1281188,29.211117,-0.040580235,-0.021748047,18.614773,0.12165608,0.05148658,0.1766725,-0.43130755,-0.4585938,7.187356,0.10611239,0.34050727,1.6002452,0.675892,0.5784313,0.17412682,0.30758595,-0.037867565,20.264336,0.011367741,0.028295126,3.4734564,0.33335075,0.8147265,412,0.9484679,0.78382725,0.9432888,0.4678361,0.50676554,1.0209473,0.5133721,0.56467134,0.6900014,-0.022691472,0.10597851,0.029669318,0.3209116,0.14648874,-0.6062368,-0.68311054,-1.2170602,37.928776,0.051078208,0.124416,0.046558395,-0.11617127,-0.21063079,0.39166668,0.04921466
33.45723,0.010720951,0.0052280957,0.105134696,0.2618752,0.15218282,0.9044463,0.48003852,0.41656443,0.18857405,0.8565751,0.7023666,2.4405475,-0.15465994,-0.12737198,3.9309053,-0.043225255,-0.023701433,3.9591856,0.06599212,0.036588456,0.24477588,-0.3995217,-0.43399835,1.9367265,0.018692898,0.25866386,1.7664955,0.6850453,0.5316532,0.6234696,0.41666615,0.116004325,7.77207,0.011225397,0.021105558,1.0980488,0.22758575,0.42687723,592,0.9928933,0.7342063,0.93665946,0.46346003,0.47939193,1.0203867,0.50784326,0.52699894,0.21544804,-0.10456551,0.07517947,0.11707835,0.3799964,0.18715942,0.23840295,-0.554406,-0.73077136,6.282862,0.03955367,0.09860716,0.11624206,-0.0638597,-0.1296016,0.4,0.05026178
29.50899,0.02731919,0.0038625412,0.1248667,0.29514647,0.25201854,1.1746082,0.46676788,0.5120038,0.22092335,0.8859007,0.78154147,1.7623692,-0.105478056,-0.13371935,2.5240843,0.0028306595,-0.036510505,3.6625614,0.03178102,0.015014143,0.28685883,-0.3633767,-0.33186677,1.7982043,-0.044909902,0.22703049,1.8200166,0.66719645,0.53223443,0.68154943,0.4933236,0.20734745,7.512247,0.026734728,0.012945856,1.2441796,0.12163468,0.45352504,699,0.9942154,0.8867448,0.9419671,0.44498727,0.48191386,1.0208442,0.48821953,0.52999973,0.10248969,-0.15945268,-0.1010123,0.15425336,0.41172487,0.40611216,0.2586885,-0.43673572,-0.701478,6.271545,0.04601141,0.08921698,0.10630497,-0.031641036,-0.0944242,0.40833333,0.0513089
33.017246,0.05333903,0.0027752554,0.12366842,0.2943917,0.34638453,0.9946661,0.40783197,0.5028625,0.20538731,0.8740923,0.81410164,1.9568148,-0.013496287,-0.1376518,3.70075,0.08987856,-0.042465284,3.2325246,0.02834714,-0.008120616,0.19944793,-0.33376846,-0.37203297,2.0143294,-0.08133705,0.045356043,1.816291,0.6169485,0.5509025,0.5987966,0.52408767,0.45428577,8.775846,0.054171484,0.0052453373,0.6131796,0.018668432,-0.056759268,571,0.939411,0.9152309,0.9306747,0.41742674,0.43743858,1.0199724,0.45854038,0.4721845,0.202457,-0.17742173,-0.15676895,0.10860094,0.40837863,0.46784785,0.23906453,-0.32147202,-0.12974578,6.8308034,0.06875611,0.04880003,0.124331586,-0.014482821,-0.005305753,0.41666666,0.05235602
38.309837,0.08062499,-0.0064482423,0.09307289,0.2531573,0.5480687,0.83242846,0.33353746,0.6521793,0.18604398,0.81678075,1.051271,2.7063565,0.09286687,-0.18596728,5.2110963,0.19044578,-0.09791458,4.5032325,0.061745737,-0.12988912,0.20743714,-0.30574048,-0.34209996,1.8476549,-0.06926683,-0.34699333,1.8102752,0.5416431,0.7058985,0.66847515,0.5063924,0.8485003,8.645476,0.084775195,-0.018469147,1.2864972,-0.060592715,-0.13017957,640,0.85327077,1.1247416,0.94168127,0.38829347,0.43440425,1.0208147,0.4269865,0.46832827,0.29606423,-0.15545718,-0.39767048,0.09662101,0.37360978,0.6438378,0.50490725,-0.26104325,0.10142791,6.6592603,0.101717256,-0.055343743,0.11180887,-0.03239948,0.1658788,0.425,0.053403143
38.36461,0.113128014,-0.00622799,0.084718354,0.17891406,0.48803523,0.7095985,0.24000408,0.5572743,0.19015703,0.717403,1.054357,2.5404155,0.21944818,-0.18551856,3.7283177,0.31693903,-0.09838263,4.046246,0.15016219,-0.12913787,0.24431218,-0.28225723,-0.3425511,1.9210285,-0.018045962,-0.3481468,1.7889721,0.44729084,0.72248566,0.64383084,0.44124,0.8647372,8.965984,0.124214254,-0.016032329,0.76641417,-0.14203508,-0.14131317,576,0.714706,1.110039,0.93812567,0.35774317,0.43717173,1.0205196,0.3937099,0.47219396,0.23876567,-0.09040343,-0.3834112,0.12956992,0.30875292,0.6766733,0.41806972,-0.22989583,0.13880762,6.8176036,0.14974304,-0.053562775,0.11938915,-0.08578327,0.17413518,0.43333334,0.054450262
30.619644,0.14591713,-0.0061781416,0.11504067,0.0928151,0.45914215,0.8862949,0.14216371,0.41684476,0.2508255,0.60354227,1.112653,1.5732958,0.34926978,-0.1863681,3.7021668,0.44653043,-0.095660806,3.0402472,0.24243073,-0.13450782,0.26537204,-0.25972575,-0.36345708,1.8586816,0.06190006,-0.34370306,1.7932388,0.34212968,0.7027244,0.6708388,0.3367767,0.8561961,7.9078307,0.16475326,-0.015224929,1.1740546,-0.17108144,-0.1436674,641,0.5580273,1.0567424,0.943825,0.32506126,0.44067857,1.0210357,0.35827866,0.47776222,0.12925065,-0.012531252,-0.3670463,0.10659235,0.22239386,0.55139107,0.062311336,-0.2485006,0.097951315,6.476938,0.20300995,-0.05287871,0.12979954,-0.1522727,0.23577313,0.44166666,0.05549738
41.084698,0.17971453,-0.0058160597,0.093987316,-0.017252512,0.371866,0.8881653,0.027970884,0.3649711,0.17298472,0.4509338,1.0494822,3.041307,0.48921457,-0.18149532,4.6940484,0.58355755,-0.0933659,4.9715586,0.3436068,-0.119501695,0.2884215,-0.24171828,-0.2768886,2.1433747,0.15807359,-0.3342211,1.759307,0.22544442,0.66067195,0.5582569,0.2016513,0.823868,9.069918,0.20683901,-0.014624717,0.93338954,-0.19388938,-0.13291734,498,0.37113675,0.9896623,0.93004286,0.28854504,0.4394861,1.0198687,0.3180035,0.47474638,0.2376781,0.10077824,-0.34550777,0.11207802,0.114619136,0.56053096,0.069909446,-0.2797051,0.06275857,7.4463544,0.2600623,-0.050828606,0.10582187,-0.23873107,0.18721291,0.45,0.0565445
3040.3154,0.21500953,0.12891954,0.006784449,-0.14277084,0.11813808,0.26393926,-0.096743904,0.0880756,0.0096767405,0.281044,0.70564425,102.93842,0.63977057,0.2688608,161.03055,0.7303839,0.266637,38.75217,0.45631808,0.17603244,0.32845846,-0.22755441,-0.1591387,6.0372777,0.28618166,-0.026376927,1.4189837,0.0990323,0.37191013,0.18423286,0.031493686,0.43771243,69.52015,0.25162238,0.10962255,-0.20280123,-0.17528035,-0.18291588,222,0.17089215,0.6055594,0.9151421,0.2534053,0.389393,1.018873,0.27982533,0.41828212,0.66765,0.2379972,-0.11827469,0.006185835,-0.014964453,0.32281205,-0.027364617,-0.3625589,-0.04798067,70.24714,0.3265006,0.16095215,0.025704583,-0.34032714,-0.03868159,0.45833334,0.057591625
4023.708,0.23887722,0.30778918,0.0072206752,-0.26407358,-0.1097409,0.28612968,-0.20909409,-0.118184425,0.007504935,0.119437516,0.34955353,123.587425,0.7460483,0.8127412,272.96332,0.8478371,0.88867354,36.754143,0.554365,0.45826894,0.30225185,-0.22917862,-0.10276522,5.7709613,0.4205168,0.25650758,1.2651392,-0.013318678,-0.014663395,0.17697187,-0.13817635,0.06541912,121.48465,0.291404,0.33927697,-0.48397815,-0.14601037,-0.22489388,70,-0.019898852,0.1405927,0.8319308,0.22028473,0.18894826,1.013745,0.24398631,0.22127767,0.6252637,0.3786623,0.11807761,0.0033979495,-0.14012638,-0.008845004,-0.31106934,-0.4620845,-0.19967817,83.70593,0.38374195,0.41703033,0.025235673,-0.43757486,-0.2856931,0.46666667,0.058638744
3217.067,0.24038625,0.4508029,0.0064250915,-0.36450103,-0.42912087,0.36181292,-0.2943993,-0.37364522,0.007130778,-0.015986914,-0.12554325,132.15826,0.7858031,1.399477,230.21881,0.88397133,1.4120141,53.0684,0.6291941,0.88996196,0.20720261,-0.2393899,-0.15936221,5.485737,0.53961915,0.52301556,1.3134578,-0.084982134,-0.36872792,0.17978474,-0.2809915,-0.32616836,93.14903,0.30413213,0.51325715,-0.39325428,-0.10501918,-0.2775114,105,-0.1713549,-0.3519412,0.88111395,0.20737405,0.07057997,1.0166378,0.22731152,0.093389414,0.73518866,0.5031358,0.48862243,0.0040934593,-0.24371184,-0.27827474,-0.38100395,-0.5634506,-0.29191,74.668655,0.41387987,0.6441443,0.01775805,-0.51660764,-0.57963383,0.475,0.059685864
280.53152,0.22332795,0.4615497,0.028808592,-0.43472368,-0.6207764,0.5853883,-0.346506,-0.5211196,0.03205909,-0.11636058,-0.4002858,24.11227,0.74520963,1.4941517,32.04963,0.84176344,1.475216,15.707653,0.64767724,0.9826037,0.3011564,-0.24730112,-0.14697157,6.184449,0.633531,0.81994474,1.4997293,-0.11677017,-0.56028885,0.17955126,-0.39169613,-0.62816447,27.330618,0.2947935,0.5505279,3.8314836,-0.056014936,-0.18021694,195,-0.27653456,-0.63036984,0.9183782,0.20422983,0.048562657,1.0190667,0.2206427,0.07006372,0.471861,0.59154487,0.6318306,0.024119386,-0.31383505,-0.50948375,-1.4506301,-0.6458449,-0.6082585,31.952541,0.41506585,0.72576267,0.049212787,-0.5680681,-0.7281477,0.48333332,0.060732983
919.1665,0.20487143,0.3663486,0.011718813,-0.47865552,-0.6062671,0.5050694,-0.38558003,-0.4036717,0.027453719,-0.18510853,-0.36562857,33.696312,0.6918104,1.1830376,65.32436,0.79021865,1.2540979,39.87043,0.6522552,0.9922532,0.17706764,-0.2594321,-0.29427004,4.1679826,0.70566994,0.6825931,1.6138238,-0.1298515,-0.41650257,0.32296598,-0.4788924,-0.5175327,41.22375,0.2808219,0.49277392,0.90660274,0.051633537,-0.14297217,230,-0.35156843,-0.6230186,0.93447167,0.1995583,0.08504755,1.0202093,0.21235742,0.10892345,0.74802136,0.6591643,0.6809795,0.0141614685,-0.35905617,-0.48851892,-0.4607032,-0.5912918,-0.6984146,35.401314,0.40842932,0.6097079,0.023202382,-0.5922521,-0.7347122,0.49166667,0.061780106
111.36345,0.18887395,0.19075526,0.03781128,-0.5076036,-0.5163166,0.44359517,-0.42062566,-0.3269746,0.057639223,-0.23567496,-0.2678889,12.867651,0.66718805,0.6855588,20.070297,0.76469374,0.66981775,8.701274,0.6428336,0.75018495,0.25466055,-0.2677458,-0.34057486,5.8494644,0.78973573,0.68836135,1.5417664,-0.14934932,-0.21235971,0.1834058,-0.5577588,-0.512402,14.734572,0.27044284,0.2748934,8.245338,0.1564076,0.1500873,232,-0.40921563,-0.47415575,0.9078363,0.1841933,0.22832052,1.0182309,0.1944162,0.23937142,0.48702085,0.7048583,0.59644085,0.03695418,-0.39148474,-0.40031266,0.10026748,-0.5169415,-0.61283594,22.59211,0.40374246,0.40616703,0.085238256,-0.60043687,-0.5772955,0.5,0.06282722
343.55814,0.17360605,0.061786838,0.01928385,-0.5312967,-0.47850594,0.30701166,-0.4416525,-0.35366678,0.028947122,-0.272765,-0.2253567,31.404587,0.64624166,0.23285902,41.072968,0.7422851,0.23281802,14.473036,0.6448991,0.41714546,0.2800916,-0.27935627,-0.26965618,4.3460183,0.8588209,0.60461736,1.5473026,-0.1577619,-0.03978903,0.24916077,-0.61120015,-0.4570786,15.691857,0.2604839,0.1168007,4.203131,0.23050344,0.30439657,292,-0.4429974,-0.30232024,0.9159844,0.17220587,0.29413906,1.0187985,0.18068199,0.30220234,0.6289808,0.74952185,0.53149235,0.022133108,-0.4109174,-0.3528934,-0.711187,-0.42459482,-0.6815306,20.46695,0.39958948,0.22564712,0.06281146,-0.6128888,-0.45909792,0.5083333,0.06387435
533.2841,0.156786,0.073130846,0.019119069,-0.5328733,-0.5069976,0.44959208,-0.42725238,-0.4198094,0.026877033,-0.2780895,-0.23545942,36.198936,0.61141586,0.28716603,58.11307,0.70996183,0.2930346,22.878576,0.6430116,0.47902337,0.27769238,-0.30184507,-0.29248595,5.4230137,0.9208859,0.5486688,1.5419759,-0.15233196,-0.0086123,0.22696866,-0.6428544,-0.41926596,25.4496,0.24961995,0.11296148,1.3598113,0.31075624,0.2214179,254,-0.45654976,-0.24810475,0.9169895,0.16231398,0.2915179,1.018873,0.16979848,0.2965708,0.69522756,0.77510864,0.6680861,0.016741844,-0.41259775,-0.3722861,-0.29412207,-0.2952315,-0.44091892,37.09573,0.39248466,0.24277662,0.04252537,-0.6161517,-0.47664237,0.51666665,0.06492147
1957.8435,0.13712317,0.11974861,0.010170274,-0.50857246,-0.511551,0.37018123,-0.38619962,-0.48550972,0.017468913,-0.2544863,-0.25492537,54.931,0.55632013,0.38257635,127.97811,0.6591763,0.43778887,34.927303,0.6204127,0.43636912,0.24027357,-0.3239007,-0.2309886,5.983676,0.94865054,0.6820819,1.506089,-0.13254984,-0.08811742,0.20269555,-0.6449338,-0.51517475,81.955696,0.23470436,0.19609676,0.060774036,0.3877853,0.19302185,175,-0.45185602,-0.2986446,0.9033383,0.15103596,0.2327531,1.0180213,0.15763964,0.23294464,0.71931124,0.7638826,0.6505292,0.0074980385,-0.3859178,-0.38980168,-0.3984365,-0.14839374,-0.4279643,62.225304,0.37227094,0.3321145,0.027473772,-0.59782124,-0.4654364,0.525,0.06596859
424.35098,0.115064844,0.13379607,0.013717878,-0.47438985,-0.58239675,0.47311088,-0.34033787,-0.47113344,0.024007142,-0.22343525,-0.32049304,38.177834,0.50159514,0.49629837,85.54961,0.59339386,0.5890713,31.610235,0.5827402,0.6340506,0.22920914,-0.3266193,-0.25575203,6.9229784,0.9579545,0.7609613,1.5403326,-0.114536874,-0.08917557,0.19073533,-0.6368144,-0.50932986,36.044445,0.20846827,0.23959093,2.265666,0.4672931,-0.007726936,143,-0.43539482,-0.3804273,0.8907794,0.13963768,0.20055789,1.0171202,0.14529991,0.20064852,0.6873315,0.72662103,0.77302366,0.010713558,-0.34989524,-0.45877808,-0.96541005,0.014830054,-0.6496787,42.246056,0.3418403,0.39757237,0.02899506,-0.5655742,-0.6129903,0.53333336,0.06701571
101.98162,0.10249961,0.12295366,0.039057985,-0.42909756,-0.52425164,0.53754395,-0.29788232,-0.35884747,0.057833266,-0.18240035,-0.26417786,13.069233,0.46372703,0.4139152,18.176819,0.5470663,0.5361724,10.402362,0.53154135,0.59892476,0.16250591,-0.30853334,-0.37015918,4.737657,0.9334879,0.78973806,1.567949,-0.11084461,-0.0739391,0.22835676,-0.6114252,-0.52591985,16.342472,0.19003612,0.24091886,0.93059486,0.53906196,-0.117592104,211,-0.40643904,-0.45485872,0.89930964,0.119552776,0.16908403,1.0176615,0.12508823,0.1675853,0.5933305,0.6600318,0.75122267,0.041582435,-0.30269983,-0.40765336,0.060298316,0.21880305,-0.48917106,16.074724,0.31281546,0.38294396,0.07266007,-0.5135502,-0.5871525,0.5416667,0.06806283
53.42383,0.098995164,0.10141664,0.06544647,-0.38561192,-0.3880277,0.5641755,-0.2619694,-0.30303705,0.0973804,-0.144291,-0.1267275,6.505316,0.4622349,0.28049776,7.990202,0.5366575,0.42036924,5.4609466,0.5031211,0.44862798,0.33872652,-0.27292106,-0.31077486,6.5207577,0.8987815,0.8703978,1.5401978,-0.12151765,-0.07525123,0.16321203,-0.5742116,-0.57676214,11.780049,0.18120739,0.21301885,28.722223,0.60835123,0.8010152,275,-0.37821043,-0.4355617,0.89371973,0.09311884,0.1251619,1.0173159,0.0989605,0.12230563,0.29476374,0.58242816,0.50633,0.07928339,-0.25581643,-0.24325597,4.662803,0.4207343,0.5421181,22.762737,0.2952804,0.33520764,0.116003744,-0.4628167,-0.39438206,0.55,0.06910995
2634.7356,0.09619078,0.13179682,0.0053083976,-0.35017502,-0.40232384,0.29766095,-0.22728902,-0.33835968,0.0060621127,-0.11675062,-0.14896572,154.03958,0.46681753,0.72580594,271.48798,0.53074265,0.75193226,52.361824,0.48085538,0.5990705,0.20471969,-0.23423865,-0.34536767,8.588423,0.8387234,1.0617888,1.2949095,-0.13577528,-0.2310956,0.120220445,-0.5205029,-0.64253134,100.24838,0.17430736,0.25035483,-0.5355519,0.5358324,0.7809954,83,-0.35090736,-0.5201011,0.8407101,0.06505721,0.006949957,1.0145569,0.0717796,0.021559728,0.7290856,0.50962484,0.5123072,0.0034395827,-0.22037001,-0.25392407,-0.2982849,0.4386047,0.5629546,72.695,0.27656353,0.37007716,0.017833704,-0.42374453,-0.41967276,0.55833334,0.070157066
432.01944,0.080750376,0.132141,0.017188232,-0.2967375,-0.3921194,0.59501725,-0.17357486,-0.27898243,0.02681515,-0.074907735,-0.14349134,34.60892,0.38506413,0.7097703,53.904034,0.4409305,0.6788188,32.126736,0.42154083,0.60352737,0.2148989,-0.1860801,-0.35929108,7.1400733,0.71788865,1.0777404,1.5061299,-0.11960356,-0.25633615,0.1587358,-0.43584847,-0.6680491,23.595789,0.14711551,0.2249467,4.386883,0.47367328,0.8522087,249,-0.2978217,-0.42269698,0.9048847,0.051411405,0.033573948,1.018141,0.057133324,0.051244933,0.7131445,0.4134172,0.52809244,0.017216584,-0.16816105,-0.23683015,0.8078828,0.46100876,0.93188846,40.708397,0.23474056,0.36495596,0.028886948,-0.36105117,-0.4199564,0.56666666,0.071204185
129.62093,0.06335342,0.1333815,0.0341459,-0.23041369,-0.40656322,0.78261226,-0.1282545,-0.15961637,0.04677345,-0.023869662,-0.16505308,18.13988,0.28891203,0.7325534,22.792843,0.33770502,0.68948364,19.446518,0.33201957,0.6815694,0.12946619,-0.1148318,-0.39143768,5.597226,0.5641424,1.1408997,1.5655605,-0.10157528,-0.25809878,0.20088935,-0.336345,-0.6899528,16.813667,0.117145754,0.22590843,9.507563,0.41329792,1.1401535,249,-0.2421578,-0.38777855,0.905105,0.032847054,0.044512745,1.0180513,0.037347388,0.06258041,0.71899843,0.28441855,0.60494125,0.037225045,-0.104599796,-0.24828403,0.624486,0.45694515,1.0492678,21.509377,0.18173301,0.3830562,0.04363067,-0.26945704,-0.496115,0.575,0.07225131
60.512264,0.04642917,0.13369964,0.073681496,-0.15713821,-0.38234842,0.80463344,-0.095599644,-0.04249589,0.099059284,0.027234271,-0.16178001,6.4173093,0.19438565,0.73215795,7.9023433,0.23535165,0.6892806,6.9420505,0.23171134,0.6943498,0.27354753,-0.011277381,-0.4548548,2.6629725,0.38424575,0.8574382,1.5985659,-0.08662726,-0.21502477,0.40255758,-0.21984795,-0.4990884,12.003389,0.08623974,0.22636427,0.5948672,0.3156274,0.19586559,286,-0.17948633,-0.3776706,0.8927169,0.009044806,0.04261987,1.0172106,0.012743723,0.05951809,0.36214653,0.12595007,0.6461474,0.08044374,-0.03812393,-0.24523391,0.33752376,0.4263927,0.14939272,9.24588,0.12559812,0.33803803,0.09157151,-0.1642861,-0.56021297,0.5833333,0.07329843
62.221497,0.030906208,0.01824041,0.06298123,-0.09586483,-0.21276364,0.6196164,-0.08065684,0.114319794,0.08146293,0.06677822,-0.014781802,8.074934,0.10984808,0.076319225,10.748187,0.14224327,0.08687134,6.471586,0.14055371,0.29836294,0.4460015,0.1035308,-0.22009522,2.6794765,0.2182772,0.423262,1.5594285,-0.07822882,-0.019817472,0.39595503,-0.11139979,-0.27920586,11.056054,0.057055168,0.044319704,1.2404113,0.2197764,0.255488,306,-0.11793872,-0.17275442,0.8905609,-0.014314764,0.13671426,1.0170751,-0.011106758,0.13274844,0.21180627,-0.024451021,0.32981935,0.061201744,0.014607434,-0.09339965,0.16415234,0.38167554,0.24560286,9.389385,0.07564679,0.12719734,0.10164552,-0.065406635,-0.34033275,0.59166664,0.07434555
47.405426,0.021008693,0.0009782164,0.07578194,-0.044626657,-0.040471055,0.5586691,-0.07438397,0.096615605,0.11584823,0.09594161,0.15879329,5.109366,0.04095837,-0.05622623,7.336172,0.06997988,-0.02071835,4.363604,0.06660119,0.058794834,0.47238475,0.20534128,0.03043035,2.1285975,0.06926939,0.055029877,1.5422056,-0.07552129,0.006805281,0.5004819,-0.01241816,-0.006682887,8.052348,0.037435718,0.012595019,2.155297,0.1200008,0.18056948,405,-0.06366311,-0.029405007,0.87931937,-0.040673364,0.08845927,1.0163809,-0.037351463,0.08156348,0.11952627,-0.15158246,-0.033191625,0.0806839,0.058004156,0.073431246,0.7020996,0.32534227,0.22359465,6.952309,0.037614044,0.014771984,0.13564728,0.02031905,-0.060247164,0.6,0.07539267
62.563614,0.012332,-0.0020314406,0.06265482,-0.009693468,0.043358356,0.51845986,-0.07294411,-0.032045804,0.086459205,0.106233716,0.23616295,6.9294715,-0.0155475605,-0.10659609,7.7483582,0.011950522,-0.0554769,4.957606,0.010378553,-0.066230014,0.3842006,0.28227928,0.27827886,2.186529,-0.051434543,-0.1955806,1.5482683,-0.07343826,-0.005955876,0.47958547,0.06439478,0.21556133,10.231092,0.022114389,-0.0008402383,1.3381011,0.018462729,-0.09369463,306,-0.03146795,0.022972662,0.86611676,-0.06987637,0.014868254,1.0155928,-0.06593473,0.010073745,0.21491602,-0.24165979,-0.34144944,0.077321745,0.08808063,0.17882988,0.38526306,0.23438393,0.17382428,7.8781543,0.008158206,-0.030627087,0.12084798,0.08109908,0.14233235,0.60833335,0.07643979
63.950348,0.0038044176,-0.001877133,0.061827157,0.022397164,0.00850111,0.50626165,-0.06808643,-0.17737453,0.08294776,0.11112779,0.20475261,7.760594,-0.069530055,-0.10056054,9.155339,-0.0439626,-0.052582,5.271029,-0.04227082,-0.080649264,0.42296046,0.3449937,0.42365292,2.3930995,-0.15681115,-0.21541026,1.5122521,-0.07139357,-0.06965299,0.42957965,0.12335356,0.23710987,10.427601,0.007760398,-0.0040564756,1.2066821,-0.0855687,-0.07315486,341,-0.0041648764,0.07351252,0.85588694,-0.09682403,-0.054648973,1.0150146,-0.092133455,-0.053782858,0.22076342,-0.31241038,-0.42790842,0.070311315,0.11042792,0.15219568,0.28862727,0.13704272,0.16365136,8.389226,-0.019141259,-0.033480193,0.1221249,0.13242085,0.22248913,0.6166667,0.07748691
61.03146,-0.004717797,-0.0019305442,0.08893099,0.060039576,0.08480538,0.6570076,-0.057160363,-0.15916233,0.09259801,0.116479225,0.2264611,6.3057313,-0.1236877,-0.1085098,6.7332683,-0.10027571,-0.061858006,4.313744,-0.095299765,-0.099269286,0.3764048,0.40275452,0.35593754,2.307165,-0.24015786,-0.2427669,1.5567603,-0.06632088,-0.07162193,0.44784826,0.1680692,0.27849177,9.895742,-0.006293008,-0.006424712,1.8507857,-0.11682586,-0.052663445,326,0.018708888,0.09189065,0.86362886,-0.121038884,-0.105483726,1.0154561,-0.11556646,-0.10086303,0.20749336,-0.38171586,-0.43054587,0.08671839,0.13530068,0.219269,0.12245474,0.112928145,0.15497616,8.638992,-0.04300011,-0.03597939,0.13535763,0.1853633,0.31093282,0.625,0.07853403
88.52991,-0.005593687,-8.480071e-05,0.06101824,0.07827428,0.04139326,0.49650356,-0.05930282,-0.18944146,0.06537852,0.106245525,0.12806751,11.64149,-0.12864643,-0.079160094,12.448526,-0.10813455,-0.0500465,6.193075,-0.11801721,-0.08348278,0.5260891,0.46131736,0.4081902,2.6355538,-0.287351,-0.20551686,1.5059272,-0.07746374,-0.09839423,0.38856158,0.19153409,0.18924172,12.0075445,-0.007809812,0.0016479769,1.1876373,-0.15847705,-0.085149586,305,0.023799293,0.0,0.8621228,-0.15073685,-0.13794264,1.0153649,-0.14299631,-0.13041025,0.23501429,-0.43000638,-0.35992232,0.061140038,0.1387729,0.1678958,0.007396536,0.08369364,0.010443083,9.766122,-0.052106902,-0.026607929,0.122895874,0.21283075,0.27747953,0.6333333,0.07958115
76.14172,-0.0054839547,0.0005246101,0.083777815,0.08995494,0.10350461,0.88108146,-0.059180047,-0.012818402,0.065096736,0.09134577,0.08642015,9.923203,-0.12705633,-0.06570885,9.408008,-0.10902781,-0.046212073,6.7935715,-0.12620665,-0.06764023,0.46987718,0.4969414,0.49155077,2.243813,-0.31143025,-0.20130774,1.5250294,-0.08887998,-0.11554383,0.44386688,0.20520476,0.16075818,11.043336,-0.007916225,0.0033057951,1.0292734,-0.19223645,-0.095517516,312,0.028625261,0.005513439,0.85183054,-0.17669328,-0.16490813,1.0147859,-0.16645603,-0.15387619,0.17609096,-0.4608988,-0.38366473,0.068661526,0.13445137,0.14513142,0.4508505,0.07100575,0.024088554,8.834461,-0.05438611,-0.023422927,0.0950852,0.22836807,0.20989092,0.64166665,0.080628276
63.405727,-0.0052345414,0.00050016656,0.068213426,0.095537744,0.122283205,0.6322765,-0.05844447,0.04855997,0.084009215,0.07508624,0.0884895,7.651342,-0.12313629,-0.066199735,9.583836,-0.10790736,-0.04522208,5.9580164,-0.12692897,-0.061712217,0.44045413,0.5075567,0.50857157,2.3554244,-0.3165012,-0.20407604,1.5301529,-0.097335935,-0.10233352,0.44019845,0.20447795,0.16922608,11.229458,-0.00714835,0.004942412,0.5023438,-0.20316301,-0.11916347,301,0.02948468,-0.031242821,0.8720273,-0.19781168,-0.13444294,1.0159419,-0.185073,-0.12691341,0.20232907,-0.46428406,-0.39493772,0.067069516,0.12820184,0.13661,0.16207692,0.059335444,-0.002240267,8.518802,-0.05369866,-0.022991372,0.10788544,0.23556301,0.1725337,0.65,0.081675395
76.14595,-0.0049606217,0.001178533,0.065599486,0.10531991,0.053677797,0.61089367,-0.04832006,0.026099155,0.06712469,0.058922317,0.038827788,9.806168,-0.119050436,-0.050471805,10.521869,-0.106877126,-0.036468953,6.1298065,-0.12715581,-0.04604141,0.4541711,0.5056787,0.58423567,2.3617604,-0.31885695,-0.20006448,1.5041527,-0.10349428,-0.1411565,0.42696926,0.19907087,0.15257625,10.569574,-0.006258721,0.006317726,0.9696812,-0.21201184,-0.1487438,327,0.031335734,-0.030323915,0.85350966,-0.21873368,-0.15354316,1.0148774,-0.20332831,-0.14374025,0.2040648,-0.4585884,-0.39703438,0.06255884,0.12323364,0.07310395,0.064867035,0.0542239,-0.014221399,8.831595,-0.052625015,-0.022349905,0.10738282,0.24065408,0.09914182,0.65833336,0.082722515
84.865364,-0.0047039427,0.0010140614,0.056293882,0.11743328,0.039786007,0.50031793,-0.03925166,0.027957028,0.065285474,0.044017885,0.038646396,10.49308,-0.11525555,-0.055631764,9.018835,-0.105512954,-0.04439286,6.0884175,-0.12802842,-0.0469445,0.3375114,0.50089884,0.40075555,2.318026,-0.3193538,-0.22339572,1.5321597,-0.10657185,-0.12179775,0.4302831,0.1911717,0.18584678,11.700633,-0.0050909086,0.0056913085,1.3935928,-0.22145787,-0.14182948,333,0.0317985,-0.0045945323,0.84483695,-0.23842111,-0.1861704,1.0144192,-0.22010428,-0.17123835,0.34753433,-0.4506653,-0.32822582,0.07595723,0.11657363,0.11205259,0.39670628,0.053529132,0.066774555,9.279195,-0.051277984,-0.023971625,0.11251622,0.25090358,0.07191081,0.6666667,0.083769634
73.761154,-0.0044888207,0.0009072173,0.07203415,0.1357854,0.005254209,0.60114604,-0.025517551,-0.10839184,0.07435131,0.033769622,0.05668873,8.6250925,-0.11185146,-0.06146435,9.198355,-0.10313866,-0.044877242,5.3517275,-0.12986109,-0.05938617,0.38970456,0.5157757,0.32275015,2.3342705,-0.31686231,-0.2167491,1.5278558,-0.1132183,-0.119712,0.42481482,0.1809149,0.17065386,11.240723,-0.0040156026,0.0060941814,0.82416785,-0.22833715,-0.14871526,327,0.032261264,0.009189065,0.85117847,-0.25642085,-0.1874012,1.0147706,-0.23521121,-0.17168215,0.2515824,-0.458846,-0.2820611,0.06971757,0.1051749,0.11482853,0.3465375,0.04424781,0.045072224,9.14002,-0.049739145,-0.022953955,0.11982803,0.26647595,0.13682358,0.675,0.084816754
76.29885,-0.0042581335,0.0014858847,0.08597598,0.15259865,0.057484325,0.62904143,-0.01364731,-0.109967545,0.0719664,0.02258902,0.033210583,8.47204,-0.107596345,-0.057776842,8.075373,-0.100482695,-0.04836237,4.4608736,-0.13147692,-0.072305016,0.43190157,0.534748,0.3144288,2.1445115,-0.31088403,-0.23224652,1.5420978,-0.120547354,-0.11089705,0.45183662,0.1672071,0.17993462,11.287892,-0.002808581,0.0062134485,0.5854407,-0.21423183,-0.14592554,340,0.028426932,0.045026418,0.8401732,-0.2743044,-0.2475264,1.0141591,-0.25020835,-0.22352593,0.1778007,-0.46842515,-0.29706076,0.07550144,0.09313545,0.13699278,0.08683486,0.007159595,0.029418102,9.107167,-0.047641605,-0.02099439,0.13667777,0.28176245,0.21236023,0.68333334,0.08586387
82.85719,-0.004029304,0.0017870978,0.075482704,0.16654915,0.086545564,0.62722266,0.00027532296,-0.102014154,0.06152763,0.01175888,0.022298807,11.336708,-0.10296573,-0.05089992,13.953828,-0.09753167,-0.040433224,5.7960405,-0.13190734,-0.07518508,0.5602806,0.5617944,0.41767004,2.3919058,-0.30278775,-0.2300315,1.5091263,-0.13211904,-0.10722659,0.41126278,0.15064196,0.1674096,11.830647,-0.0014956867,0.008787342,0.39592865,-0.19922777,-0.1651875,300,0.021287145,0.020215943,0.84216785,-0.29237196,-0.26893428,1.0142663,-0.26518422,-0.24129964,0.13724013,-0.47986078,-0.33792555,0.04998777,0.08028023,0.10394833,0.25146577,-0.023601219,0.06824,9.289506,-0.045597177,-0.019469308,0.12034436,0.29063335,0.24636482,0.69166666,0.08691099
79.60787,-0.0038228624,0.0015511318,0.07206714,0.18450674,0.13292624,0.46543998,0.021361163,-0.11900225,0.06873155,0.004163438,0.02901711,9.008458,-0.09954264,-0.057570525,10.091057,-0.096451335,-0.037955977,3.9988298,-0.13260691,-0.09321614,0.48862118,0.5741634,0.56469506,2.2009823,-0.2959229,-0.2386316,1.5005069,-0.14140779,-0.1305854,0.45052627,0.1368617,0.18355235,10.801823,-0.00035474478,0.0069528404,0.90486753,-0.18006644,-0.18159491,357,0.016130632,0.0422697,0.84964454,-0.30974528,-0.25985992,1.0146638,-0.2794395,-0.2341889,0.13054405,-0.4864417,-0.47062004,0.061357815,0.076626934,0.06557214,0.14972046,-0.057452567,0.01685456,8.771487,-0.0436184,-0.021160241,0.1548366,0.29871744,0.35739228,0.7,0.08795811
70.07703,-0.0034997922,0.0013857812,0.10291021,0.19709653,0.22371614,0.99779755,0.04091962,0.07419583,0.07315906,-0.0069709867,0.026692746,8.94113,-0.093149304,-0.056150526,7.3261495,-0.09356827,-0.042281494,6.3422666,-0.13141693,-0.08466878,0.4301686,0.58229476,0.60406524,2.2374249,-0.283749,-0.24574761,1.5409975,-0.15347216,-0.12088718,0.44008857,0.11411146,0.1957323,11.709027,0.0013966967,0.007908666,0.9890399,-0.16028292,-0.17605984,315,0.0023799292,0.031242821,0.8377147,-0.3287161,-0.2852731,1.0140518,-0.29484645,-0.2550925,0.22395608,-0.4792863,-0.48751414,0.08928628,0.069063656,0.11701068,0.33519655,-0.095679216,0.014495074,9.172099,-0.040929407,-0.021053402,0.10313737,0.29871127,0.31360435,0.7083333,0.08900524
74.617714,-0.0031056108,0.0013103286,0.08374921,0.19776641,0.2171684,0.7394838,0.044683103,0.12798926,0.069680564,-0.020707536,0.02223637,9.400218,-0.08560277,-0.0519801,10.758968,-0.089198545,-0.036081355,5.7835903,-0.12934375,-0.073255055,0.41746894,0.58870375,0.59002274,2.525969,-0.26946878,-0.21771894,1.5055915,-0.1687301,-0.14782777,0.39762488,0.08822112,0.15250155,11.351816,0.0032465335,0.008039135,1.1776564,-0.14230387,-0.15617806,331,-0.014081248,0.022972662,0.85292727,-0.34587538,-0.26119944,1.0148622,-0.3088196,-0.23464547,0.23754357,-0.4686582,-0.45098004,0.06088061,0.051226724,0.078578204,0.3603415,-0.13402537,0.071398176,9.485667,-0.038126968,-0.019792799,0.113253616,0.2959586,0.2521511,0.71666664,0.09005236
84.21818,-0.0026822388,0.0013714122,0.07987759,0.1918977,0.23009141,0.57072693,0.03782505,0.100471765,0.062290687,-0.034698326,0.023723995,10.633932,-0.076968335,-0.055137765,12.169966,-0.08373759,-0.040202763,4.732825,-0.12691884,-0.08242954,0.41823357,0.6103752,0.45181543,2.3713696,-0.25490075,-0.2192279,1.5076754,-0.18578577,-0.14889856,0.41527203,0.062173888,0.15569869,12.130926,0.0054664337,0.008652014,0.47825527,-0.1283047,-0.1534142,327,-0.035897266,0.047783136,0.82645094,-0.36465618,-0.29086542,1.013453,-0.32395315,-0.2582933,0.24416138,-0.46375686,-0.38559526,0.054428663,0.03130178,0.09025158,0.2172455,-0.17721523,0.06427864,9.472973,-0.03522891,-0.019181762,0.13995764,0.29453278,0.3036065,0.725,0.09109948
108.21889,-0.002236092,0.0026555276,0.06801001,0.17539777,0.21816157,0.58089393,0.027170869,0.15670623,0.049858432,-0.050584286,-0.013070219,14.663333,-0.06681671,-0.029729653,16.37129,-0.07837148,-0.025693007,6.244466,-0.12218384,-0.06305195,0.5014104,0.6403894,0.464259,3.0336409,-0.23761111,-0.15804599,1.4539994,-0.20524547,-0.18321972,0.3196769,0.032642074,0.05135381,14.667934,0.007704936,0.01654288,1.5804489,-0.111961685,-0.13073367,261,-0.06353089,-0.040431887,0.82401454,-0.37843072,-0.33924252,1.01333,-0.33501083,-0.29708046,0.22968033,-0.4632983,-0.3249712,0.04465688,0.012488613,0.04635131,-0.39794064,-0.22233354,-0.049662337,12.447385,-0.032226942,-0.0069391076,0.117078185,0.2788107,0.20454736,0.73333335,0.0921466
90.242195,-0.0018003592,0.003560578,0.07371652,0.1513214,0.13231862,0.62833333,0.007998695,-0.023249686,0.05520792,-0.0662755,-0.048066996,12.9632015,-0.056191098,-0.011657945,12.22944,-0.07337961,-0.014364517,6.100127,-0.11701633,-0.065141365,0.45745695,0.65623933,0.4908097,3.09598,-0.22570042,-0.09496128,1.4944153,-0.22172958,-0.21759611,0.31089857,0.0108787,-0.05166783,13.21997,0.009253277,0.019626765,8.065254,-0.097193055,0.106828064,283,-0.084223054,-0.06983689,0.8371806,-0.38990167,-0.34025052,1.0140058,-0.34419066,-0.29841772,0.25821444,-0.45505774,-0.30402142,0.058520373,-0.0026944948,-0.034520306,-1.2765985,-0.24535711,-0.38499653,12.852511,-0.030257104,0.005318583,0.11732073,0.2594229,0.2417574,0.7416667,0.09319372
88.01687,-0.0014344578,0.0041619567,0.0958063,0.12353648,0.16777204,0.81293374,-0.01619321,0.012525792,0.063629664,-0.079008326,-0.05986357,10.349439,-0.04713735,-0.00739297,8.651571,-0.06881429,-0.019233415,5.5877566,-0.1120893,-0.066831216,0.56356496,0.67399627,0.6329565,2.2688594,-0.22071531,-0.113853134,1.49097,-0.23783661,-0.22838639,0.42512187,-0.00042984242,-0.029740559,12.927564,0.010458852,0.022842918,0.2963483,-0.1229173,0.07724091,289,-0.10154365,-0.10843097,0.82297,-0.39863303,-0.39679554,1.0133146,-0.35105777,-0.3434225,0.09496632,-0.4511855,-0.39121062,0.07611696,-0.016265033,0.0055301385,0.24557185,-0.21124943,-0.4088744,9.592135,-0.029826254,0.0056731766,0.11785253,0.23955977,0.25382265,0.75,0.09424084
97.0833,-0.0010445685,0.0047393674,0.08207659,0.08759127,0.1742381,0.8107311,-0.053911936,0.12942524,0.054866463,-0.09404167,-0.07433752,12.618256,-0.036164258,0.0015228626,10.674138,-0.06294999,-0.022689354,6.8385468,-0.107402414,-0.048660934,0.5210671,0.68007237,0.7330103,2.2598174,-0.21427037,-0.12204976,1.5050637,-0.25293407,-0.23031373,0.42240682,-0.014270479,-0.024050964,12.499734,0.011719843,0.023595667,0.4774107,-0.14814122,0.07721255,304,-0.115691006,-0.12956582,0.8263261,-0.405379,-0.39703122,1.013453,-0.35648596,-0.3434225,0.17125197,-0.439861,-0.43579638,0.06485948,-0.036071606,0.032948706,0.20438105,-0.18436721,-0.41155085,9.652063,-0.029194726,0.0062696435,0.101237744,0.22163624,0.15224105,0.7583333,0.09528796
110.27527,-0.0006900858,0.004831662,0.056268062,0.042318583,0.13971135,0.38889658,-0.11074606,0.035908595,0.045379203,-0.10869135,-0.08307004,15.59818,-0.024828376,0.0057232543,17.85237,-0.055043668,-0.01926749,4.8921857,-0.102784924,-0.06032976,0.38674375,0.6870901,0.6214432,2.7012398,-0.20394132,-0.14647387,1.4421122,-0.27081963,-0.23908615,0.35875624,-0.032951787,0.007112584,14.090262,0.013049967,0.022416618,0.8520382,-0.17395267,0.052758444,279,-0.13387102,-0.1130255,0.82423633,-0.40973976,-0.39661258,1.0133607,-0.36000544,-0.34252745,0.32108918,-0.42544392,-0.3798978,0.03964924,-0.062834635,0.019785576,0.042744115,-0.15612192,-0.3198663,10.8920555,-0.028491937,0.001089588,0.14468645,0.20692664,0.22467127,0.76666665,0.096335076
88.15084,-0.00050013425,0.004737798,0.06242324,0.0013271344,0.10650388,0.6441988,-0.16068538,0.043636218,0.061585594,-0.11881681,-0.07063639,11.539804,-0.016652055,-0.000672259,13.588972,-0.04934039,-0.016126448,7.3341737,-0.09814916,-0.049681176,0.36428088,0.7016198,0.53078586,2.6019201,-0.19550307,-0.18277627,1.4960138,-0.2844732,-0.23790649,0.38249236,-0.04725026,0.06420455,13.099049,0.013889896,0.022169814,0.2819497,-0.20009719,-0.20854163,277,-0.1474895,-0.11853894,0.8382611,-0.41037333,-0.3945731,1.0140672,-0.36053184,-0.34074453,0.34640485,-0.42106003,-0.32596737,0.052298713,-0.083439216,0.0034312482,0.21273346,-0.11986359,-0.010010563,10.007338,-0.028296128,-0.008386323,0.09690059,0.18933529,0.17109907,0.775,0.097382195
95.738365,-0.00030407458,0.0050843535,0.066581145,-0.03479665,0.020568414,0.5304217,-0.20690258,-0.09396768,0.05343341,-0.1301552,-0.09051457,14.527055,-0.0073680063,0.018098332,18.059175,-0.043727685,0.005608741,6.1838717,-0.09479646,-0.044537302,0.62646604,0.73379964,0.59198666,2.747198,-0.18686058,-0.147629,1.446719,-0.3001956,-0.27056235,0.3523625,-0.061803672,0.0061831246,14.1983795,0.014836074,0.024763592,0.38217148,-0.22470646,-0.20566039,280,-0.16203351,-0.12680909,0.8207028,-0.41278735,-0.3988524,1.013176,-0.36243907,-0.3447746,0.14976402,-0.43144977,-0.29245734,0.042982586,-0.10015294,-0.08366613,0.282615,-0.08496568,-0.002303728,10.871931,-0.027974041,-0.0041239355,0.12552494,0.17647818,0.1912276,0.78333336,0.09842932
100.02131,-7.011346e-05,0.0052162167,0.040981844,-0.07208731,-0.100269124,0.41752553,-0.24846475,-0.28548735,0.043155625,-0.14108813,-0.11334552,16.172628,0.0015481766,0.034068603,13.285722,-0.03911612,0.011642506,7.110654,-0.09066055,-0.04218929,0.5090998,0.7438336,0.5803428,2.8602002,-0.1782772,-0.1035142,1.4653159,-0.31528035,-0.29989508,0.34385306,-0.075548835,-0.056459002,13.829214,0.015598603,0.027477106,0.8530177,-0.24766366,-0.19305056,239,-0.17538756,-0.18653803,0.83991235,-0.4113762,-0.37320802,1.0141591,-0.3612676,-0.32424366,0.18884012,-0.43326393,-0.28170177,0.05253308,-0.11460958,-0.116067454,0.25974444,-0.05018397,0.009214633,10.570136,-0.027698139,-0.0010662748,0.098154105,0.15534496,0.18313769,0.7916667,0.09947644
128.03738,0.00020349954,0.006013414,0.041831266,-0.101444036,-0.14271998,0.4078363,-0.28676826,-0.27626234,0.03590096,-0.15045899,-0.1318239,20.30535,0.010386395,0.05521855,21.623098,-0.033088032,0.02035434,7.107247,-0.0882612,-0.023075523,0.45002088,0.7464205,0.6419095,2.802121,-0.1710562,-0.09610168,1.43263,-0.33107483,-0.3068927,0.34221268,-0.08729541,-0.06965156,12.554654,0.016500432,0.02434288,1.1854786,-0.27302137,-0.18185633,294,-0.18246125,-0.17275442,0.82183737,-0.41529417,-0.3777361,1.0132222,-0.3643313,-0.3282726,0.27896068,-0.42816487,-0.30746433,0.033713095,-0.131963,-0.13167128,0.066348426,-0.020001521,0.014125514,11.088382,-0.027251685,-0.0004124064,0.10256877,0.1455981,0.07264202,0.8,0.10052356
83.019066,0.00045553248,0.00578309,0.056850065,-0.12642664,-0.15910769,0.50605184,-0.3184197,-0.3435499,0.05838866,-0.15837203,-0.1380565,12.420604,0.019170916,0.0591761,12.866285,-0.026044022,0.018684655,6.4555798,-0.08474468,-0.030656908,0.554195,0.760765,0.82668984,2.6382177,-0.16030475,-0.093434624,1.4681715,-0.34789354,-0.3274395,0.37616587,-0.10277138,-0.07469659,12.675952,0.01817942,0.023479324,0.34187877,-0.30025002,-0.17984441,290,-0.19535252,-0.16080864,0.84535664,-0.42013094,-0.36434314,1.0144498,-0.36810347,-0.31714383,0.17102745,-0.42568523,-0.41471156,0.05636611,-0.14872764,-0.120979674,0.3555512,0.00041949,0.04383877,9.814578,-0.026241891,-0.0010543955,0.112340406,0.13559091,0.11314834,0.80833334,0.10157068
107.87759,0.00095625024,0.006327921,0.06482155,-0.15342754,-0.16428171,0.5940481,-0.35242915,-0.31255922,0.037933145,-0.17075999,-0.16827515,18.186481,0.034238357,0.07561839,16.519026,-0.015736906,0.015126315,6.322222,-0.079794146,-0.02946308,0.5176855,0.76772636,0.7208498,2.6502578,-0.14355586,-0.10055758,1.4591111,-0.36696744,-0.31829455,0.35501003,-0.12689345,-0.07258536,14.975189,0.020501602,0.025064819,0.19215517,-0.30715376,-0.18622361,286,-0.21333422,-0.1552952,0.8218365,-0.42995334,-0.36220333,1.0132222,-0.37589988,-0.3158001,0.17218494,-0.41156322,-0.40100065,0.041762177,-0.17026924,-0.124187656,-0.0073925606,-0.014066898,-0.016497351,10.957334,-0.023852363,-0.00076996244,0.10911835,0.1232698,0.070105694,0.81666666,0.1026178
99.29064,0.001516917,0.0062951273,0.042017538,-0.18075107,-0.1612363,0.42505482,-0.38573146,-0.30889192,0.051100392,-0.1804406,-0.15278637,15.026288,0.04901505,0.07046773,18.856375,-0.0047166958,0.027996669,7.767661,-0.07298717,-0.023793768,0.49616578,0.7725464,0.7082654,2.8116512,-0.124839194,-0.104124844,1.4477875,-0.38857993,-0.33122995,0.35058743,-0.15102994,-0.06721509,13.677725,0.022769492,0.024755623,0.3417733,-0.31378514,-0.20338704,247,-0.23501801,-0.14794394,0.82978994,-0.43978432,-0.38130963,1.0136375,-0.38351953,-0.330967,0.2716834,-0.39129788,-0.35034013,0.040720932,-0.1879772,-0.1552372,0.23496334,-0.02474189,-0.02165306,10.327189,-0.021237275,-0.0015791025,0.098852046,0.10728562,0.071936734,0.825,0.10366492
85.09292,0.0023768025,0.0043676994,0.061882302,-0.20391932,-0.10227698,0.5176548,-0.40736035,-0.25540233,0.056166872,-0.19318193,-0.113276824,12.377321,0.06958282,0.034846038,13.247899,0.009740402,0.008646734,5.8154144,-0.06256359,-0.034940995,0.39904454,0.77659345,0.6586671,2.868559,-0.103799835,-0.099243134,1.4644879,-0.4115534,-0.3077197,0.34210292,-0.17654786,-0.067302614,13.770164,0.025598554,0.027236521,0.67611516,-0.32007352,-0.22048733,270,-0.25604072,-0.1699977,0.82899547,-0.4518119,-0.36779863,1.0136222,-0.39287648,-0.3193366,0.29615086,-0.36978567,-0.33982795,0.052475896,-0.20533817,-0.10591709,0.39234313,-0.038143195,0.04617019,10.78887,-0.01774663,-0.0025766331,0.119543575,0.08405567,0.11647011,0.8333333,0.10471204
108.29804,0.0034190463,0.005502267,0.04628269,-0.23253937,-0.13334994,0.4014304,-0.4361429,-0.30636057,0.04085923,-0.20975283,-0.14745145,17.578028,0.09373479,0.05801903,19.343426,0.026361698,0.023611423,6.2294827,-0.051173985,-0.036891986,0.56666505,0.7833804,0.6708001,3.0023804,-0.081686094,-0.07248526,1.4115454,-0.43756905,-0.34950817,0.32052678,-0.20373413,-0.111671604,15.271222,0.028981566,0.032533556,0.14221968,-0.32645476,-0.22719026,225,-0.27851784,-0.22972663,0.82439697,-0.46496782,-0.40736037,1.0133607,-0.40323362,-0.35100737,0.15155959,-0.3460481,-0.351733,0.03713017,-0.2277228,-0.1564809,0.012755095,-0.06356704,-0.025148598,11.396468,-0.013780219,0.0026918838,0.115294434,0.060521822,0.124220006,0.84166664,0.10575916
129.7246,0.0045555164,0.006482801,0.04357679,-0.2596372,-0.19581935,0.4599687,-0.45396337,-0.37166697,0.04024606,-0.22546297,-0.1429423,18.511648,0.119641215,0.05948005,19.739927,0.043431878,0.031052949,7.8639636,-0.036835756,-0.023588298,0.4988584,0.76736134,0.6524819,2.9580185,-0.058845803,-0.04987169,1.4000165,-0.45899203,-0.3931182,0.32095256,-0.23032641,-0.13883048,15.693008,0.032535303,0.03399865,0.19722515,-0.33127224,-0.22702004,247,-0.2978878,-0.26556396,0.8194389,-0.47780973,-0.41188583,1.013099,-0.41333038,-0.3545914,0.24616247,-0.30392852,-0.30649406,0.037741825,-0.2490266,-0.16704884,0.19826744,-0.080567226,0.017638998,12.055614,-0.009457649,0.006349733,0.094738595,0.026252497,0.086494744,0.85,0.106806286
129.2842,0.0056216903,0.007828968,0.04176895,-0.28308213,-0.19655031,0.3613555,-0.46169734,-0.40269315,0.035807967,-0.24033022,-0.17275575,21.469242,0.14605919,0.08842911,22.352505,0.06153025,0.039130356,6.6508555,-0.019590123,-0.033225212,0.48677498,0.7597892,0.643345,3.109141,-0.033544842,-0.028012803,1.4094111,-0.47779915,-0.42143887,0.30668753,-0.2583196,-0.17383812,16.552956,0.03629308,0.039867092,0.3406555,-0.33580607,-0.22705758,246,-0.31758833,-0.2664829,0.81024027,-0.4900794,-0.4487862,1.0126514,-0.42292613,-0.38326642,0.28199497,-0.2635461,-0.30018827,0.034393013,-0.27084765,-0.18368249,0.040182028,-0.09314358,-0.022885287,12.415389,-0.0049569043,0.013304524,0.11558963,-0.009486472,0.13040578,0.85833335,0.107853405
140.53058,0.0066603324,0.010317113,0.03753042,-0.30812255,-0.2681561,0.43285176,-0.46206382,-0.44399837,0.03294423,-0.25463557,-0.21802962,25.78063,0.17201771,0.14865197,32.577274,0.07884383,0.08378865,9.795546,0.0015598981,0.0011193478,0.57734007,0.7504027,0.81682086,3.192247,-0.0072158766,-0.0042289244,1.3917117,-0.49428403,-0.4751456,0.30083117,-0.2861695,-0.20674998,16.162407,0.039899275,0.04474974,0.0990775,-0.33949202,-0.2464298,239,-0.34072655,-0.294969,0.8122238,-0.49828196,-0.48044306,1.0127441,-0.429342,-0.40879935,0.27198288,-0.22239158,-0.31496757,0.026071027,-0.2900973,-0.25309062,-0.025560105,-0.10188627,-0.10983012,12.200337,-0.00064103294,0.018005446,0.086705014,-0.05812489,0.044253863,0.8666667,0.108900525
160.21152,0.007862001,0.012647087,0.029888779,-0.3346886,-0.31636178,0.31355736,-0.4641282,-0.4867989,0.027801469,-0.2699505,-0.24348648,31.386759,0.20024952,0.21069646,31.819063,0.09683556,0.11261217,9.154256,0.023415476,0.026357217,0.538713,0.71925867,0.7896244,3.236501,0.021516562,0.012973727,1.398886,-0.5101263,-0.48448792,0.29324913,-0.31525916,-0.22850233,16.866755,0.0435615,0.048006278,0.12974143,-0.33988628,-0.24684872,220,-0.3648564,-0.29956353,0.8131792,-0.5043245,-0.5016169,1.0127904,-0.43410537,-0.42538375,0.33388498,-0.17108236,-0.20347145,0.027423749,-0.3094047,-0.278605,-0.0012894014,-0.10270502,-0.11275208,12.828538,0.0041630953,0.022774985,0.095321566,-0.10829954,-0.008144924,0.875,0.109947644
148.0879,0.0088402545,0.013471266,0.032223105,-0.35563204,-0.34974685,0.39621866,-0.45666203,-0.5178498,0.032666337,-0.2811014,-0.25826356,25.120733,0.22177011,0.24039195,28.389095,0.1129737,0.13259508,10.090212,0.044761367,0.045567516,0.43925875,0.6797265,0.7316358,3.3781457,0.04969975,0.043843746,1.3788016,-0.52340394,-0.50014395,0.28465056,-0.34171972,-0.2574511,16.623152,0.047080033,0.04990473,0.1886199,-0.3401479,-0.24713762,227,-0.38746572,-0.31794164,0.82063377,-0.5062016,-0.49936157,1.0132222,-0.43554637,-0.4217997,0.38134363,-0.12197516,-0.12080513,0.028905548,-0.32470772,-0.30183214,-0.04318717,-0.09710835,-0.16298676,13.311896,0.008628499,0.026959058,0.081326574,-0.1587832,-0.043331347,0.8833333,0.11099476
203.06715,0.009906368,0.016782783,0.022741864,-0.37122852,-0.4056953,0.38696942,-0.4403701,-0.505374,0.024237992,-0.29324225,-0.2808199,35.415897,0.2476662,0.30305615,46.329964,0.13189924,0.18799224,14.606476,0.06736234,0.11421657,0.4595157,0.6465277,0.7051134,3.7724693,0.07631677,0.09258363,1.3645363,-0.5331032,-0.5332603,0.25509247,-0.36625588,-0.2985952,18.986748,0.050818723,0.05487218,0.3328854,-0.34013715,-0.24739848,200,-0.40888506,-0.36021134,0.8154745,-0.5083077,-0.48948178,1.012914,-0.4374001,-0.4141668,0.3988945,-0.07929327,-0.049318418,0.018528186,-0.33997118,-0.34353462,0.11020281,-0.09075814,-0.14841892,14.842744,0.012933859,0.035043415,0.05876915,-0.20856716,-0.1923998,0.89166665,0.11204188
121.81175,0.0107284915,0.015942648,0.0402284,-0.3827549,-0.39776197,0.4334038,-0.42157057,-0.50510514,0.038056497,-0.30229056,-0.27085325,20.285555,0.27001882,0.27836603,20.791145,0.14708139,0.16076176,8.317171,0.08693562,0.101459675,0.4529905,0.6180499,0.5841252,3.225059,0.09896071,0.09499459,1.4288018,-0.53881615,-0.5058889,0.29685584,-0.38661453,-0.30176532,17.527946,0.054361347,0.057659294,0.4658851,-0.3414575,-0.23508406,239,-0.42904836,-0.36021134,0.824622,-0.5090737,-0.46607998,1.0133607,-0.4381943,-0.39623532,0.31900665,-0.04093071,-0.020562308,0.037131052,-0.35144666,-0.3144621,0.056909423,-0.08211379,-0.13126113,12.772518,0.016563559,0.036949076,0.092819676,-0.25113153,-0.17635798,0.9,0.113089
160.43018,0.01171489,0.01595246,0.03775574,-0.3929786,-0.37462947,0.48507148,-0.40302444,-0.4215653,0.02662807,-0.31079838,-0.27314085,29.06389,0.29546493,0.26792908,27.617474,0.16508222,0.15105447,9.942971,0.10745458,0.1082655,0.42241046,0.586053,0.47096652,3.530772,0.122617595,0.11661699,1.4147307,-0.54560703,-0.49419597,0.2687412,-0.4070613,-0.321309,18.700188,0.057770997,0.061401393,0.58037704,-0.34253445,-0.21995537,220,-0.45013717,-0.36021134,0.81307447,-0.5113271,-0.46627763,1.0127904,-0.4399933,-0.39623532,0.35150483,0.0026839103,-0.0097873695,0.028022667,-0.36313972,-0.3128878,0.2927487,-0.062050965,-0.07008645,14.347811,0.020323649,0.042009044,0.07783542,-0.292283,-0.22223288,0.90833336,0.11413612
139.84897,0.012538881,0.015582683,0.038843088,-0.40294027,-0.35516366,0.68985415,-0.3908045,-0.2785435,0.033419307,-0.31695795,-0.2716729,24.08463,0.31693822,0.26327372,27.19195,0.1818491,0.1482886,14.294893,0.12609231,0.1445477,0.499639,0.56079423,0.5297146,3.602119,0.14519182,0.13307405,1.4032397,-0.55401456,-0.47616133,0.26553318,-0.42575416,-0.33655402,18.68963,0.060793035,0.06561915,0.117110744,-0.34448156,-0.22235607,209,-0.47234985,-0.37675166,0.82280636,-0.5123741,-0.46217674,1.0132837,-0.44084892,-0.39444426,0.3052526,0.042466138,-0.05631874,0.029600365,-0.37297457,-0.31106138,0.3659854,-0.055013116,0.015041965,14.02082,0.023508675,0.044370126,0.056306235,-0.3257618,-0.28787372,0.9166667,0.11518325
149.20134,0.013502576,0.013165085,0.034575906,-0.41552785,-0.3203661,0.52456105,-0.39791152,-0.2115264,0.032700457,-0.3236168,-0.25517485,25.339245,0.3411719,0.21799798,27.014254,0.1997829,0.10366187,12.571003,0.1408104,0.1269836,0.43687248,0.535178,0.50768346,3.5390956,0.16801265,0.115926266,1.397828,-0.56514126,-0.45159304,0.27197763,-0.44366807,-0.3230891,18.160889,0.06373976,0.063933544,0.14163412,-0.3446935,-0.22877674,201,-0.4944964,-0.37583277,0.81348723,-0.5151258,-0.46592784,1.0128058,-0.4430611,-0.3975858,0.39173236,0.08286527,-0.06069854,0.030672876,-0.38285878,-0.2791377,0.039058305,-0.05771053,0.00024033975,13.449738,0.026837459,0.03973069,0.06591398,-0.35096473,-0.26912925,0.925,0.11623037
208.36285,0.014592247,0.017049659,0.025598964,-0.42965934,-0.3633834,0.40731034,-0.41709566,-0.22423579,0.02236888,-0.3311668,-0.28575873,38.314564,0.36774963,0.29900473,47.337864,0.21942775,0.16499501,13.636759,0.15273532,0.17288633,0.3739561,0.5149355,0.4307855,4.0055814,0.19017474,0.17327732,1.363059,-0.57716274,-0.50010926,0.2382015,-0.4610825,-0.36986256,20.182573,0.06678352,0.069351725,0.22914031,-0.3439646,-0.2367247,169,-0.5145275,-0.44015622,0.82009315,-0.51686305,-0.47447595,1.0131297,-0.4444778,-0.40430257,0.48309773,0.116945565,0.039646875,0.018105038,-0.3939448,-0.3291497,0.33403063,-0.059505112,0.05789545,15.453919,0.030342592,0.04866115,0.06284879,-0.36777294,-0.34775782,0.93333334,0.11727749
161.5663,0.015475521,0.01710065,0.031049803,-0.44174683,-0.38310197,0.40484777,-0.43500233,-0.26331055,0.028636454,-0.33756748,-0.28184327,29.514301,0.39148894,0.3010285,40.36759,0.23517068,0.19445269,11.020078,0.16321546,0.18218069,0.3957352,0.5066444,0.40483132,3.7380707,0.20840095,0.18850917,1.3785467,-0.587366,-0.5268119,0.25539213,-0.47531503,-0.38050768,19.999811,0.06932067,0.0720043,-0.033375185,-0.3398919,-0.25732952,173,-0.5298648,-0.48334482,0.8147163,-0.5221939,-0.471377,1.0128676,-0.44858378,-0.4020582,0.4494497,0.14235887,0.099542364,0.020937214,-0.40302232,-0.3477746,0.007413398,-0.07960467,-0.0014685978,14.356761,0.03321154,0.04869096,0.076695,-0.3811374,-0.3507497,0.94166666,0.11832461
218.12206,0.016289333,0.020613693,0.026368354,-0.45460817,-0.41978344,0.46118554,-0.45963138,-0.37468877,0.019929484,-0.34330457,-0.30814248,45.641056,0.4137599,0.3978844,55.904984,0.24795473,0.26079085,15.909056,0.17089622,0.1961093,0.45709702,0.5153244,0.36343932,3.8302593,0.22341052,0.2052724,1.3667883,-0.5963048,-0.553712,0.2472728,-0.48681623,-0.39506927,19.891768,0.07126406,0.074457906,0.28574556,-0.3351555,-0.25166813,186,-0.54123557,-0.50447965,0.8175776,-0.5281524,-0.48124635,1.0130064,-0.4531328,-0.41012302,0.45250565,0.15474167,0.18959093,0.01627051,-0.41028395,-0.3828136,-0.03604497,-0.10149686,-0.08511108,14.964468,0.035613257,0.0518338,0.057175152,-0.38725844,-0.3484701,0.95,0.11937173
224.0216,0.016993616,0.023971764,0.023823649,-0.46739754,-0.45140004,0.42355242,-0.48741224,-0.42388728,0.02071208,-0.34769863,-0.3315145,44.802925,0.4319192,0.48533735,52.791756,0.2570017,0.3203468,16.497911,0.17700608,0.2299946,0.49462265,0.5296221,0.4196284,4.0336995,0.2357153,0.24161482,1.3573667,-0.60579646,-0.5835713,0.23119572,-0.4962819,-0.4275905,22.852459,0.07284685,0.08403356,-0.16791701,-0.33083883,-0.26206034,172,-0.5510858,-0.5311279,0.81200606,-0.5371233,-0.48404202,1.0127441,-0.45972684,-0.4119191,0.43333906,0.15973045,0.21503437,0.017577777,-0.41555178,-0.41723552,0.11615979,-0.12000476,-0.0690701,16.394672,0.037690874,0.061641965,0.056247227,-0.3904461,-0.37383083,0.9583333,0.12041885
214.29337,0.017533869,0.024237938,0.025089817,-0.4803078,-0.4528972,0.34160691,-0.52111953,-0.4558896,0.024024514,-0.35116443,-0.32828674,37.799236,0.4441282,0.48302191,44.15574,0.26141608,0.31299487,12.364223,0.1780339,0.21901387,0.45344707,0.5424485,0.49697056,3.7599194,0.24546878,0.22356413,1.3725432,-0.6155635,-0.5765723,0.25009796,-0.5037274,-0.41810375,20.306833,0.07346563,0.084287174,0.34559044,-0.32362643,-0.25815088,194,-0.55822563,-0.5081553,0.80820894,-0.5457081,-0.5064738,1.0125741,-0.4660256,-0.4280763,0.45466125,0.15954116,0.19764481,0.020566031,-0.41915137,-0.41076654,0.37208936,-0.14420605,-0.06115198,15.328085,0.039209995,0.061222874,0.07344645,-0.38749456,-0.34602788,0.96666664,0.121465966
157.43352,0.01781353,0.02405245,0.030539524,-0.49016315,-0.45439765,0.38034275,-0.54724073,-0.46782535,0.030116804,-0.3532157,-0.3254007,28.213932,0.45223725,0.47717917,28.965317,0.262685,0.28665122,10.582429,0.1791724,0.21523741,0.38057187,0.55319875,0.48221713,3.8685255,0.25404027,0.23314965,1.3870593,-0.62344706,-0.5702902,0.24701595,-0.50952274,-0.4247833,19.275774,0.07385387,0.08280939,0.6969668,-0.31740445,-0.23363194,198,-0.5630516,-0.48518264,0.81151664,-0.5528661,-0.5125131,1.0127132,-0.47129297,-0.43256602,0.46914157,0.153177,0.20968686,0.02933555,-0.42031726,-0.3886906,-0.16940846,-0.1821945,-0.0979398,14.776771,0.04034212,0.06262173,0.08029474,-0.38474163,-0.33658397,0.975,0.122513086
197.39583,0.018182786,0.02312222,0.020975525,-0.4998757,-0.47025505,0.34425518,-0.5711188,-0.5247789,0.022825232,-0.3564373,-0.3197553,38.228676,0.46285933,0.44387433,41.193916,0.26651067,0.252663,14.320958,0.18103816,0.20153372,0.49498633,0.5721496,0.51908225,4.289646,0.26012605,0.26690435,1.3545668,-0.63096654,-0.5793093,0.22346425,-0.5135732,-0.44376925,21.131823,0.07422431,0.08534038,0.6782427,-0.31267488,-0.22045508,172,-0.5678114,-0.49804732,0.81237626,-0.55841666,-0.5223309,1.0127596,-0.47532105,-0.43974572,0.377592,0.1384816,0.16387545,0.021182215,-0.42347008,-0.37577963,-0.021002341,-0.2057044,-0.09481017,16.616585,0.04124738,0.06812414,0.060930163,-0.38440132,-0.3267327,0.98333335,0.12356021
211.88054,0.01840448,0.022577306,0.01966072,-0.505388,-0.48249596,0.32815447,-0.5825544,-0.57124466,0.022868175,-0.35795268,-0.31555185,36.48773,0.46826228,0.40651304,41.28018,0.26972353,0.22606683,13.926988,0.18262984,0.17934921,0.46864787,0.5864379,0.49380958,3.8530548,0.2628383,0.25363097,1.3691679,-0.63615483,-0.57060033,0.24582821,-0.5153723,-0.43210065,20.483149,0.07429339,0.080504544,0.2903127,-0.31013927,-0.20507145,188,-0.5709847,-0.48334482,0.8249451,-0.562898,-0.4979082,1.0133761,-0.4785235,-0.42136675,0.36575985,0.12558517,0.12254923,0.020213276,-0.42577046,-0.36885193,0.089376904,-0.22120808,-0.10038236,15.257606,0.04153422,0.06433711,0.059913006,-0.38410407,-0.31711555,0.9916667,0.12460733
206.13382,0.018323552,0.02221109,0.023890877,-0.506585,-0.48602143,0.4198081,-0.58146596,-0.533155,0.02046627,-0.35804254,-0.32248884,42.035004,0.4687618,0.42554492,40.1969,0.2710683,0.21692038,15.1171,0.18391435,0.2031038,0.35222858,0.5982172,0.3953272,4.125879,0.262787,0.28052086,1.3691077,-0.6412037,-0.5731357,0.23010495,-0.51480037,-0.44804394,20.4734,0.07381506,0.08084451,1.5949163,-0.3079984,-0.16312924,170,-0.5723069,-0.5053986,0.7988761,-0.57124484,-0.5155241,1.0121098,-0.48464718,-0.43487123,0.5080711,0.11124863,0.15521058,0.021402141,-0.42675838,-0.3666541,-0.34937888,-0.2340713,-0.25048393,15.917012,0.041154448,0.066298544,0.056909043,-0.38414142,-0.3605014,1.0,0.12565444
139.34248,0.01825605,0.021399131,0.028340206,-0.5078396,-0.4924884,0.29597032,-0.5803548,-0.5742505,0.03447904,-0.3576562,-0.31398442,23.082598,0.46799704,0.40248916,32.307777,0.27482554,0.22464275,8.311607,0.18625833,0.18350887,0.5107082,0.62199074,0.5219457,3.6732478,0.2639734,0.26617226,1.3823409,-0.64746934,-0.5766177,0.26434803,-0.5149507,-0.4342226,18.761871,0.073423654,0.079795614,0.048804887,-0.31058207,-0.18488926,186,-0.5731663,-0.51642543,0.8111735,-0.57681376,-0.5161719,1.0127132,-0.4886415,-0.43487123,0.28515762,0.09136983,0.04270023,0.024633877,-0.4286039,-0.37901297,-0.086025685,-0.22463302,-0.23313615,13.835585,0.041049425,0.06316391,0.095753536,-0.38425615,-0.31994528,1.0083333,0.12670156
250.97707,0.018575119,0.023803957,0.020873724,-0.5105877,-0.49278778,0.43230313,-0.57439333,-0.53136474,0.017327392,-0.35995203,-0.32470277,53.394463,0.4765891,0.47063106,62.44452,0.28708798,0.27373984,19.160988,0.19542667,0.22527349,0.56032115,0.6368574,0.5855144,3.8061075,0.2689676,0.23064293,1.3442231,-0.65634054,-0.5842511,0.24478112,-0.5179636,-0.41722363,20.505907,0.073603354,0.0785181,0.22774512,-0.311606,-0.2000133,168,-0.57614124,-0.5201011,0.79013956,-0.58301836,-0.558144,1.0117217,-0.49316892,-0.465049,0.36486566,0.08576991,0.034917794,0.014816142,-0.4332278,-0.39574692,0.16393067,-0.21726705,-0.1946608,15.195463,0.041673064,0.058430832,0.04828492,-0.39590934,-0.35312006,1.0166667,0.1277487
189.29617,0.018636774,0.022790328,0.024300685,-0.51259375,-0.47914413,0.28366968,-0.5703557,-0.5530321,0.024190575,-0.36114854,-0.3221247,35.713963,0.47769448,0.46715444,33.25077,0.2953854,0.2551888,10.085064,0.20056036,0.19212152,0.5073672,0.63551754,0.62318707,3.84569,0.2752825,0.2301018,1.3449407,-0.6621675,-0.60213006,0.2419225,-0.5210528,-0.4203382,19.621576,0.07343115,0.07675961,0.40141702,-0.30987588,-0.19628333,185,-0.5766701,-0.5228578,0.8116622,-0.5824273,-0.5832157,1.0127287,-0.49275127,-0.4838771,0.35657415,0.088461585,0.029300533,0.025982596,-0.43690476,-0.38058162,-0.20228772,-0.21141805,-0.25534168,15.496865,0.04220422,0.05922769,0.08566543,-0.4045337,-0.2855586,1.025,0.12879582
218.31796,0.019150453,0.023337176,0.025230842,-0.516581,-0.47520402,0.47569522,-0.5598174,-0.52581096,0.020666786,-0.36394638,-0.32173377,42.582573,0.49107468,0.46961474,49.864834,0.31454563,0.27752545,16.59212,0.21745655,0.20484947,0.42234734,0.62742645,0.6914104,4.0866537,0.28576636,0.22721961,1.3522321,-0.6684499,-0.61458373,0.23162192,-0.52647257,-0.4191285,21.388725,0.07411096,0.07862781,-0.14072022,-0.3101224,-0.2545519,184,-0.57772785,-0.50999314,0.80334496,-0.5843313,-0.5747806,1.0123266,-0.494171,-0.47757044,0.45769757,0.1056649,-0.0015040436,0.017648607,-0.44430462,-0.39044818,-0.09830947,-0.19777516,-0.20310664,16.186192,0.043392703,0.060124196,0.05303993,-0.42680687,-0.29570922,1.0333333,0.12984294
184.84938,0.019542819,0.02537961,0.024037639,-0.5201781,-0.48785555,0.34240615,-0.5523469,-0.5031934,0.024774035,-0.36623418,-0.34065422,35.166885,0.5015163,0.52391106,44.664036,0.3310181,0.30607316,12.410246,0.23100631,0.24021663,0.46337736,0.6210614,0.645359,3.7685947,0.2934655,0.23422548,1.3663379,-0.6728551,-0.6263935,0.2551948,-0.53030354,-0.4264277,19.720228,0.07446205,0.080583856,0.2620264,-0.3078813,-0.24739364,177,-0.57799226,-0.5182633,0.8229688,-0.5848088,-0.55251676,1.0132837,-0.49449575,-0.4609786,0.40784827,0.11965021,0.07352407,0.019506201,-0.4507678,-0.40392685,0.19340764,-0.17898756,-0.14497049,14.21064,0.04422574,0.061373327,0.07020212,-0.4452222,-0.36274332,1.0416666,0.13089006
204.85268,0.019981688,0.023309462,0.024116144,-0.52305675,-0.47832134,0.3691437,-0.5424949,-0.5339566,0.025106605,-0.36842334,-0.3254882,36.16713,0.5119014,0.44650635,51.756382,0.34632087,0.28137946,13.899195,0.2450438,0.19481261,0.41946614,0.6000257,0.50831157,4.3831463,0.303495,0.276625,1.3503858,-0.67562646,-0.6218457,0.2199833,-0.5359298,-0.44620252,21.35557,0.07476971,0.082318045,0.42858264,-0.30448627,-0.24065115,159,-0.57647175,-0.5265334,0.81060094,-0.58710515,-0.5138956,1.0126668,-0.49623623,-0.43349585,0.48856768,0.14185391,0.14917065,0.017544383,-0.45615143,-0.39675537,0.048198085,-0.16923037,-0.16904867,16.499792,0.04548236,0.06571742,0.06532996,-0.46437252,-0.31802568,1.05,0.13193718
171.83557,0.020414788,0.022525797,0.026329262,-0.5262583,-0.47235638,0.50466925,-0.5330917,-0.42631376,0.02379287,-0.3712655,-0.32626355,32.41079,0.5245941,0.43166474,45.060417,0.35829735,0.3086643,14.781027,0.259255,0.23533408,0.4622876,0.59059876,0.46445057,3.6804066,0.3113806,0.26448038,1.3431687,-0.6783737,-0.6231534,0.26031375,-0.54056174,-0.43153656,18.775757,0.07496306,0.08059169,0.2931144,-0.30124164,-0.24428707,203,-0.5724391,-0.50999314,0.8051149,-0.58933306,-0.5262537,1.0124195,-0.49788812,-0.44248664,0.30885813,0.15507291,0.11999122,0.017113594,-0.46022782,-0.42006853,0.2901455,-0.1630146,-0.066597864,14.141528,0.046584964,0.061203443,0.052171323,-0.48397815,-0.40589744,1.0583333,0.1329843
208.46234,0.021036401,0.022083458,0.021894438,-0.53038096,-0.48216695,0.43298155,-0.5325003,-0.44711843,0.02215689,-0.37389275,-0.3233585,41.829895,0.53929394,0.42828286,46.597,0.3679771,0.30111432,18.328678,0.27211693,0.25031883,0.51280725,0.58761406,0.5524652,4.464115,0.32031587,0.2922154,1.3519335,-0.67854494,-0.6233738,0.20963007,-0.5462939,-0.4490738,21.404058,0.075448714,0.08062299,1.2146927,-0.29821223,-0.19878332,178,-0.56919974,-0.51550657,0.80014426,-0.5877035,-0.5322951,1.0122027,-0.49667534,-0.44608948,0.4140131,0.17316355,0.09327717,0.019890128,-0.4622871,-0.41417643,0.23792976,-0.16166063,0.0033567594,17.585247,0.0481142,0.06586303,0.050566677,-0.49909383,-0.412386,1.0666667,0.13403141
248.33928,0.02171291,0.024933003,0.018161068,-0.53402716,-0.49944678,0.3315176,-0.53444314,-0.45242193,0.02008206,-0.37697136,-0.3325058,45.704205,0.55498815,0.47562844,71.98816,0.3772856,0.36424357,16.754429,0.2811026,0.2878048,0.49030086,0.5758504,0.5786609,4.2789,0.32542872,0.32971153,1.3364065,-0.67792124,-0.6454623,0.22424303,-0.5497362,-0.47375607,21.728067,0.07584546,0.08472106,0.7074099,-0.2963285,-0.18383096,167,-0.5657621,-0.52469563,0.8024849,-0.5859523,-0.5709588,1.0122801,-0.49549228,-0.47527412,0.42753372,0.1937728,0.10531525,0.0127497995,-0.46442235,-0.43193638,-0.29754266,-0.17773013,-0.09878553,16.510504,0.048952226,0.07352277,0.05478161,-0.51115674,-0.4528417,1.075,0.13507853
196.45395,0.021868791,0.024556052,0.019090222,-0.53470516,-0.5142253,0.3461353,-0.5371868,-0.4636287,0.02302078,-0.37733552,-0.33657223,37.901394,0.5590073,0.48342073,46.728127,0.3737769,0.35262635,15.820131,0.28239083,0.30438057,0.41721457,0.5639037,0.5764702,4.0145173,0.3254741,0.3026255,1.3797585,-0.6736126,-0.6237861,0.24098128,-0.5498629,-0.45701137,18.529587,0.07574751,0.07895314,1.1875135,-0.29857975,-0.15835224,187,-0.5592834,-0.49896622,0.81770504,-0.5812119,-0.5575497,1.0130218,-0.49203223,-0.46495098,0.45530504,0.20517722,0.08497439,0.018672258,-0.46294427,-0.42897165,0.27747142,-0.18471393,-0.051085178,15.020808,0.04887698,0.06859698,0.055152487,-0.5130899,-0.4795423,1.0833334,0.13612565
308.00873,0.02242566,0.030667758,0.014868606,-0.5349387,-0.54792494,0.337355,-0.5325211,-0.54512286,0.015585298,-0.37935266,-0.35257336,64.73879,0.5740741,0.62867475,74.68307,0.3751899,0.42106608,22.892677,0.28991267,0.374376,0.41749707,0.5680084,0.53289044,4.3917565,0.3260147,0.35489392,1.3238235,-0.6735978,-0.6380623,0.21270607,-0.55131316,-0.49497578,22.662716,0.076425314,0.086886555,0.24027292,-0.303843,-0.16012622,190,-0.5549863,-0.510912,0.79112387,-0.58117,-0.58395797,1.0117528,-0.49203435,-0.48433632,0.59147626,0.20993368,0.2578018,0.013510069,-0.46268255,-0.4384439,-0.07664751,-0.19670723,-0.12739652,17.482267,0.04947903,0.07972338,0.044074066,-0.51913303,-0.5007854,1.0916667,0.13717277
181.16309,0.02228491,0.029442517,0.02732352,-0.5306756,-0.5319609,0.518433,-0.5259571,-0.50350183,0.021157712,-0.3793166,-0.3545213,38.241493,0.5715862,0.61255157,40.487576,0.36407316,0.40695095,15.351807,0.28423905,0.34868857,0.41748202,0.5802233,0.440142,3.9230483,0.32219872,0.31513754,1.3677483,-0.67191833,-0.6263915,0.24037626,-0.5500299,-0.47045743,20.050764,0.07658122,0.08412443,0.29229435,-0.30831993,-0.19109286,186,-0.55115193,-0.5035608,0.81002665,-0.57625985,-0.5653048,1.0126514,-0.4884505,-0.47128847,0.39162046,0.19629528,0.2441082,0.01998397,-0.4591698,-0.43819723,-0.27556822,-0.20697132,-0.23422985,15.485218,0.049248166,0.07272919,0.052704055,-0.51365983,-0.49517804,1.1,0.1382199
228.0511,0.022358995,0.028531946,0.021128707,-0.5287173,-0.5232347,0.37538236,-0.5284833,-0.48213655,0.020175735,-0.37947658,-0.35433868,41.944397,0.5726978,0.5956583,53.797104,0.35574567,0.3649226,15.035029,0.2789653,0.33385187,0.32319677,0.6043475,0.27755502,4.0789933,0.32070953,0.30044883,1.3767992,-0.6731998,-0.5965828,0.23260395,-0.5500172,-0.4637901,19.845018,0.07695781,0.080281064,0.2535171,-0.3142714,-0.2063309,183,-0.54698706,-0.48885825,0.81969935,-0.5726287,-0.53281224,1.0131143,-0.48581335,-0.44703078,0.5230623,0.18219167,0.3025261,0.01573057,-0.4561704,-0.43036196,0.041679706,-0.21284902,-0.16365458,15.502461,0.049256492,0.06937189,0.05628583,-0.5064165,-0.4912317,1.1083333,0.13926701
210.35103,0.022359716,0.029155672,0.025642049,-0.5265185,-0.5039693,0.3806672,-0.53223497,-0.46531698,0.02246065,-0.37934563,-0.3554307,41.270893,0.5745987,0.6107979,43.6483,0.34678802,0.35780704,13.761284,0.27354044,0.31608608,0.5203931,0.64115894,0.37794444,4.0991526,0.3200947,0.30666763,1.3466648,-0.6759133,-0.62100494,0.23354496,-0.54996103,-0.46972013,20.737782,0.07775855,0.08478807,0.12335274,-0.3189525,-0.24205676,184,-0.5450038,-0.49161497,0.80938,-0.5694808,-0.54852587,1.0126204,-0.48353088,-0.45870197,0.40657803,0.16321473,0.2727284,0.021237278,-0.4525722,-0.4236195,-0.084387824,-0.22438711,-0.23893945,15.707445,0.049367398,0.071658745,0.0673608,-0.49727795,-0.4592032,1.1166667,0.14031413
195.78088,0.022602903,0.024118677,0.028390393,-0.5265924,-0.46420902,0.4188035,-0.5364132,-0.42564565,0.026338922,-0.37968916,-0.3344659,34.56599,0.57997704,0.47522748,35.94916,0.34207672,0.2683168,13.430306,0.2734201,0.23443528,0.55384594,0.6679821,0.5106076,3.692582,0.3230818,0.25529382,1.3663348,-0.679922,-0.5896328,0.25594157,-0.5519426,-0.4352423,19.220114,0.07916549,0.0777616,0.21637787,-0.3225197,-0.24285896,206,-0.5461938,-0.47691247,0.8165058,-0.5672005,-0.50061715,1.0129602,-0.48189974,-0.4235934,0.35658497,0.15047988,0.12908705,0.02532551,-0.4506321,-0.39256132,0.21389379,-0.23468089,-0.1784923,14.896761,0.05019011,0.06304766,0.06778929,-0.493474,-0.39698637,1.125,0.14136125
229.42548,0.022934068,0.026284782,0.02228134,-0.5289663,-0.47903535,0.3706957,-0.53940743,-0.4976044,0.020441743,-0.3815705,-0.3358617,44.71232,0.5899437,0.5043017,50.913094,0.34350327,0.2924038,15.206223,0.2763816,0.23317903,0.5399503,0.6793243,0.6297654,4.1292925,0.32815462,0.27044818,1.3499312,-0.68613976,-0.6027812,0.22840151,-0.55495524,-0.44479147,21.680296,0.080659084,0.08108753,0.41105852,-0.32673106,-0.23887183,189,-0.54910254,-0.47415575,0.80239797,-0.5679732,-0.5150163,1.0122801,-0.48248553,-0.43438914,0.37404734,0.14083451,0.11834069,0.017952114,-0.4521099,-0.39790228,-0.16753426,-0.24618274,-0.15601581,16.221663,0.05101814,0.06550041,0.060106818,-0.4958106,-0.3775652,1.1333333,0.14240837
180.60938,0.023372589,0.024155509,0.022827826,-0.53268385,-0.47403914,0.3432178,-0.53931683,-0.5132709,0.02616829,-0.3837916,-0.32417887,32.074238,0.6026683,0.4599538,39.725273,0.34623224,0.25989243,12.6193495,0.28588924,0.21233413,0.467111,0.6819127,0.76978934,3.9922676,0.33806512,0.26407576,1.3608015,-0.69349706,-0.6145871,0.24096346,-0.56053305,-0.43812525,21.05258,0.08247667,0.083552204,-0.16207999,-0.3300273,-0.2528242,194,-0.5557135,-0.4640478,0.8179899,-0.5684948,-0.518243,1.0130373,-0.48283458,-0.43663028,0.37221703,0.13768595,0.026095415,0.021128314,-0.45385537,-0.3837137,0.008633731,-0.24660791,-0.16289103,15.179553,0.052696873,0.064424954,0.0665112,-0.5038757,-0.35073897,1.1416667,0.14345549
278.046,0.024174869,0.027193785,0.01952974,-0.5384154,-0.49201217,0.48058972,-0.5386,-0.46460137,0.016240858,-0.38795558,-0.33630472,56.71179,0.62559706,0.5293318,58.637264,0.35822454,0.2945227,22.665243,0.30177826,0.2891664,0.51808184,0.6840349,0.76754063,4.310114,0.35176662,0.27957672,1.3333422,-0.7040567,-0.62441885,0.21449742,-0.5686264,-0.45331457,22.263866,0.0846178,0.086666994,1.0341756,-0.33003184,-0.22224617,173,-0.56543154,-0.47415575,0.80724174,-0.5726891,-0.52227896,1.0125123,-0.48590288,-0.4397772,0.40296626,0.14050701,0.023886725,0.015707556,-0.45821747,-0.39824918,0.10557594,-0.2512673,-0.12336904,17.816961,0.055122573,0.07145075,0.040637027,-0.5180158,-0.42084876,1.15,0.14450262
189.9158,0.024591828,0.02693055,0.027927471,-0.5439966,-0.49337336,0.44756627,-0.545291,-0.45059183,0.022473462,-0.39071736,-0.34384066,39.255573,0.6379509,0.55040276,45.785614,0.3673659,0.3172487,14.138295,0.30957463,0.29527563,0.4508979,0.6818116,0.6673754,4.1707196,0.36402965,0.31470922,1.3344783,-0.71315384,-0.64792806,0.23033957,-0.57522357,-0.47373068,21.861988,0.086377695,0.09205914,0.36970937,-0.33088946,-0.21709855,188,-0.57495123,-0.49069607,0.809989,-0.577141,-0.5345795,1.0126514,-0.4891225,-0.44875586,0.4313107,0.14109325,0.06958322,0.01926825,-0.4620549,-0.41417137,0.14752278,-0.24635111,-0.13717754,15.814293,0.056930996,0.0745066,0.062398516,-0.52708,-0.43499145,1.1583333,0.14554974
216.93318,0.025565721,0.026369872,0.017888209,-0.55429125,-0.5062912,0.29050016,-0.55906254,-0.48965287,0.020169571,-0.39507362,-0.34437126,45.07697,0.66323054,0.5520412,46.766544,0.3849026,0.30766857,14.764913,0.3254681,0.29146755,0.5936309,0.6752362,0.7196049,4.1691422,0.38009077,0.3176373,1.326753,-0.7234115,-0.66503286,0.22735356,-0.58433056,-0.47456637,20.33734,0.0883901,0.08931812,0.1803812,-0.33120388,-0.22484282,193,-0.58559483,-0.48702043,0.806356,-0.58545166,-0.5271086,1.0124813,-0.49518654,-0.44290525,0.3155522,0.15308149,0.03381212,0.019440887,-0.4677527,-0.41025797,-0.20289579,-0.24874999,-0.14453451,15.833385,0.05955706,0.07321344,0.06157728,-0.542014,-0.43113372,1.1666666,0.14659686
246.34964,0.02636969,0.029320419,0.019422425,-0.56077164,-0.5163047,0.37186632,-0.5592001,-0.47569895,0.017772492,-0.3988935,-0.36073935,51.172714,0.6843614,0.6378532,59.39296,0.40077218,0.3531085,17.412863,0.34212768,0.3328308,0.3758556,0.648409,0.6308163,4.543354,0.39436337,0.3581299,1.3599292,-0.72996587,-0.6656766,0.21075788,-0.59236556,-0.4986536,23.092224,0.09026663,0.0934811,0.71448785,-0.33033365,-0.1954148,156,-0.59670115,-0.5219389,0.81251806,-0.5908186,-0.5374368,1.0127596,-0.4990662,-0.45098168,0.53361106,0.174624,0.13250822,0.015312701,-0.47311974,-0.42554495,-0.43257204,-0.2516161,-0.23632744,17.244215,0.0621029,0.080089845,0.05222959,-0.5591953,-0.46860147,1.175,0.14764398
298.15414,0.027139237,0.03022291,0.015800992,-0.5672992,-0.5272689,0.37948856,-0.5543822,-0.5249426,0.016234368,-0.40237427,-0.36075202,57.172188,0.70262015,0.63992184,59.37525,0.41466185,0.35481355,22.291258,0.36334643,0.32960367,0.46950376,0.6205635,0.58355135,4.449393,0.4055015,0.3683638,1.3182235,-0.7362984,-0.67683375,0.21218258,-0.5988674,-0.50049955,24.582441,0.0914896,0.0982134,0.22977208,-0.33155683,-0.22242013,161,-0.6050309,-0.5329658,0.8011371,-0.5949804,-0.5489595,1.0122337,-0.50203085,-0.45908287,0.45865062,0.19457409,0.16656047,0.015632007,-0.47808784,-0.42574355,-0.14607336,-0.23827203,-0.28868312,18.037277,0.06420241,0.08082361,0.041637596,-0.5791233,-0.46597648,1.1833333,0.1486911
249.58992,0.027628442,0.032901194,0.01894745,-0.5725754,-0.5536743,0.36819494,-0.5514215,-0.56360215,0.01728074,-0.4051246,-0.3708755,50.968136,0.7162894,0.6925479,61.28969,0.42676008,0.3906339,17.115444,0.38047296,0.35529348,0.41010287,0.59046555,0.5438591,4.0720153,0.41474843,0.36111125,1.3473395,-0.7391997,-0.6673425,0.23389742,-0.603984,-0.49766237,20.302378,0.09225652,0.09503018,-0.098417535,-0.33391696,-0.23813602,183,-0.6121707,-0.5375603,0.8031858,-0.5951866,-0.5618006,1.0123421,-0.5020698,-0.46807772,0.4706643,0.21535455,0.19062607,0.014370561,-0.48234114,-0.43861765,0.06880653,-0.21971625,-0.30506006,15.675342,0.06561367,0.08036083,0.051460374,-0.59483945,-0.4946727,1.1916667,0.14973822
286.8306,0.027805414,0.03603832,0.015947873,-0.5744382,-0.55937976,0.40026218,-0.54184383,-0.51014006,0.016162409,-0.40563554,-0.3786877,56.158295,0.71970844,0.7423378,62.53972,0.43275037,0.427076,22.780424,0.3954505,0.42445934,0.4340391,0.57719874,0.38858134,4.6463027,0.42196494,0.39617196,1.3261803,-0.74121594,-0.66776514,0.20320989,-0.60773,-0.51691556,24.34161,0.09317276,0.10320303,-0.05438747,-0.33616692,-0.24601763,144,-0.6197071,-0.5825867,0.80668396,-0.5920942,-0.5611816,1.0124813,-0.49974376,-0.46807772,0.47361422,0.22616848,0.28728458,0.01451323,-0.48416185,-0.45157054,0.058141157,-0.19849633,-0.25075126,18.589462,0.06685587,0.08954,0.039843567,-0.6073817,-0.55169106,1.2,0.15078534
236.3567,0.027809877,0.03558982,0.017421179,-0.57488215,-0.5652644,0.37356678,-0.53269106,-0.50931185,0.017593592,-0.40569767,-0.3790365,50.128704,0.72066605,0.73764694,59.45787,0.4371899,0.427226,18.911749,0.405839,0.43739325,0.43683392,0.57709557,0.44791132,4.373159,0.42652017,0.38366637,1.3240789,-0.7425911,-0.69422156,0.21457079,-0.61032677,-0.513875,22.758862,0.09388926,0.10252263,0.18490817,-0.3365591,-0.26379663,174,-0.6236737,-0.5660464,0.80376846,-0.58829576,-0.57769674,1.0123731,-0.49685708,-0.47931674,0.44511005,0.22833103,0.2331642,0.014833091,-0.48546326,-0.45283127,0.07354794,-0.1868183,-0.14545293,17.125021,0.06759903,0.089143015,0.04663471,-0.6159878,-0.5663692,1.2083334,0.15183246
228.84189,0.027688658,0.03247896,0.020721225,-0.5741028,-0.5507966,0.39446595,-0.5230757,-0.5020168,0.020042125,-0.4046918,-0.37161303,42.686646,0.7160972,0.67256147,54.543953,0.43704495,0.41606385,16.286581,0.41308716,0.3855789,0.552901,0.5673177,0.5290542,4.352419,0.43043098,0.37654096,1.3148365,-0.74021137,-0.6967211,0.21365575,-0.61199445,-0.5127002,23.19167,0.09456112,0.09968401,0.56556946,-0.33771172,-0.25252327,162,-0.628698,-0.5651275,0.79469424,-0.58123535,-0.5898577,1.0119237,-0.49163538,-0.48833355,0.30263013,0.23486485,0.13775414,0.015685169,-0.48538038,-0.45269153,0.4792883,-0.17614947,-0.0153463315,17.90557,0.068086125,0.08870436,0.05252982,-0.6213929,-0.53779346,1.2166667,0.15287958
260.8726,0.027668897,0.032985345,0.017411197,-0.5733461,-0.5553139,0.34694558,-0.5121555,-0.5123667,0.017329276,-0.40402812,-0.37151843,53.907444,0.7153877,0.6857682,64.011314,0.43653828,0.42235184,18.614952,0.42269462,0.39851815,0.41815022,0.5534565,0.536884,4.618467,0.43497053,0.416693,1.3229845,-0.7355656,-0.71469444,0.20495759,-0.6137254,-0.53577805,22.920084,0.09490122,0.10502684,0.69989944,-0.33747533,-0.22572228,169,-0.62982184,-0.5779922,0.797621,-0.5696252,-0.60036147,1.0120633,-0.4830684,-0.49644282,0.5160268,0.2477408,0.16549434,0.014593936,-0.48490795,-0.45210436,-0.045113154,-0.18409875,-0.039047338,17.732716,0.068471014,0.09555649,0.05018423,-0.62711215,-0.54114145,1.225,0.1539267
195.0232,0.027812809,0.028864857,0.027530616,-0.5710569,-0.5212553,0.46853635,-0.49806112,-0.47911227,0.023229232,-0.40270767,-0.35774124,39.030228,0.70913607,0.6088095,43.68809,0.43203515,0.37879732,15.429907,0.4307807,0.33509052,0.46196106,0.54114556,0.5640512,4.1002994,0.44104698,0.3765739,1.3564377,-0.7283624,-0.6923654,0.2327029,-0.6142403,-0.51225907,19.623718,0.09610644,0.095397465,0.5062591,-0.33024633,-0.20690033,193,-0.6302185,-0.5329658,0.82651174,-0.551749,-0.5629361,1.013453,-0.46977693,-0.4681867,0.44468114,0.25458732,0.1478011,0.020752616,-0.48357987,-0.43570343,-0.15684551,-0.18499342,-0.08377535,15.829641,0.07345038,0.08636485,0.05875876,-0.6319189,-0.49151745,1.2333333,0.15497382
252.96333,0.028286701,0.029610192,0.017480532,-0.5722204,-0.5210808,0.5159057,-0.49147162,-0.4097829,0.017928176,-0.40166375,-0.35708895,51.483047,0.7031134,0.6148947,53.875496,0.4284613,0.3658999,27.240557,0.43962553,0.4069598,0.41303754,0.5314576,0.5408981,4.4557996,0.46564856,0.38264614,1.3472941,-0.7218021,-0.6752333,0.2151898,-0.6205557,-0.5117655,21.528244,0.09846716,0.09288573,0.4018255,-0.31247646,-0.19961801,171,-0.63325953,-0.5357225,0.81509084,-0.5326556,-0.54156494,1.0128831,-0.45465773,-0.45335656,0.5099595,0.25545087,0.18745801,0.017132038,-0.48301312,-0.4296604,0.016816733,-0.20193134,-0.09557828,17.028286,0.08311289,0.08604267,0.03388319,-0.6384359,-0.52497107,1.2416667,0.15602094
290.79623,0.028308688,0.032390818,0.012218487,-0.5676265,-0.54608274,0.32300815,-0.4868142,-0.44458804,0.015520008,-0.3973726,-0.36590508,58.82309,0.68641824,0.6873979,65.046745,0.41994137,0.3901654,24.134363,0.4323918,0.47467834,0.38437784,0.515657,0.37693036,4.4666204,0.48612192,0.3910374,1.355268,-0.70795304,-0.645396,0.2145603,-0.62343454,-0.51104414,25.069931,0.1004248,0.09671933,-0.08397163,-0.29535818,-0.22142431,156,-0.63643277,-0.5412359,0.8249104,-0.5073954,-0.48453137,1.0133761,-0.4344451,-0.4111186,0.52855706,0.25402588,0.32561743,0.014035058,-0.47894692,-0.4339979,0.089198984,-0.22396128,-0.17673643,17.348253,0.09175358,0.084186524,0.03782718,-0.6337934,-0.5635434,1.25,0.15706806
197.41173,0.0278076,0.029542578,0.02657687,-0.553594,-0.5191314,0.5146168,-0.46423793,-0.36292002,0.025121238,-0.3888627,-0.3507142,35.542717,0.6555502,0.6048827,52.346165,0.4017029,0.3632144,17.289076,0.41599408,0.46323735,0.52218485,0.5137278,0.47815275,4.0939307,0.49838778,0.35249564,1.3452377,-0.6900669,-0.6289737,0.23534502,-0.6200389,-0.4868119,22.483816,0.10105256,0.09582889,-0.37250468,-0.27739444,-0.25742692,154,-0.6319373,-0.5550195,0.81656516,-0.4821271,-0.44877392,1.0129602,-0.4140131,-0.3850358,0.3706922,0.23674455,0.23674205,0.017057162,-0.46862814,-0.42752302,0.07552002,-0.24567036,-0.15163869,15.712336,0.09929541,0.07745761,0.051644,-0.6222733,-0.5597137,1.2583333,0.15811518
285.67783,0.02728381,0.033611327,0.0167117,-0.5365338,-0.55094403,0.41717678,-0.44409576,-0.38793585,0.015269531,-0.3799252,-0.3662321,59.96145,0.62556887,0.6989295,65.46191,0.37950593,0.41352028,22.855846,0.39495033,0.5273158,0.52820855,0.5057195,0.54260945,4.694708,0.50508165,0.39617145,1.3146645,-0.6667756,-0.6598011,0.19771358,-0.6124052,-0.5147139,25.53258,0.10054863,0.10788908,0.16672646,-0.25620255,-0.26882568,153,-0.6213599,-0.5917758,0.8166836,-0.4567367,-0.46732464,1.0129756,-0.39337954,-0.39891964,0.3873747,0.22016513,0.20169786,0.013986505,-0.45486274,-0.4453085,-0.2598712,-0.2609511,-0.1730732,18.768383,0.106067665,0.087245144,0.040059038,-0.6045984,-0.6087724,1.2666667,0.1591623
249.44148,0.02642182,0.03345326,0.01813256,-0.51601106,-0.5490268,0.41768909,-0.42091316,-0.43577445,0.01707837,-0.36906996,-0.36788884,51.023106,0.5846823,0.69686294,53.45771,0.35054302,0.41255504,20.07277,0.36783317,0.46546495,0.25950646,0.48658723,0.39322856,4.640576,0.50381136,0.4097484,1.3590199,-0.6370528,-0.65114784,0.20410238,-0.59882283,-0.52355546,24.136553,0.09872393,0.11321273,0.25086027,-0.23418212,-0.27389386,138,-0.60582423,-0.6220997,0.8159498,-0.431336,-0.46570334,1.0129293,-0.3727193,-0.39757362,0.611885,0.2086238,0.2640276,0.016300576,-0.43843853,-0.4474941,0.08095846,-0.26185662,-0.1597285,17.947296,0.111500636,0.090305924,0.04341162,-0.5819171,-0.58377457,1.275,0.16020942
214.07787,0.02522874,0.030009996,0.021799803,-0.49231717,-0.5208533,0.34719583,-0.39998567,-0.4239933,0.02126105,-0.3558445,-0.35669637,40.645214,0.5347117,0.6151873,48.420135,0.3187853,0.37414116,13.763094,0.33340603,0.37597126,0.5256554,0.50001085,0.53068715,4.5054426,0.49288848,0.41260096,1.339581,-0.6066509,-0.66272444,0.21172856,-0.5784648,-0.52581364,21.677189,0.095605426,0.10628802,0.610283,-0.21204244,-0.25058642,210,-0.58017385,-0.5724788,0.8189716,-0.4056039,-0.47691292,1.0130835,-0.35165086,-0.4060823,0.33850455,0.17199357,0.14780618,0.017847119,-0.4205979,-0.43747368,-0.2078407,-0.26161584,-0.22152765,17.545883,0.11552149,0.09096414,0.0627882,-0.55005825,-0.5182893,1.2833333,0.16125655
387.38763,0.023927547,0.03853647,0.014559701,-0.466421,-0.5561893,0.34083843,-0.37241504,-0.50863594,0.017141243,-0.3412634,-0.3722538,51.350662,0.48120075,0.6862145,59.8048,0.28545836,0.3913735,20.605562,0.30021703,0.4045892,0.4089657,0.5156558,0.42052853,5.336828,0.47667363,0.5039263,1.3603009,-0.5742455,-0.6516082,0.20041902,-0.55481076,-0.5536651,30.346743,0.0923072,0.12233652,3.614274,-0.19004472,-0.11674281,161,-0.5585562,-0.5660464,0.8359701,-0.37938336,-0.44028577,1.0139445,-0.33001205,-0.37745866,0.4712485,0.13520442,0.20929864,0.01471812,-0.40151623,-0.4436221,0.16421565,-0.23665164,-0.20307451,39.80373,0.11887841,0.17120104,0.04271731,-0.519151,-0.5417085,1.2916666,0.16230367
285.124,0.021619307,0.03851161,0.019903988,-0.43567953,-0.5468025,0.42310652,-0.336803,-0.50574774,0.024202038,-0.3247013,-0.35483938,33.69435,0.42083248,0.56819296,45.825924,0.2485826,0.3460068,17.334793,0.26177683,0.35694805,0.37015885,0.53179485,0.2667512,7.2934036,0.44711134,0.6948727,1.3738515,-0.5407358,-0.6079299,0.13863754,-0.5270112,-0.6007749,27.41625,0.08665988,0.12618116,4.727594,-0.18608777,0.03637404,153,-0.5334347,-0.5660464,0.8565188,-0.35638487,-0.36509606,1.01538,-0.31071317,-0.3075373,0.4453131,0.10044505,0.24472928,0.017794993,-0.3806962,-0.43361107,-1.0249255,-0.2155688,-0.36224416,36.367462,0.11148656,0.22981513,0.0470425,-0.48298702,-0.52338743,1.3,0.16335079
106.17902,0.018950507,0.032081727,0.04433502,-0.40373158,-0.46975517,0.60241485,-0.29927754,-0.41577289,0.04258773,-0.30893332,-0.3051074,18.654873,0.36601982,0.42275813,20.595217,0.21234046,0.2700818,10.795073,0.22427107,0.27689078,0.35731182,0.5500629,0.36191273,3.6413443,0.38285425,0.6214514,1.4737713,-0.5084366,-0.5232466,0.27852008,-0.48885143,-0.541431,16.997,0.07911623,0.11160909,-0.15164758,-0.20511273,0.022861097,184,-0.50395,-0.5237767,0.86757755,-0.34031615,-0.26764774,1.0156687,-0.29840553,-0.22787428,0.4371569,0.0711904,0.13787909,0.0385754,-0.35949385,-0.37505922,0.17606822,-0.15623935,-0.34245658,12.330357,0.09505838,0.21110779,0.073595494,-0.4455154,-0.44420007,1.3083333,0.16439791
105.8822,0.017117504,0.027225703,0.055844717,-0.3818717,-0.36964738,0.8000844,-0.26691654,-0.19518326,0.04664044,-0.29939294,-0.25562885,16.46651,0.33009708,0.31411996,16.168083,0.18726082,0.19556713,11.003173,0.20445399,0.25307542,0.5100886,0.5780216,0.34676674,3.0386484,0.32633036,0.5136746,1.4693617,-0.4882062,-0.42747217,0.3244755,-0.45683745,-0.45152178,15.767597,0.07283808,0.09954741,-0.08525813,-0.22149256,-0.0004895191,267,-0.47684526,-0.47139904,0.84874916,-0.33513,-0.21144204,1.0146332,-0.29510808,-0.18280926,0.2579167,0.046017054,0.0885978,0.047501326,-0.34577936,-0.29710984,0.34275362,-0.10453846,-0.22790533,11.839356,0.08059958,0.19210209,0.06979853,-0.42237616,-0.4258085,1.3166667,0.16544503
137.52605,0.0160958,0.016011449,0.04935017,-0.37467578,-0.26734734,0.5885595,-0.26242462,-0.07452511,0.03618874,-0.29644865,-0.21849467,22.870707,0.3128177,0.18615569,21.183277,0.1750853,0.10633654,9.870856,0.19532238,0.16044563,0.54186755,0.58975077,0.476076,3.1347218,0.28374183,0.35186872,1.446298,-0.47799063,-0.3640088,0.30942893,-0.43584737,-0.3645926,16.334368,0.06856346,0.07094768,0.5464026,-0.23665902,-0.1034837,217,-0.46309456,-0.41994026,0.83093244,-0.3338794,-0.22095065,1.0136836,-0.29506424,-0.19039643,0.28579453,0.045015015,-0.024811504,0.039071485,-0.34248292,-0.23309432,0.4485138,-0.055130735,-0.16875707,12.3737545,0.06824259,0.100745976,0.083849065,-0.4075717,-0.31789935,1.325,0.16649215
169.72464,0.015522306,0.01083211,0.034793608,-0.37804714,-0.22356498,0.5246238,-0.26622248,-0.025078814,0.02884774,-0.29697224,-0.2094376,29.903162,0.3057815,0.16912137,30.406776,0.1738741,0.07071238,13.007009,0.19638272,0.123101175,0.45330024,0.5907423,0.55696994,3.34076,0.2523574,0.061437253,1.4258978,-0.47666323,-0.3256002,0.29416907,-0.42320666,-0.24056512,17.000814,0.06587908,0.04968942,0.6940208,-0.25479743,-0.23889829,237,-0.45641753,-0.34275213,0.8267674,-0.33316204,-0.2771071,1.0134838,-0.29540685,-0.24553958,0.40933838,0.057353187,-0.04681085,0.028369946,-0.3470163,-0.20529689,0.24120294,-0.024288973,0.094661154,13.072836,0.057418685,0.023162737,0.06632106,-0.4061636,-0.26732206,1.3333334,0.16753927
150.13828,0.0156182,0.012805084,0.034705054,-0.38697025,-0.25188154,0.39466363,-0.27213788,-0.12626874,0.03444898,-0.30057487,-0.22530456,23.711475,0.314224,0.19184136,31.770027,0.18337838,0.0965305,9.289008,0.20826195,0.110105336,0.5770119,0.5923002,0.77073115,3.2083457,0.23707587,0.029621486,1.4069211,-0.48489654,-0.37493372,0.3097611,-0.42189908,-0.21565218,15.989863,0.065393426,0.047633823,0.36088863,-0.26888886,-0.2216915,255,-0.4597891,-0.27750975,0.83081293,-0.33476612,-0.34650096,1.0136989,-0.2975465,-0.30282238,0.2398243,0.074399106,-0.1674842,0.025710905,-0.3562194,-0.23911265,0.15368316,-0.015271108,0.09000394,12.575678,0.049640927,0.023979787,0.08793578,-0.4140697,-0.22970034,1.3416667,0.16858639
162.61523,0.016237173,0.015351368,0.033893548,-0.40236485,-0.31642812,0.4977328,-0.2761924,-0.27353594,0.032709796,-0.30808967,-0.25246313,27.610624,0.33616325,0.24191336,33.48831,0.19770716,0.1365469,13.262741,0.23286162,0.12960315,0.53217185,0.55769134,0.79221743,3.7266428,0.23499161,0.08017379,1.4025639,-0.49797803,-0.42422852,0.2662918,-0.43117008,-0.26205036,18.8398,0.066815525,0.05390429,0.6025322,-0.28296822,-0.1986011,197,-0.47664693,-0.3418332,0.84720254,-0.34051493,-0.34942022,1.0145415,-0.30298534,-0.3054882,0.37096602,0.121319704,-0.09835197,0.02696875,-0.36758667,-0.2930848,0.5137487,-0.012721516,0.1255795,14.273967,0.04396949,0.032088306,0.06809587,-0.43892512,-0.23416728,1.35,0.16963351
172.062,0.017385174,0.016901406,0.035942785,-0.42308867,-0.355852,0.57417464,-0.2874047,-0.28054243,0.031901956,-0.31905004,-0.26082048,27.50164,0.3678445,0.26272076,35.678734,0.21803898,0.17003697,14.015485,0.26086277,0.16536716,0.4072922,0.51761067,0.66127986,3.7049456,0.24229762,0.12207257,1.4186946,-0.5197516,-0.44459903,0.266929,-0.44852635,-0.29594162,20.48058,0.06942374,0.06236685,-0.13845904,-0.25993878,-0.22159317,206,-0.4944303,-0.3519412,0.84823996,-0.35171235,-0.31675193,1.0146027,-0.31282574,-0.27876115,0.4700639,0.16614515,0.0143329175,0.02459045,-0.38261187,-0.3311498,0.15238826,0.005786064,0.063970536,14.727756,0.042599317,0.039928354,0.062599055,-0.46934986,-0.28991666,1.3583333,0.17068063
252.83403,0.019392464,0.020631509,0.018311618,-0.4499484,-0.40431666,0.4346506,-0.30970412,-0.3243659,0.01918239,-0.33294475,-0.27966362,45.608803,0.40969408,0.3332883,51.520145,0.24480423,0.21881698,20.766577,0.29379323,0.2323245,0.31071553,0.47824544,0.52254945,4.377375,0.26727852,0.19824073,1.3681608,-0.55217224,-0.4872072,0.222135,-0.47444114,-0.35338467,21.249168,0.07444546,0.07103789,0.45578477,-0.20432425,-0.2295912,179,-0.5187585,-0.40523776,0.83043694,-0.3682449,-0.3098255,1.0136528,-0.32638973,-0.27384478,0.5641703,0.20996323,0.109016135,0.016981432,-0.4005511,-0.36108577,0.28624883,-0.0043627843,0.073342346,17.26949,0.053059302,0.0539054,0.042129513,-0.5049036,-0.35338318,1.3666667,0.17172775
243.10417,0.02209771,0.024803992,0.020732459,-0.47520846,-0.44540256,0.5351459,-0.33242878,-0.25594085,0.020253392,-0.34642622,-0.30733874,44.48085,0.44911757,0.4266079,49.970524,0.27008483,0.26086715,23.25371,0.32118642,0.3528259,0.44887963,0.4583956,0.39788082,4.1885595,0.32057503,0.27026466,1.3699083,-0.584701,-0.51452166,0.23651785,-0.50895077,-0.41179198,21.78158,0.08136593,0.08285897,0.27240855,-0.13582134,-0.23256165,161,-0.5444749,-0.49161497,0.83198196,-0.3769608,-0.30761895,1.013745,-0.3327634,-0.27250513,0.45200846,0.236691,0.23877156,0.01802839,-0.41822195,-0.38128012,-0.099348314,-0.049161177,0.020699102,16.270693,0.07680433,0.06621172,0.038741693,-0.53665084,-0.4824438,1.375,0.17277487
196.3616,0.024217606,0.026318593,0.026126789,-0.4899317,-0.4682404,0.4473243,-0.34562424,-0.28049344,0.027986586,-0.35295373,-0.31654692,31.998302,0.4706259,0.44632232,39.720592,0.28565216,0.2752661,15.332512,0.33355287,0.37068596,0.3891184,0.42767027,0.25869435,4.0644517,0.37928635,0.29508612,1.3923156,-0.6067348,-0.52208453,0.24545461,-0.5435368,-0.42840844,21.21413,0.08793425,0.08770507,0.36186448,-0.059569664,-0.24064131,176,-0.56721646,-0.510912,0.8407337,-0.37377286,-0.31982905,1.0141897,-0.32865354,-0.28273728,0.5064049,0.25865805,0.32159546,0.022545567,-0.43012977,-0.39290693,0.46564636,-0.100952685,0.010691397,15.549497,0.105628036,0.0704599,0.05840682,-0.556402,-0.507863,1.3833333,0.17382199
229.78484,0.02576882,0.028909301,0.019269288,-0.49375772,-0.51726824,0.41566378,-0.33893916,-0.35769972,0.021087077,-0.3519571,-0.33763114,42.004387,0.48058906,0.5114851,51.563335,0.29264894,0.31196564,19.10678,0.34025967,0.41461876,0.3983443,0.4002073,0.24998835,4.1483502,0.42814547,0.3276665,1.3777207,-0.6168918,-0.55232215,0.24041384,-0.5678804,-0.44955274,21.891426,0.0929108,0.09058465,0.36700672,0.04100158,-0.22367188,173,-0.57845503,-0.5412359,0.840984,-0.36166278,-0.33352485,1.014205,-0.31636456,-0.29430148,0.48740533,0.26664057,0.33220014,0.017177897,-0.4325275,-0.41239166,-0.23636343,-0.1627986,-0.070188455,15.75975,0.13356334,0.07389698,0.04635787,-0.5709357,-0.5504717,1.3916667,0.1748691
280.99374,0.026551865,0.030173164,0.025107669,-0.48059896,-0.49728468,0.5690184,-0.32082784,-0.29225284,0.019191617,-0.33976722,-0.33761314,47.90689,0.47318682,0.5218107,55.49818,0.2866641,0.32115644,20.836727,0.33276308,0.4152241,0.3870001,0.38120335,0.32421085,4.8222494,0.46250603,0.36035487,1.3546586,-0.6144078,-0.56228644,0.19638847,-0.5787033,-0.47008413,24.654856,0.09572927,0.097535774,2.7168956,0.14317624,-0.14776216,169,-0.57819057,-0.550425,0.8180614,-0.34628588,-0.3568839,1.0130527,-0.30111277,-0.3117541,0.5324106,0.2550882,0.31277838,0.016566502,-0.42125845,-0.41348237,-0.50122774,-0.20726326,-0.2340231,20.738504,0.15924071,0.085450605,0.044124525,-0.56273013,-0.54523784,1.4,0.17591622
228.39346,0.026387911,0.02951292,0.018909218,-0.4536658,-0.50264585,0.42704797,-0.29733363,-0.3449044,0.02229795,-0.316775,-0.33362716,38.307796,0.44671655,0.49407437,37.162273,0.26758286,0.29156446,19.29102,0.31115073,0.38103005,0.3448018,0.36655268,0.2229464,4.09992,0.47656253,0.35384184,1.3622915,-0.5956856,-0.56790745,0.23411489,-0.57326657,-0.47200036,21.887001,0.09600862,0.09775094,0.47539383,0.23514503,-0.14094757,168,-0.5629194,-0.54399264,0.8121291,-0.32245278,-0.39435652,1.0127441,-0.27887124,-0.3408602,0.50938356,0.22342153,0.34786457,0.022985283,-0.39546436,-0.4004526,-0.14214817,-0.22974233,-0.2429276,16.442947,0.18100786,0.0860243,0.044278912,-0.53779244,-0.53071094,1.4083333,0.17696334
290.72964,0.025491385,0.033748332,0.019332418,-0.41383675,-0.52262443,0.43513858,-0.26876202,-0.3508397,0.01815822,-0.28290713,-0.35278812,44.825375,0.40561736,0.5517081,52.251717,0.24273016,0.32051617,18.320553,0.27542415,0.40681386,0.45551902,0.37106472,0.2875521,4.601302,0.47762015,0.39328837,1.2996525,-0.56536365,-0.63629013,0.18228315,-0.55425143,-0.522376,24.733934,0.09408586,0.10493498,14.308615,0.32785195,0.3272709,170,-0.53455853,-0.54950607,0.8313327,-0.28709477,-0.41210112,1.0136989,-0.24697828,-0.35513112,0.35842997,0.16880149,0.25737455,0.015577459,-0.36117426,-0.41876906,2.1446092,-0.23693158,0.106380865,29.86856,0.2001978,0.13371424,0.04442819,-0.4916906,-0.5673839,1.4166666,0.17801048
248.42053,0.023588594,0.03458474,0.026636023,-0.36071828,-0.50096285,0.47737765,-0.23073316,-0.32078058,0.024520015,-0.23970068,-0.3460954,35.22578,0.3473668,0.52125096,47.663822,0.20707627,0.3115068,15.480111,0.22904715,0.37551934,0.41649255,0.37957844,0.30520976,5.1852965,0.46226794,0.4694809,1.2738812,-0.5167837,-0.7129207,0.18675643,-0.5179019,-0.5651647,28.381298,0.08973085,0.118181035,8.150894,0.34720227,0.58859056,152,-0.49614915,-0.56880313,0.8173283,-0.24564448,-0.4567517,1.0133146,-0.2099952,-0.38102493,0.44724414,0.107901946,0.23281506,0.018121433,-0.31645992,-0.41628888,-1.4922551,-0.30471563,-0.1549076,41.542038,0.21124078,0.21958269,0.05579654,-0.42864642,-0.5426215,1.425,0.1790576
457.46405,0.020953063,0.042505052,0.024720231,-0.29475057,-0.5021021,0.43353269,-0.17262813,-0.38677195,0.017280905,-0.18885605,-0.34982046,49.990097,0.27829367,0.5306111,48.880817,0.16250214,0.29621813,15.1502495,0.17742805,0.3264507,0.5478965,0.39578462,0.46175683,6.4472213,0.42263606,0.58888024,1.360408,-0.44506815,-0.7086779,0.15832675,-0.46288013,-0.59551674,29.059599,0.08211552,0.12717126,0.9469706,0.32374614,0.5291709,184,-0.44286516,-0.5550195,0.86762184,-0.1942743,-0.3632055,1.015684,-0.16613081,-0.30450797,0.31597763,0.034513272,0.10046139,0.017673071,-0.2608149,-0.41338012,-0.37687483,-0.31120047,-0.12903595,56.44332,0.2088097,0.33849832,0.057020456,-0.35898888,-0.50878906,1.4333333,0.18010472
181.33286,0.01655896,0.040392883,0.04983158,-0.21887305,-0.41117606,0.7516203,-0.103607476,-0.22868165,0.050394088,-0.12842306,-0.29504544,14.6795025,0.19415885,0.424446,24.825033,0.11142778,0.26771435,11.157959,0.12380668,0.2562705,0.37514576,0.3895477,0.49128056,5.6892257,0.34798428,0.7056589,1.4663476,-0.3626279,-0.63188744,0.1932057,-0.3872213,-0.6281395,23.973907,0.07085136,0.1314307,3.560087,0.29864222,0.63272977,183,-0.37834266,-0.5412359,0.8927352,-0.14737827,-0.21106003,1.0173008,-0.12600711,-0.17199878,0.36461437,-0.031639848,0.0119317435,0.029798958,-0.19624987,-0.39546964,-0.7732261,-0.29851308,-0.2603318,42.487484,0.18647002,0.4252402,0.06629887,-0.28267622,-0.45101973,1.4416667,0.18115184
93.80406,0.0120096775,0.031554498,0.050913114,-0.14259118,-0.31831422,0.6865319,-0.046033986,-0.10623485,0.06611014,-0.068598196,-0.20156042,11.681726,0.11760004,0.27552712,15.166434,0.061880887,0.18203309,10.413728,0.07378491,0.18804249,0.31773448,0.39407465,0.3572206,3.3554564,0.24593166,0.6141169,1.5419465,-0.2812966,-0.4530815,0.34197748,-0.29509845,-0.5007924,14.942887,0.057634905,0.11144685,9.796471,0.25657558,0.4812487,259,-0.3080025,-0.45945325,0.90493333,-0.11214119,-0.07213742,1.0180213,-0.09671054,-0.046305425,0.4545461,-0.10264176,0.070708945,0.050920382,-0.12531064,-0.30256683,0.01564921,-0.2552466,-0.70326227,15.362818,0.15049076,0.3769285,0.07415986,-0.19959663,-0.3730187,1.45,0.18219896
61.28895,0.007719859,0.023155684,0.074140646,-0.068777844,-0.17862867,0.58299917,-0.0015585715,-0.054789506,0.090450816,-0.012511295,-0.07302455,7.2178187,0.046884697,0.14968358,9.076973,0.01581635,0.09288261,5.1336946,0.024141751,0.09876326,0.38339332,0.4174912,0.32501605,2.609045,0.14400212,0.4248197,1.5504066,-0.21030788,-0.24901378,0.40312767,-0.20636714,-0.3282487,11.561883,0.045135044,0.07711785,0.78016543,0.16307949,0.23379955,303,-0.24275279,-0.32069838,0.877477,-0.09073484,0.04139436,1.016275,-0.08035102,0.039784968,0.26946428,-0.18356974,-0.038007453,0.0719246,-0.055820994,-0.16113923,0.069125704,-0.20171712,-0.37841672,9.241874,0.11343308,0.26935214,0.1271711,-0.11106934,-0.18576764,1.4583334,0.18324608
70.806694,0.0040647583,0.005801781,0.08431663,-0.00946792,-0.0033877008,0.77369535,0.043442875,0.11089441,0.091050275,0.028713254,0.070793055,6.7034945,-0.009411177,-0.044808928,7.0793543,-0.020048074,-0.0036948582,5.600661,-0.0132849235,0.01635984,0.38686803,0.4538218,0.16834046,2.7285533,0.052638207,0.15158023,1.5933368,-0.15172465,-0.07711894,0.3772788,-0.13064034,-0.15364699,13.617323,0.034381792,0.045599643,0.9681158,0.06749555,0.23450942,328,-0.18860939,-0.18837583,0.87779903,-0.077196784,0.06060404,1.016275,-0.070946895,0.05697349,0.223487,-0.25501093,-0.09456755,0.0862162,-0.0027872885,0.019033989,0.009059946,-0.15454984,-0.29812294,11.2529545,0.07826324,0.11884469,0.10897911,-0.048348647,-0.049454164,1.4666667,0.1842932
57.97804,0.0011085662,0.00026538668,0.06761438,0.03338107,0.04890195,0.61061734,0.07982087,0.04221572,0.092215,0.055428166,0.15232532,7.4806314,-0.0506691,-0.07715442,10.158921,-0.046423897,-0.037579224,6.2297397,-0.040114388,-0.026165772,0.4038546,0.49309134,0.19627327,2.7026222,-0.027260168,-0.067868754,1.5390502,-0.111212,-0.023466509,0.39118618,-0.065651745,0.004231117,11.573384,0.025005182,0.020289754,0.8626704,-0.02410206,0.14395212,279,-0.14636564,-0.10016081,0.8867269,-0.0764293,0.049263265,1.0168339,-0.07234262,0.04339647,0.28597182,-0.3122326,-0.14265923,0.06790351,0.03219597,0.11919605,0.43322068,-0.11626063,-0.047121495,9.005798,0.04508268,0.007333241,0.110731184,-0.0027406074,0.06711395,1.475,0.18534032
77.26992,-0.0012586163,-0.0004766966,0.071240395,0.06926409,0.10867355,0.6541468,0.11663441,0.026441801,0.07407642,0.068848304,0.16785604,8.784428,-0.080695495,-0.09017237,10.387742,-0.06752402,-0.04861984,5.9750605,-0.05844342,-0.064467035,0.43968996,0.5341863,0.31493208,2.5864773,-0.100214936,-0.124371625,1.5452069,-0.08145513,-0.021060428,0.395367,-0.009897656,0.04680619,12.723267,0.017259108,0.015759433,0.9052014,-0.11831201,-0.15454443,295,-0.11027005,-0.06708018,0.8647732,-0.09106626,-0.026539722,1.0155169,-0.08703239,-0.029431295,0.21102896,-0.36203656,-0.2915755,0.06264296,0.05701169,0.15001015,0.32283482,-0.09078863,0.01678852,9.728388,0.013856743,-0.011432346,0.10890583,0.028213568,0.15826994,1.4833333,0.18638743
76.0514,-0.0029091563,0.00018586946,0.08159699,0.088601686,0.13059863,0.9783732,0.13579658,0.21901765,0.0747761,0.07161862,0.13729729,9.34535,-0.096699774,-0.08061309,9.579397,-0.08024592,-0.047459047,8.378934,-0.06861855,-0.036463857,0.5426143,0.58519685,0.46984905,2.3904357,-0.1607685,-0.14043455,1.5706285,-0.06923644,-0.0061372085,0.42660254,0.03143548,0.06552606,12.281325,0.011162315,0.01722784,0.62077993,-0.17453627,-0.1598953,323,-0.08369418,-0.048702046,0.86670715,-0.1121775,-0.046867963,1.0156232,-0.10721246,-0.048386075,0.15619452,-0.40392873,-0.36084253,0.07294915,0.07153057,0.1527033,0.35587224,-0.025185173,0.07644618,9.255471,-0.012613817,-0.011387057,0.08340068,0.048180286,0.043438293,1.4916667,0.18743455
65.15046,-0.0038901472,-6.7993096e-05,0.08069446,0.08998857,0.119947754,0.75744104,0.124724485,0.21110062,0.08773366,0.06343455,0.13083136,7.6041226,-0.10129193,-0.07656645,9.755429,-0.08350127,-0.041276287,6.2621074,-0.073508225,-0.030756231,0.4439542,0.6209856,0.5253921,2.3506851,-0.20094611,-0.16819945,1.5573428,-0.079496615,-0.032699842,0.44821435,0.05194844,0.1220931,10.009287,0.007936371,0.009863717,0.82920873,-0.21201546,-0.16455866,359,-0.07357948,-0.020215943,0.86859363,-0.14349975,-0.064243376,1.0157598,-0.13528533,-0.06336766,0.22318333,-0.42262062,-0.36102822,0.06838628,0.06906136,0.10583538,0.05241613,0.0014173083,0.085466444,8.292646,-0.030937117,-0.021246422,0.10653562,0.062335584,0.037027802,1.5,0.18848167
66.88645,-0.0034951428,0.00033183297,0.08095305,0.07063542,0.1591696,0.6272413,0.092061184,0.21919772,0.075945966,0.039129302,0.09911395,8.402013,-0.0872682,-0.07242656,8.253288,-0.07747558,-0.04567903,4.9441266,-0.06993836,-0.04184979,0.46501648,0.6628928,0.5849006,2.365093,-0.21341586,-0.19300035,1.5416209,-0.10627946,-0.0308028,0.43206784,0.04810062,0.15469389,11.79453,0.008115153,0.010315082,0.57906204,-0.25132447,-0.17407994,293,-0.083033085,-0.007351252,0.8591217,-0.17676379,-0.11634868,1.0151975,-0.16513328,-0.11095658,0.17308255,-0.42838305,-0.43006256,0.07731452,0.051953964,0.13057324,0.2952629,0.020743165,0.0567643,8.877409,-0.037427124,-0.021674028,0.12906204,0.060934313,0.08511878,1.5083333,0.1895288
79.32075,-0.002652385,0.00042387805,0.06335269,0.04342429,0.1359761,0.5357279,0.07205868,0.16151915,0.07602674,0.007951772,0.10291621,9.509387,-0.06930388,-0.069169216,10.158844,-0.06756773,-0.046207875,6.1136155,-0.06031708,-0.040654197,0.53346324,0.70104223,0.67613906,2.6681328,-0.20506276,-0.1870005,1.4941833,-0.14012337,-0.068456784,0.3803732,0.026480243,0.1427372,13.946848,0.010331006,0.012812452,0.22491449,-0.28367576,-0.19691844,265,-0.101940304,-0.034918446,0.85718834,-0.20694888,-0.1306652,1.0150908,-0.19189048,-0.12334546,0.18950449,-0.42327282,-0.44322526,0.07116634,0.02202177,0.15297788,0.15043019,0.020401483,0.020895489,10.445875,-0.03579692,-0.019284423,0.11825535,0.03855975,0.10964722,1.5166667,0.19057591
108.246826,-0.0015699958,0.0018688687,0.056470763,0.008645196,0.06209338,0.7659979,0.054214194,0.05807694,0.04766241,-0.029653938,0.050056525,17.204348,-0.04663818,-0.033857685,23.844162,-0.053610522,-0.013250773,11.122903,-0.04585601,-0.01697649,0.5647292,0.72228944,0.6976562,2.9301584,-0.19028403,-0.14734288,1.4863244,-0.174497,-0.1306707,0.342959,-0.001416224,0.076036245,14.089891,0.013212907,0.016503798,0.4217464,-0.29056248,-0.20360036,265,-0.12494629,-0.08821502,0.8502847,-0.23395549,-0.16166294,1.0147096,-0.2152931,-0.14991419,0.2552715,-0.3993329,-0.38263747,0.03439,-0.018959267,0.051620886,0.01210261,0.018253157,-0.05062584,11.004562,-0.03252063,-0.01345904,0.073721826,0.0012146038,0.084254764,1.525,0.19162303
97.86274,-0.0006300932,0.0033370568,0.061193515,-0.022545733,0.0047516003,0.72159827,0.027320813,0.040618885,0.053418368,-0.061300345,-0.016843105,12.193614,-0.02748005,-0.013236482,11.920341,-0.043468915,-0.008248993,7.6809187,-0.03591331,-0.0047335685,0.4314063,0.7280669,0.6854475,2.6537344,-0.17725389,-0.12507549,1.4871256,-0.2068171,-0.1824889,0.37412933,-0.026100472,0.01695768,12.713875,0.015770482,0.022023953,0.6925154,-0.29537407,-0.20818941,307,-0.14656398,-0.13599816,0.8341728,-0.2582874,-0.22663297,1.0138525,-0.2362854,-0.2053814,0.21995671,-0.3725798,-0.38461062,0.054642987,-0.05095374,0.015495104,0.013482036,0.017458552,-0.058726083,10.492966,-0.029584344,-0.006130829,0.08480275,-0.023976203,0.027238589,1.5333333,0.19267015
87.5008,0.0003793877,0.0042622676,0.08147807,-0.05355506,0.0062954137,0.8071557,-0.0029539058,0.12825024,0.06180889,-0.09002894,-0.044404145,11.527846,-0.0068489206,0.0008083047,12.768219,-0.031867277,0.0021822345,7.0585537,-0.024429748,0.013511826,0.49065226,0.73424006,0.71039027,2.5279696,-0.16184777,-0.11310768,1.5105275,-0.23691383,-0.20543487,0.38998866,-0.053391185,-0.016598064,13.262865,0.018833576,0.025020877,0.2845376,-0.2997076,-0.21807715,297,-0.17102437,-0.13232253,0.83664244,-0.27870485,-0.26906297,1.0139751,-0.2538192,-0.24092579,0.22187112,-0.33916625,-0.35477528,0.055804446,-0.08104976,-0.041046515,0.27827817,0.01879484,-0.06225976,10.142129,-0.026079107,-0.0019186529,0.100944676,-0.04764865,-0.04652728,1.5416666,0.19371727
107.073135,0.0014166152,0.0055078464,0.040393677,-0.09590198,-0.061214693,0.3475632,-0.05428435,0.03660036,0.049630497,-0.11724794,-0.09586513,16.2828,0.014509411,0.031242164,15.55099,-0.019398203,0.014640166,6.9534144,-0.013218987,0.020758452,0.57457376,0.7296094,0.7503895,2.7552855,-0.14138958,-0.10670389,1.4560329,-0.2714643,-0.23358873,0.3612926,-0.085777014,-0.03181376,12.8537035,0.022110961,0.022789732,1.5396924,-0.30207855,-0.17393759,276,-0.20282286,-0.12221456,0.8458116,-0.29449806,-0.29053685,1.0144651,-0.26711795,-0.25912207,0.23354976,-0.29680622,-0.32784063,0.05196605,-0.11221791,-0.0915166,0.78771263,0.02284475,0.07032696,10.446583,-0.022252943,-0.0019162953,0.11621967,-0.06913103,-0.05186788,1.55,0.19476439
130.9593,0.0026511773,0.006527225,0.046774473,-0.13410951,-0.08972626,0.5791063,-0.09233065,-0.054429412,0.042369716,-0.14442337,-0.106183544,18.90006,0.039337944,0.03886123,24.63103,-0.00470267,0.016458131,9.914439,0.00092361204,0.010330614,0.43737182,0.70635813,0.6264748,3.1834164,-0.11685663,-0.08809506,1.4383513,-0.30444214,-0.2689916,0.3096153,-0.12186825,-0.05840343,17.31496,0.026144814,0.029372204,0.018056886,-0.30924293,-0.18749021,245,-0.23812515,-0.1405927,0.833439,-0.31121224,-0.3223334,1.0138063,-0.28098878,-0.28538612,0.3634184,-0.24517387,-0.26170632,0.03251144,-0.14601502,-0.0964546,-0.018238874,0.0070304964,0.064014405,12.705,-0.01752734,0.0037470465,0.080770105,-0.101038,-0.033376735,1.5583333,0.19581152
139.91585,0.0037417212,0.008414648,0.032933984,-0.16664301,-0.17282234,0.43844423,-0.11686454,-0.19234598,0.036535125,-0.16809389,-0.1390984,23.021303,0.06280817,0.08751149,22.72483,0.0076154317,0.04142066,11.197229,0.015855158,0.04067286,0.43300986,0.6980043,0.628035,3.13301,-0.09679034,-0.052878957,1.4389307,-0.3308084,-0.30455804,0.32058668,-0.15097214,-0.101100616,16.022684,0.029236402,0.036125597,0.035225317,-0.31362006,-0.20955667,238,-0.2703203,-0.20399724,0.8538487,-0.32334077,-0.28519472,1.014908,-0.29100218,-0.25469235,0.4080763,-0.2050278,-0.14666694,0.03701177,-0.17242357,-0.14280021,0.067091875,0.0034600548,0.07516795,12.045977,-0.013686037,0.008919382,0.07511556,-0.13464867,-0.058791056,1.5666667,0.19685864
104.42904,0.004706625,0.009174418,0.0727715,-0.1907109,-0.19842368,0.879853,-0.13186465,-0.1569371,0.049639206,-0.18572536,-0.1628239,14.360275,0.08285964,0.10023797,13.472178,0.019280445,0.04304708,8.618594,0.02862818,0.05413445,0.49777,0.6981135,0.63496035,2.7074914,-0.07971903,-0.0396881,1.482129,-0.3531943,-0.32551533,0.3663292,-0.17452395,-0.11996769,14.61095,0.0318261,0.038877085,0.16930668,-0.31614935,-0.21342519,260,-0.29583842,-0.23799679,0.850429,-0.33719543,-0.25917235,1.0147096,-0.30228698,-0.23333544,0.21506265,-0.17809212,-0.15083048,0.05291146,-0.19504946,-0.15040474,0.24311434,0.0014209716,0.0678521,10.884783,-0.010387705,0.011392806,0.082708694,-0.16354518,-0.10663312,1.575,0.19790576
146.1799,0.005872459,0.010929602,0.03793984,-0.22336628,-0.20563911,0.44918203,-0.17025164,-0.10744136,0.03743592,-0.2032692,-0.18659793,21.934994,0.10800305,0.12563403,27.880404,0.034850404,0.07153277,9.721939,0.04456982,0.07802405,0.49228722,0.6935778,0.5548982,3.112251,-0.059176344,-0.0134590715,1.43631,-0.37809247,-0.34007025,0.31120408,-0.20008163,-0.15991043,17.853878,0.034649383,0.049082607,0.06399764,-0.3182119,-0.26296702,209,-0.32300928,-0.29956353,0.8351697,-0.35440823,-0.27925918,1.0139138,-0.31616238,-0.24936736,0.32886943,-0.14417662,-0.09254036,0.029452823,-0.2189525,-0.20958325,0.18227029,-0.0041598547,-0.058110274,12.749114,-0.0067209504,0.019061435,0.08446428,-0.18989235,-0.18994333,1.5833334,0.19895288
106.83785,0.00692892,0.009846986,0.05674768,-0.25343862,-0.17631328,0.67955434,-0.20685321,-0.058515865,0.049843263,-0.21635903,-0.17202783,16.29973,0.13096438,0.113950394,17.194294,0.0479581,0.054351054,9.728883,0.061306298,0.076422885,0.5109341,0.69225276,0.62647194,2.9433773,-0.039077073,-0.031096607,1.4614351,-0.40222362,-0.3230351,0.33784398,-0.22330575,-0.13739966,14.230398,0.03694938,0.042786915,0.8302088,-0.31974688,-0.23570156,248,-0.3462797,-0.2968068,0.84474117,-0.36970234,-0.2579261,1.0144039,-0.32846153,-0.23199093,0.3014976,-0.113653764,-0.13040633,0.047250077,-0.23564577,-0.17084113,0.032213252,-0.012534052,-0.047613703,11.275895,-0.0033737,0.014301772,0.0835072,-0.21421641,-0.18276256,1.5916667,0.2
148.537,0.008167675,0.01023392,0.038978707,-0.28861758,-0.158539,0.5688175,-0.24378823,0.0049853874,0.037804406,-0.2325665,-0.1695533,22.25747,0.15930603,0.110518396,24.956533,0.06533481,0.05950715,12.27902,0.08331265,0.08575767,0.48195702,0.695473,0.674096,2.9972794,-0.0147691965,-0.041069787,1.4233491,-0.42882478,-0.33453384,0.32630804,-0.25043547,-0.13283719,15.531765,0.039985653,0.041784935,0.5935917,-0.32403162,-0.21695615,243,-0.37239283,-0.29221228,0.8222298,-0.3869845,-0.31760737,1.0132376,-0.34231904,-0.28056484,0.35947338,-0.081227295,-0.16012812,0.033715837,-0.2583304,-0.17950484,0.1393203,-0.023250801,-0.032586563,12.228558,0.00064103294,0.014909861,0.06852586,-0.2460958,-0.20005065,1.6,0.20104712
126.44211,0.009485514,0.011221908,0.0386349,-0.3222589,-0.25891638,0.37673366,-0.2807402,-0.24007025,0.042794306,-0.24836065,-0.18289782,17.83305,0.18923971,0.12612204,20.246454,0.08218902,0.075158335,7.441599,0.10479798,0.07560138,0.41323844,0.68479437,0.59184945,3.2428992,0.012769094,-0.0017291969,1.3970021,-0.45430762,-0.397355,0.30146685,-0.27938077,-0.18456118,16.529863,0.043315154,0.0457015,0.43167782,-0.32833323,-0.20814787,204,-0.3988365,-0.34367102,0.8239864,-0.40379,-0.36751828,1.01333,-0.35576713,-0.32068413,0.34991455,-0.0430783,-0.07766312,0.037693165,-0.2784985,-0.21950783,0.2779552,-0.03859569,-0.025337916,12.686127,0.0051443684,0.020909274,0.10255229,-0.27670604,-0.14799102,1.6083333,0.20209424
203.86119,0.010729022,0.013810751,0.030250829,-0.34793806,-0.2815256,0.43653166,-0.3031462,-0.24623191,0.025513345,-0.26210684,-0.20614155,34.556313,0.2182479,0.1828313,33.211422,0.0984602,0.08747504,12.722524,0.12693419,0.101493426,0.42643473,0.6858825,0.5277771,3.6415863,0.037299924,0.03716519,1.3968736,-0.47337234,-0.42645794,0.2637117,-0.303875,-0.22243363,18.55281,0.046327945,0.047128044,0.4027392,-0.33331153,-0.19677567,204,-0.41794202,-0.34826556,0.8193953,-0.41836104,-0.39729267,1.0131143,-0.36745122,-0.34393248,0.45521238,-0.012302003,-0.0004015315,0.026546502,-0.2960742,-0.22714742,0.12074944,-0.05268233,-0.03813734,15.10996,0.009142707,0.028772121,0.06929813,-0.30929515,-0.1877794,1.6166667,0.20314136
136.98045,0.011809713,0.015163608,0.040331554,-0.3721458,-0.3297966,0.582188,-0.32472497,-0.29365638,0.03641156,-0.27298442,-0.23232742,24.237162,0.24339436,0.21849525,26.338064,0.11584281,0.10860067,12.739119,0.14928834,0.12746875,0.55856204,0.70907265,0.5741175,3.1898956,0.057100702,0.055278808,1.4322605,-0.4908071,-0.4479879,0.31238306,-0.3228447,-0.24273725,15.412186,0.048696376,0.04954011,0.4453851,-0.3355374,-0.20969492,214,-0.4328166,-0.37950838,0.83728707,-0.42950332,-0.41136247,1.0140058,-0.37646258,-0.35551006,0.32395086,0.002175063,0.013329143,0.03350713,-0.31091252,-0.2632723,0.3052907,-0.058132242,0.01867647,12.275749,0.012087532,0.032102153,0.069275826,-0.3365884,-0.22511539,1.625,0.20418848
172.033,0.013085861,0.016218152,0.02751562,-0.39842927,-0.36350337,0.40332747,-0.3509221,-0.37426203,0.030907685,-0.2844164,-0.24577297,27.823105,0.27011716,0.2435024,32.028423,0.13520236,0.12493946,12.605224,0.17267299,0.13028356,0.5506985,0.7194988,0.6410008,3.387974,0.08086039,0.08398618,1.3964872,-0.51189893,-0.46781123,0.28811523,-0.3459025,-0.27319384,18.341427,0.052017905,0.055274725,-0.075883575,-0.33898023,-0.23217046,218,-0.44775724,-0.40248105,0.82513255,-0.44488677,-0.40588343,1.0133915,-0.38874245,-0.35103402,0.30924922,0.022949677,-0.017384058,0.026849518,-0.32777825,-0.28132114,0.16902298,-0.07201568,0.024856115,13.41769,0.01601293,0.036062587,0.06822154,-0.36489707,-0.22591376,1.6333333,0.2052356
210.17711,0.014409953,0.019976335,0.02163826,-0.42529526,-0.41348135,0.43609166,-0.3772589,-0.34535038,0.02399368,-0.29594773,-0.28242585,36.129227,0.29739264,0.32570958,40.609653,0.15412313,0.17198628,17.470728,0.19726525,0.21682492,0.45992452,0.7124118,0.6864249,3.6611366,0.1054637,0.114717335,1.374688,-0.53216803,-0.4842784,0.2662122,-0.36882684,-0.30130744,19.146915,0.055091374,0.060616218,-0.067948,-0.34054786,-0.24894384,202,-0.4625657,-0.40431887,0.81455564,-0.4580777,-0.42368415,1.0128676,-0.39915293,-0.364479,0.40694857,0.054423857,0.017493531,0.021346478,-0.34375492,-0.32429025,-0.010839371,-0.09048952,-0.03522764,14.508159,0.02004257,0.042130906,0.0496186,-0.39486492,-0.36478522,1.6416667,0.20628272
175.91245,0.015307745,0.018721944,0.025446387,-0.43927383,-0.42760864,0.4157988,-0.38373694,-0.35544878,0.032455202,-0.30288774,-0.26889232,27.58514,0.31402186,0.29438716,31.781193,0.16644679,0.1686819,14.629066,0.2141216,0.23327649,0.4999112,0.7065716,0.7579152,3.4782913,0.1262146,0.10271877,1.3930762,-0.54598504,-0.4870808,0.28202978,-0.38694325,-0.2866998,17.908743,0.057451665,0.059301656,0.09804639,-0.3378539,-0.25917295,212,-0.47466367,-0.39696762,0.82868063,-0.46494734,-0.4061579,1.0135607,-0.40459582,-0.35150024,0.39537013,0.075643264,-0.019101374,0.028170161,-0.35315123,-0.32002228,0.05494678,-0.106564514,-0.048917897,13.650919,0.023673097,0.03727154,0.0611988,-0.41649538,-0.3860338,1.65,0.20732984
167.30807,0.016239183,0.020083103,0.03148305,-0.45159027,-0.45362732,0.5831823,-0.38915437,-0.35496452,0.028498325,-0.30991602,-0.2843196,32.10128,0.33063832,0.3297217,34.506565,0.1800043,0.18755428,16.946077,0.22962414,0.26957834,0.52622485,0.6871257,0.7264521,3.697657,0.14669019,0.14002796,1.3894037,-0.5576093,-0.5187079,0.26579115,-0.40447593,-0.32385418,19.79097,0.06006848,0.0682389,0.22246638,-0.3351687,-0.26665676,188,-0.48881102,-0.4208592,0.8231067,-0.47064835,-0.4329236,1.0132837,-0.40903977,-0.3724972,0.3886079,0.102790244,0.020437863,0.026511846,-0.3636177,-0.33841014,-0.08115249,-0.1170958,-0.12931746,14.474987,0.027396768,0.04459615,0.05398493,-0.43554342,-0.42614946,1.6583333,0.20837696
226.05658,0.017095357,0.022507783,0.024454791,-0.46027914,-0.46262756,0.4155313,-0.38940957,-0.34902036,0.025309386,-0.31421244,-0.29523382,37.264633,0.3417954,0.37214375,35.05989,0.19195218,0.19455814,16.025745,0.244168,0.29909402,0.32125187,0.6587912,0.5032078,3.9096425,0.16381364,0.178359,1.380917,-0.56435513,-0.53019834,0.24736978,-0.41832447,-0.35634637,20.508224,0.061777577,0.07266141,0.48844063,-0.32996002,-0.24771133,174,-0.49892572,-0.46129107,0.81414497,-0.4728932,-0.45366287,1.0128367,-0.41072264,-0.38862976,0.6218931,0.12888165,0.21162666,0.026900966,-0.3715315,-0.33827493,0.0014514797,-0.122271895,-0.16418074,16.10729,0.0305573,0.053553917,0.05885186,-0.45198277,-0.4507308,1.6666666,0.20942408
140.15196,0.017636413,0.019364923,0.035615653,-0.46667594,-0.42152756,0.37943667,-0.38192853,-0.37661543,0.039233707,-0.31660098,-0.2655225,21.264572,0.34697697,0.30535486,24.4521,0.20331077,0.15722798,8.888212,0.2595392,0.22503549,0.5146739,0.65500724,0.5564771,3.4282684,0.17545366,0.16124837,1.4059708,-0.57013476,-0.5071125,0.2892318,-0.4271518,-0.33798954,17.465439,0.062859796,0.06922946,0.3287458,-0.32557347,-0.23439357,222,-0.5052722,-0.44291294,0.82941574,-0.47390667,-0.42561415,1.0136068,-0.4114025,-0.3671351,0.31961408,0.13166827,0.15821965,0.034119274,-0.37911814,-0.3047002,0.3493264,-0.12473933,-0.089248195,13.015075,0.032574207,0.048581168,0.093864545,-0.4695263,-0.33465162,1.675,0.2104712
245.38086,0.018649852,0.022482796,0.027467545,-0.47596467,-0.41558444,0.55013216,-0.3724638,-0.31118536,0.023042945,-0.3213196,-0.28387225,40.838947,0.35997066,0.364906,57.1104,0.22268121,0.21574819,18.847757,0.28177315,0.26143858,0.6142341,0.62788427,0.6677097,3.6950097,0.1920119,0.17717238,1.3688234,-0.57824486,-0.52501035,0.26081395,-0.43943325,-0.35490796,19.508484,0.06475464,0.07249458,0.28296384,-0.32162344,-0.22818555,196,-0.51584965,-0.45761544,0.8207309,-0.47665745,-0.4406194,1.0131606,-0.4134361,-0.37876967,0.32681555,0.15004821,0.116296984,0.016477728,-0.39000696,-0.33543506,-0.05410144,-0.13398579,-0.1119357,15.152339,0.035735,0.05358168,0.049928997,-0.49554256,-0.36421794,1.6833333,0.21151832
209.34923,0.019567814,0.02436968,0.02350645,-0.48685142,-0.43903932,0.44775182,-0.37549576,-0.37714982,0.026269574,-0.32563758,-0.28821734,34.468884,0.37076983,0.37554395,39.141685,0.23529162,0.2264571,17.247675,0.2988935,0.26404107,0.4857467,0.57695127,0.62832576,3.893468,0.21005853,0.1915601,1.356371,-0.5854713,-0.54938745,0.24508636,-0.45262727,-0.37141883,20.525608,0.06681383,0.073994,0.42297056,-0.31784397,-0.22145425,182,-0.5277493,-0.46312886,0.80680764,-0.47958288,-0.47138417,1.0124968,-0.41555816,-0.40165395,0.41973612,0.18297984,0.1353326,0.023133466,-0.3981004,-0.3443155,0.14828615,-0.14198391,-0.06420095,16.147552,0.039246958,0.059152197,0.052498836,-0.51643157,-0.36811668,1.6916667,0.21256545
220.42471,0.020212963,0.024116911,0.019183824,-0.49381587,-0.4545384,0.36405227,-0.37162524,-0.40222386,0.024530843,-0.32801417,-0.28973514,34.341022,0.3762858,0.3624078,38.86913,0.24560459,0.23525791,15.986533,0.3132139,0.2637027,0.4021969,0.52491474,0.70708275,3.7914853,0.22235262,0.18287817,1.3697464,-0.5872565,-0.55763096,0.25793102,-0.46017456,-0.36299688,18.834082,0.06800931,0.07057702,0.5060102,-0.31500986,-0.2208644,200,-0.5350874,-0.4392373,0.81416243,-0.47702545,-0.47135124,1.0128522,-0.41352338,-0.40120512,0.44021732,0.21401197,0.024233757,0.021673093,-0.4044923,-0.35805756,0.0093971,-0.15004422,-0.06254786,15.246643,0.041472387,0.056285795,0.052695245,-0.5344438,-0.38426855,1.7,0.21361257
171.21863,0.020804772,0.02551124,0.03496349,-0.49831486,-0.45645607,0.583649,-0.36131302,-0.30275765,0.032994628,-0.3297108,-0.3018986,24.841022,0.3809786,0.37847728,30.717422,0.25607705,0.24973322,13.682002,0.32784376,0.3050683,0.4410281,0.48729518,0.6354277,3.936441,0.23656765,0.22021756,1.3903902,-0.5884429,-0.56912905,0.24849728,-0.46858227,-0.3954803,18.432854,0.06981765,0.07255155,1.2697015,-0.3131038,-0.18927476,185,-0.5434833,-0.47323686,0.82984644,-0.47238234,-0.47053832,1.0136222,-0.40992567,-0.4007583,0.37859216,0.23796052,0.060300175,0.026682585,-0.41041332,-0.3776057,-0.12810896,-0.15736997,-0.16187836,16.380915,0.044116925,0.06749579,0.059904996,-0.5509743,-0.4733614,1.7083334,0.21465969
217.06564,0.021566853,0.024240403,0.021266513,-0.5082026,-0.47468996,0.4139968,-0.3634044,-0.36906543,0.026808105,-0.33313572,-0.2945582,33.195717,0.39121446,0.3441352,42.607513,0.26993048,0.21622597,17.324028,0.34566474,0.29192004,0.30073667,0.4488258,0.33040467,3.7958543,0.2484592,0.22762737,1.3916922,-0.5914628,-0.55225253,0.2628598,-0.47524443,-0.3938489,19.85198,0.07162428,0.07325263,0.12886263,-0.31631008,-0.19444823,184,-0.55049086,-0.48426372,0.83165026,-0.4702356,-0.4499279,1.0137297,-0.40824217,-0.38420954,0.5891776,0.26802206,0.22074051,0.020886322,-0.4180534,-0.36601722,0.24349825,-0.16131611,-0.099962704,14.961279,0.045980755,0.06685946,0.051368788,-0.56966376,-0.4695841,1.7166667,0.21570681
202.23087,0.022008343,0.023920918,0.024362104,-0.51528937,-0.47217396,0.6405228,-0.36094275,-0.275172,0.027768262,-0.33446017,-0.2916364,30.951208,0.3960993,0.3283298,42.784054,0.27910295,0.22464123,22.596754,0.36008838,0.33807725,0.40641376,0.43535617,0.2532162,3.861685,0.2568607,0.22529204,1.4104801,-0.5940791,-0.5123216,0.2568805,-0.47959176,-0.38444373,18.669437,0.07276484,0.06946413,0.5472802,-0.31873536,-0.19027492,189,-0.5530691,-0.4778314,0.8294459,-0.46805802,-0.40719768,1.0136068,-0.406559,-0.35193276,0.45304748,0.27744737,0.24111117,0.020088354,-0.42272648,-0.37402165,0.110615775,-0.17239644,-0.10780003,15.204009,0.04724023,0.06371697,0.03803472,-0.5854256,-0.5075307,1.725,0.21675393
196.6093,0.02260915,0.022852037,0.02139522,-0.5218529,-0.46567142,0.49260053,-0.3607563,-0.21255966,0.027211348,-0.33696157,-0.28641063,33.71744,0.40796074,0.32552797,41.855442,0.29150373,0.23154077,21.124323,0.37537077,0.38241127,0.5337021,0.42649224,0.38116658,3.8564737,0.26938018,0.23006725,1.3569262,-0.60048825,-0.5217826,0.25448903,-0.48653585,-0.38718852,20.86995,0.075272754,0.07361941,0.0794709,-0.32352027,-0.20459464,162,-0.5592173,-0.51274985,0.81602705,-0.46835107,-0.4036782,1.0129602,-0.40678984,-0.34879208,0.383795,0.28968164,0.20660764,0.021920616,-0.42742774,-0.373371,0.017919352,-0.1879661,-0.10602697,14.96975,0.049293183,0.062794775,0.043433204,-0.599375,-0.53182966,1.7333333,0.21780105
314.2113,0.023482706,0.029269814,0.018131912,-0.5277622,-0.515164,0.44120687,-0.3636615,-0.2819393,0.018090324,-0.3402943,-0.31546742,48.953228,0.42264926,0.43386737,73.62855,0.30309427,0.330682,21.548962,0.38663825,0.45029527,0.26136786,0.39249116,0.20636286,4.4796443,0.2825539,0.26998064,1.3704603,-0.6060944,-0.5364902,0.21779695,-0.4942236,-0.41167027,24.38313,0.077828094,0.08576412,0.06449635,-0.32757148,-0.24505563,176,-0.563911,-0.52102,0.8207834,-0.4697135,-0.4207849,1.013176,-0.40793625,-0.3617662,0.6242119,0.3195999,0.35680968,0.012027668,-0.43155304,-0.41189307,0.034435008,-0.20725597,-0.07220967,18.36144,0.05188542,0.06939095,0.04109617,-0.61001295,-0.58117455,1.7416667,0.21884817
254.49132,0.023704583,0.03094955,0.016691295,-0.5299736,-0.52861726,0.29162714,-0.36375526,-0.34154218,0.023595639,-0.34051257,-0.3217303,40.307465,0.42741966,0.4658214,43.065063,0.30445167,0.33173913,16.617096,0.39455363,0.44419515,0.44013417,0.38243845,0.3419922,4.010515,0.28822672,0.28575343,1.3576399,-0.6106376,-0.5616199,0.24227627,-0.49690762,-0.42808443,21.673948,0.07933328,0.089482814,0.10015441,-0.3311713,-0.24601942,168,-0.56681985,-0.5357225,0.8206532,-0.472091,-0.44154203,1.0131606,-0.40982422,-0.37831494,0.5109462,0.33259898,0.3089694,0.022084732,-0.43132612,-0.40874293,-0.15782316,-0.22456914,-0.15570466,16.735022,0.05284104,0.07529844,0.057235055,-0.6121357,-0.56578445,1.75,0.21989529
189.11205,0.024027498,0.03036075,0.026299683,-0.5303701,-0.5229199,0.51884604,-0.34927028,-0.4008076,0.030777637,-0.34168872,-0.31586334,28.295954,0.4373373,0.45389098,39.049835,0.31139597,0.32311162,17.180967,0.41165695,0.3974623,0.396157,0.37176162,0.3320127,3.5841215,0.29343316,0.2653587,1.3843299,-0.6144745,-0.5809181,0.27456763,-0.49936965,-0.41397998,19.280914,0.08080666,0.09073086,0.051193744,-0.33547306,-0.26267397,219,-0.5682742,-0.5081553,0.8207058,-0.47523624,-0.45803925,1.0131606,-0.41230223,-0.39129022,0.47472563,0.34521645,0.32222608,0.022301827,-0.43325096,-0.40292457,-0.012261066,-0.23476961,-0.1812692,14.376276,0.053510502,0.07254166,0.0506888,-0.6204961,-0.53258646,1.7583333,0.22094241
250.71025,0.024420926,0.032788903,0.023183279,-0.5312034,-0.51766217,0.5165874,-0.33768955,-0.38912424,0.023284724,-0.3436524,-0.3235185,38.303123,0.4495183,0.47449505,46.605022,0.31895855,0.334085,19.873495,0.42808092,0.38666892,0.47282678,0.37567472,0.27278298,4.533235,0.3026238,0.3150856,1.3544339,-0.62033,-0.58275723,0.21300012,-0.5051688,-0.447065,23.838253,0.08244914,0.09678927,0.7449476,-0.33651614,-0.24033268,166,-0.5736952,-0.50447965,0.82007366,-0.47987783,-0.45040116,1.0131297,-0.41587326,-0.38635883,0.4190509,0.34839734,0.34378585,0.019136943,-0.43540937,-0.41024178,-0.10837493,-0.24178165,-0.20754476,18.913942,0.05484472,0.08567788,0.04487775,-0.62797844,-0.52879673,1.7666667,0.22198953
190.0582,0.024570033,0.027216678,0.021335771,-0.5332394,-0.50824136,0.36187348,-0.33534768,-0.42776537,0.028953848,-0.3448509,-0.30233946,30.764128,0.4584541,0.392769,39.802483,0.32472464,0.25593376,15.107733,0.44016284,0.33108753,0.4092149,0.37536484,0.4166335,3.8026273,0.30466038,0.26533988,1.3710992,-0.6247217,-0.58228576,0.260699,-0.5064791,-0.41285306,17.706165,0.08299187,0.08316136,0.71803194,-0.34038532,-0.21839227,189,-0.57633954,-0.4925339,0.82493174,-0.48355064,-0.44257104,1.0133761,-0.4186221,-0.38053867,0.481525,0.35242108,0.2565296,0.022379003,-0.43692088,-0.38303214,-0.05281128,-0.24376069,-0.22569636,14.829257,0.054581974,0.073913865,0.058959205,-0.63225865,-0.48193306,1.775,0.22303665
149.39545,0.02495357,0.02249978,0.031096665,-0.5336795,-0.46588293,0.5477665,-0.3239025,-0.30300692,0.03701141,-0.3471987,-0.27618465,22.191114,0.47245365,0.3113698,27.159767,0.33224198,0.2191864,14.467597,0.45577627,0.31253952,0.4815449,0.37342632,0.45692483,3.4988778,0.30955088,0.22774589,1.3980116,-0.6293579,-0.5524926,0.28336397,-0.51051587,-0.38008797,16.892061,0.0842686,0.07340137,0.44829723,-0.3443565,-0.20670445,223,-0.57905,-0.44199404,0.83486944,-0.4883106,-0.41573763,1.0138985,-0.42216855,-0.35908058,0.33977956,0.35244367,0.1518573,0.030240484,-0.43907067,-0.36159384,0.025549777,-0.24608202,-0.18754558,13.620795,0.055173747,0.06354187,0.05676993,-0.6403545,-0.4831533,1.7833333,0.22408377
291.23373,0.025856525,0.027083192,0.019857729,-0.53911865,-0.48482525,0.6301167,-0.32138196,-0.24881002,0.018156862,-0.35321167,-0.30078956,51.463882,0.4967472,0.41546643,69.18183,0.34804192,0.28880292,29.65069,0.4777697,0.42014077,0.356607,0.35614166,0.41844392,4.750818,0.3222204,0.31347215,1.3591669,-0.6376934,-0.57106215,0.2034639,-0.5199504,-0.43678913,27.613556,0.086947925,0.09040857,8.851709e-05,-0.34847757,-0.20842016,136,-0.5883714,-0.5182633,0.8157882,-0.49646208,-0.4250196,1.0129293,-0.42839426,-0.3658052,0.57781565,0.367571,0.21489918,0.013506764,-0.44569558,-0.38471264,0.046587486,-0.23903325,-0.17530213,19.413412,0.05719498,0.08031815,0.031514365,-0.6530395,-0.5334574,1.7916666,0.22513089
259.74576,0.026255589,0.027488723,0.021608505,-0.54257166,-0.4894558,0.47761214,-0.31945267,-0.2677938,0.022839881,-0.3570999,-0.3016568,38.948402,0.5099896,0.41836575,44.10325,0.3545224,0.28302285,19.66229,0.49078947,0.41831827,0.3640807,0.34445107,0.31263742,3.918507,0.3256911,0.26830333,1.348262,-0.64206797,-0.57561684,0.24886261,-0.5237922,-0.40819085,21.580807,0.08734986,0.08580105,-0.058359876,-0.35093808,-0.2353887,172,-0.5920074,-0.51274985,0.8092535,-0.50092703,-0.44544283,1.0126051,-0.43179274,-0.38106343,0.5254962,0.3748427,0.2799929,0.020170325,-0.44974038,-0.38199627,-0.1775882,-0.23190089,-0.18970197,16.197676,0.057337318,0.07127157,0.04524279,-0.66245615,-0.53249973,1.8,0.226178
267.0593,0.026451357,0.030944675,0.019143032,-0.54706544,-0.49590346,0.5866905,-0.32041523,-0.1582916,0.02044905,-0.36040246,-0.31823742,45.845703,0.52146953,0.48612928,65.36613,0.3612164,0.3420847,28.73228,0.5049563,0.5358845,0.37206492,0.34586987,0.27649167,4.210238,0.32909828,0.29825366,1.3552358,-0.64482325,-0.5873236,0.2321207,-0.52729195,-0.4309804,23.57018,0.087615594,0.0977697,-0.03294427,-0.3527466,-0.26060036,157,-0.5971639,-0.54215485,0.8039353,-0.50295746,-0.48507398,1.0123576,-0.43330166,-0.4106824,0.5654361,0.373966,0.33130643,0.014342306,-0.4537475,-0.40312162,-0.16782567,-0.21479364,-0.21363072,16.52916,0.057211444,0.07693313,0.03262884,-0.67243433,-0.6015774,1.8083333,0.22722512
297.89923,0.026820052,0.0376098,0.014992952,-0.5522703,-0.5432558,0.4672226,-0.32909572,-0.19752231,0.016919922,-0.36415318,-0.3574069,55.758442,0.53460974,0.6369518,60.379177,0.3672021,0.41883433,29.399889,0.5143765,0.6647353,0.2565477,0.34264603,0.057576496,4.243903,0.33398134,0.35299647,1.3599379,-0.6465346,-0.6154209,0.22754258,-0.53158766,-0.4754948,23.605217,0.087564856,0.11147148,-0.34205833,-0.35307363,-0.28713408,162,-0.59828776,-0.5982081,0.8143612,-0.5011993,-0.52378356,1.0128522,-0.43188545,-0.44110864,0.6868809,0.37362602,0.54356676,0.015625065,-0.45760214,-0.44153988,0.14373064,-0.19167927,-0.18904318,17.062538,0.057518065,0.08839592,0.032089528,-0.680706,-0.6663264,1.8166667,0.22827224
192.81082,0.026911376,0.0331924,0.026908357,-0.5568025,-0.5225237,0.5034627,-0.34880915,-0.25921202,0.029343061,-0.36633667,-0.33559877,29.150728,0.5377948,0.5366958,42.428303,0.36827037,0.3570234,16.004236,0.50825113,0.54698,0.5283265,0.36563724,0.22465415,3.976326,0.33725938,0.29608852,1.3737626,-0.6482242,-0.6046497,0.24685548,-0.53481114,-0.4408925,19.281069,0.08684372,0.09446459,0.8836898,-0.3504431,-0.25746992,196,-0.5994777,-0.5430737,0.8224927,-0.49767026,-0.51112866,1.013253,-0.4291124,-0.43169674,0.32704505,0.35257417,0.39021486,0.020160401,-0.45992494,-0.42405006,0.008865102,-0.17431422,-0.19689132,15.520781,0.057735767,0.07543144,0.053446576,-0.6801248,-0.6087873,1.825,0.22931938
198.06087,0.027035806,0.030423865,0.021166924,-0.5615398,-0.5238222,0.39402434,-0.3670026,-0.29992533,0.027812637,-0.3689825,-0.3259041,32.188843,0.5426653,0.5063242,44.257195,0.36791345,0.35737905,16.665289,0.5036539,0.5211189,0.47926986,0.37942564,0.33672956,4.015277,0.33568928,0.30319896,1.367057,-0.6495416,-0.59077954,0.24500255,-0.5347993,-0.44397065,20.746738,0.08606155,0.09276223,-0.060518872,-0.35263622,-0.2575424,174,-0.59868443,-0.5412359,0.8338261,-0.49459246,-0.4647474,1.0138371,-0.42669296,-0.395869,0.41598672,0.33899754,0.32324734,0.0202285,-0.46140215,-0.42389715,0.060628757,-0.157552,-0.14733025,15.576555,0.057314496,0.07336278,0.053719837,-0.68079937,-0.58654773,1.8333334,0.2303665
288.47433,0.02753057,0.031385012,0.01569072,-0.56663924,-0.5339736,0.41116062,-0.37975684,-0.38542113,0.016240498,-0.3729326,-0.33410892,52.410446,0.5526792,0.5358204,58.71737,0.3707053,0.34201786,22.30416,0.5052913,0.46565062,0.3526469,0.3915046,0.31783643,4.17134,0.33839256,0.3003408,1.3471442,-0.65237945,-0.5967509,0.22617175,-0.53761965,-0.4487146,22.382729,0.08593781,0.090338595,0.12865771,-0.35200796,-0.25211713,192,-0.5986183,-0.5090742,0.81121767,-0.49513194,-0.45100185,1.0127132,-0.42712754,-0.38552725,0.4985248,0.32883298,0.28232956,0.014496081,-0.46385017,-0.4234929,0.0029823764,-0.14382105,-0.111793615,17.025728,0.058084246,0.07501662,0.03816202,-0.68580943,-0.5720315,1.8416667,0.23141362
258.04074,0.027602486,0.02959609,0.01592284,-0.5697682,-0.5312393,0.41579264,-0.3941601,-0.41047123,0.019557161,-0.37444097,-0.32896748,43.14972,0.5517417,0.47916776,58.202553,0.36949718,0.33698902,22.036371,0.4999969,0.40211082,0.42909977,0.41287306,0.48572415,4.5716457,0.3380355,0.32442263,1.333725,-0.653167,-0.61609524,0.21135744,-0.5375595,-0.4616213,24.25726,0.08495018,0.09166943,0.71234876,-0.3481042,-0.21671872,162,-0.6010644,-0.5090742,0.81063795,-0.4932779,-0.45802963,1.0126668,-0.42576233,-0.3909159,0.4147863,0.31524447,0.11593759,0.014499125,-0.46463603,-0.42645258,0.34150112,-0.14050846,-0.07064743,18.550323,0.05813529,0.079971716,0.038295146,-0.68485785,-0.555751,1.85,0.23246074
209.19261,0.027131807,0.030331336,0.02528747,-0.56699693,-0.53600544,0.6021059,-0.40281036,-0.36242482,0.024578841,-0.37265947,-0.33825558,37.662346,0.5401585,0.5174116,43.269093,0.35785222,0.33893156,22.041252,0.48428157,0.45420423,0.39182776,0.44225547,0.3529152,4.0202036,0.32632765,0.32764664,1.3834515,-0.64854556,-0.6089451,0.24589947,-0.53006023,-0.4623837,19.792814,0.0822109,0.09271393,0.066559486,-0.3450057,-0.24415131,169,-0.59815556,-0.5338847,0.8319688,-0.48726344,-0.44014335,1.0137297,-0.42115524,-0.37705445,0.533869,0.29457584,0.24241515,0.021393951,-0.4603374,-0.42321005,-0.012677212,-0.14266884,-0.075129315,15.381461,0.056158107,0.07950771,0.041998375,-0.6749365,-0.5857854,1.8583333,0.23350786
253.87283,0.027017483,0.03283628,0.016615927,-0.56644547,-0.54938745,0.37651536,-0.4132015,-0.37095296,0.0228877,-0.3720472,-0.34785703,38.706726,0.5342648,0.5466973,47.549553,0.35516632,0.3465382,20.07459,0.47474113,0.48362312,0.39371473,0.47526896,0.26967275,3.969357,0.32073915,0.32427254,1.370504,-0.6477615,-0.60640126,0.24909854,-0.5264544,-0.45911738,21.288996,0.08086063,0.09382069,0.04476542,-0.3417773,-0.24061671,159,-0.59828776,-0.5476683,0.82218486,-0.4864354,-0.46211642,1.0132376,-0.42049712,-0.39448836,0.49219316,0.27152482,0.2890171,0.018631257,-0.45883232,-0.42740858,0.19526346,-0.14185038,-0.047118545,16.249165,0.055566337,0.08174785,0.04413081,-0.66788375,-0.6109422,1.8666667,0.23455498
278.6075,0.026840137,0.032393437,0.016598005,-0.56426555,-0.5467196,0.5023636,-0.418253,-0.3265305,0.019426111,-0.37093157,-0.3416465,47.893463,0.52634114,0.52640194,53.12818,0.35076842,0.33362502,28.159464,0.46422628,0.5341486,0.4121966,0.50986695,0.32761273,4.2007055,0.31474462,0.3264303,1.3599334,-0.6480891,-0.5969632,0.23280329,-0.52285135,-0.4538291,20.42756,0.079136215,0.08983013,0.4171071,-0.33640388,-0.23093294,199,-0.5937262,-0.5412359,0.8177521,-0.48720598,-0.44978246,1.0130681,-0.42104915,-0.38416803,0.51818717,0.24630761,0.30104107,0.017512057,-0.45667052,-0.41948077,-0.02780678,-0.15764423,-0.053524233,16.593912,0.05476165,0.080309674,0.033039823,-0.6603531,-0.6243803,1.875,0.2356021
247.15408,0.026482347,0.031904824,0.016658634,-0.56112725,-0.544556,0.31429848,-0.42322314,-0.37596554,0.022070445,-0.36923787,-0.33674672,40.298347,0.5150524,0.51359034,50.091434,0.34674278,0.3148852,16.780355,0.44910386,0.4887944,0.47141632,0.53602046,0.36878538,4.1946793,0.31196326,0.2987316,1.3626534,-0.64863914,-0.5756149,0.23118526,-0.5208813,-0.43801755,20.601416,0.07823792,0.08236843,0.30872774,-0.33083296,-0.24448325,155,-0.5942551,-0.5476683,0.82240224,-0.48844522,-0.4275772,1.013253,-0.42210644,-0.3671239,0.4179861,0.22593954,0.3029978,0.01775558,-0.45446658,-0.4109208,0.117694125,-0.17940141,-0.100087315,17.000023,0.05442011,0.07514637,0.053002596,-0.6506365,-0.5857953,1.8833333,0.23664922
207.74738,0.02623776,0.03183996,0.026491327,-0.55830884,-0.54101616,0.5333375,-0.42069036,-0.40946078,0.024419941,-0.36857042,-0.3370565,35.238743,0.51108766,0.50270075,37.807262,0.34486353,0.30226627,17.324606,0.44448307,0.44809443,0.5206181,0.5498909,0.49409428,3.5148556,0.30774885,0.26159978,1.3702971,-0.64986306,-0.5853225,0.27459285,-0.5181278,-0.41513622,18.831894,0.077509254,0.08040716,-0.06644086,-0.32701153,-0.24894832,203,-0.5935279,-0.51642543,0.8206274,-0.4907536,-0.44898435,1.0131606,-0.42398947,-0.38367265,0.3399099,0.21851705,0.1843874,0.022760918,-0.4526217,-0.4073276,-0.004358499,-0.20125566,-0.098356605,13.862591,0.05363617,0.07008774,0.049670856,-0.64677286,-0.56566656,1.8916667,0.23769633
271.11993,0.025927115,0.03261404,0.017339472,-0.5562902,-0.5388886,0.43342188,-0.4218059,-0.38174316,0.022498164,-0.36741734,-0.3378159,42.044926,0.5063652,0.5176997,59.58331,0.3454218,0.3300689,23.644802,0.43982825,0.4789018,0.4597298,0.56492174,0.5583249,4.249787,0.30812472,0.28220513,1.3506621,-0.65161777,-0.5999653,0.2284648,-0.5181997,-0.43159044,22.502241,0.076786295,0.08288343,0.17667602,-0.31948614,-0.24451983,171,-0.5949162,-0.5053986,0.81830096,-0.4927895,-0.45631534,1.0130527,-0.4256368,-0.3890492,0.4862039,0.21199577,0.18072483,0.015875816,-0.45186487,-0.41457057,0.05691521,-0.2230244,-0.12713999,17.463303,0.05335804,0.07413145,0.04000599,-0.6423972,-0.576488,1.9,0.23874345
243.35678,0.025177054,0.031031923,0.019901345,-0.55190057,-0.5291752,0.41134667,-0.4244027,-0.42607504,0.021952808,-0.36475158,-0.33288997,40.052433,0.4947733,0.48246893,55.180496,0.33875227,0.33481053,18.173748,0.42547312,0.39273503,0.4372752,0.5803719,0.5827255,4.001178,0.30392337,0.26754427,1.3623202,-0.6513507,-0.5982039,0.24101229,-0.51547194,-0.42504424,20.699749,0.07536731,0.08343898,0.749769,-0.31191894,-0.23335175,157,-0.59451956,-0.54399264,0.81687605,-0.494221,-0.45796892,1.012991,-0.42678767,-0.39129093,0.4419881,0.19948262,0.1341274,0.015934313,-0.4486227,-0.41871783,-0.53485274,-0.24894586,-0.23263098,16.069756,0.052085213,0.072385736,0.048380956,-0.6317002,-0.5362406,1.9083333,0.23979057
182.50261,0.024876898,0.028130244,0.030259518,-0.54986495,-0.48918235,0.45511967,-0.4254116,-0.35748488,0.02692822,-0.3638992,-0.32341948,31.052748,0.49482977,0.4409272,30.662928,0.3367797,0.2899232,12.576833,0.4228439,0.35646284,0.49846253,0.5835903,0.6090406,3.6457474,0.30431822,0.22720997,1.3726734,-0.6530177,-0.5908094,0.26684952,-0.5156415,-0.39660403,18.727842,0.074618414,0.07961495,0.6788224,-0.30771914,-0.22092699,182,-0.5926685,-0.51918215,0.82008094,-0.49689084,-0.46235034,1.0131297,-0.42888334,-0.39487433,0.33773273,0.19495246,0.08505064,0.027270561,-0.44643736,-0.39370665,0.3456072,-0.25956964,-0.18521363,14.583508,0.05168071,0.06433748,0.06648695,-0.62709796,-0.5008644,1.9166666,0.2408377
248.1153,0.025251275,0.029942032,0.019615084,-0.5542673,-0.5094017,0.52225965,-0.4329211,-0.36288056,0.022178182,-0.3655461,-0.3277899,41.527073,0.50798523,0.46918154,67.64387,0.34773293,0.35885724,24.52187,0.43198264,0.41856802,0.4822386,0.5688992,0.5716986,4.3670983,0.31421798,0.28983086,1.334497,-0.65766007,-0.61722887,0.22160591,-0.52164155,-0.43885806,22.197147,0.075156964,0.086483546,0.18102302,-0.30467,-0.21261916,156,-0.5919413,-0.5623708,0.8061707,-0.50205994,-0.48963764,1.0124658,-0.43286848,-0.41507542,0.4387564,0.20738636,0.14549752,0.01361535,-0.44922307,-0.41774678,0.09778973,-0.26839334,-0.16396168,17.426306,0.05283072,0.076206505,0.03755811,-0.63277537,-0.5326421,1.925,0.24188481
226.60727,0.025420602,0.02794422,0.019767957,-0.55708987,-0.5022608,0.43441257,-0.4334783,-0.36239803,0.026733493,-0.36672273,-0.3195329,32.161884,0.5187455,0.4247757,41.386307,0.3496552,0.31681517,18.894604,0.44070458,0.37757856,0.44743308,0.5474793,0.5597343,3.9487069,0.32004035,0.26770818,1.3715283,-0.6579528,-0.6018302,0.24928641,-0.5249013,-0.42225403,18.242989,0.07506443,0.07779027,0.94060767,-0.30051228,-0.18697254,217,-0.58929694,-0.5201011,0.8221774,-0.50178736,-0.4823208,1.0132376,-0.43272382,-0.40969887,0.41236642,0.22314121,0.10034422,0.020774975,-0.44922948,-0.4048688,-0.37843776,-0.28126863,-0.25453693,15.366728,0.053073186,0.06922382,0.04550503,-0.6383532,-0.5182154,1.9333333,0.24293193
228.90489,0.025433332,0.027295593,0.018846508,-0.55890024,-0.5053625,0.42045972,-0.43473667,-0.3579593,0.02276537,-0.36668986,-0.31794876,39.492405,0.528199,0.4222594,42.979828,0.35042182,0.28862694,20.057728,0.4474116,0.39383543,0.3239758,0.53125995,0.44949755,4.75696,0.3247761,0.32324135,1.3603867,-0.6586622,-0.603257,0.20549864,-0.5271487,-0.45057413,23.36637,0.075318635,0.08323293,0.9401381,-0.30010727,-0.1805815,164,-0.5915446,-0.5136687,0.82777566,-0.5010112,-0.46174765,1.0135145,-0.43213755,-0.39447486,0.5750834,0.2362567,0.181735,0.020918166,-0.4480106,-0.3917682,-0.22757305,-0.27612787,-0.19060732,18.690165,0.05327106,0.07795115,0.04482358,-0.6415327,-0.5275482,1.9416667,0.24397905
234.83472,0.025712147,0.029644355,0.016724536,-0.5610534,-0.5451616,0.38478246,-0.42887223,-0.39221865,0.019477023,-0.36748993,-0.3324753,47.57979,0.54172784,0.4965176,51.8513,0.35569814,0.33758023,21.320934,0.4618769,0.4692883,0.49958828,0.5238437,0.45059288,3.8931203,0.3227894,0.34141776,1.3525068,-0.6587081,-0.61813945,0.24825448,-0.5258852,-0.46540263,18.846312,0.07499427,0.08347473,0.31298393,-0.30323943,-0.19286337,167,-0.5906191,-0.52745235,0.82178956,-0.50305384,-0.4585226,1.0132222,-0.43361357,-0.39178708,0.42712432,0.24310786,0.23639998,0.017872505,-0.44847026,-0.41647202,0.086126044,-0.2637764,-0.24459243,14.997035,0.052481014,0.07932841,0.043464914,-0.6488277,-0.5879465,1.95,0.24502617
200.26077,0.02589983,0.027496556,0.0220738,-0.56186014,-0.53793186,0.45457914,-0.4236189,-0.42518398,0.023161128,-0.36701,-0.330559,38.973858,0.548357,0.48504567,46.86825,0.35947868,0.28958055,18.589407,0.47060668,0.41809708,0.5305485,0.5122556,0.4975969,3.8616464,0.32247987,0.3042783,1.3567021,-0.6570473,-0.60175264,0.2539076,-0.52545613,-0.4396439,18.424688,0.07488487,0.07577501,0.35225004,-0.3065194,-0.18711497,178,-0.58870196,-0.50723636,0.8209674,-0.50561005,-0.43059352,1.0131913,-0.4354729,-0.37069008,0.37213,0.24934952,0.19565642,0.019259913,-0.4486376,-0.40163466,-0.01270865,-0.25409922,-0.26758164,14.423005,0.05211719,0.06932585,0.04855876,-0.6522983,-0.55908626,1.9583334,0.2460733
195.02039,0.026157536,0.026078878,0.025371226,-0.56249213,-0.5214557,0.42871287,-0.418943,-0.42796013,0.02859864,-0.36643103,-0.32692277,30.571255,0.55390453,0.47789878,34.339535,0.3624809,0.27329978,14.773511,0.47774214,0.38253614,0.44656286,0.4896381,0.4967502,3.6783347,0.32188305,0.28441197,1.3728529,-0.6553871,-0.6007752,0.25990847,-0.52511114,-0.4311734,19.134035,0.075304516,0.07759367,0.42932937,-0.31127262,-0.20427953,195,-0.5849337,-0.52745235,0.80766803,-0.51008815,-0.45798025,1.0125277,-0.4388088,-0.3913317,0.42773345,0.26090273,0.20505372,0.025460342,-0.4485327,-0.38931867,-0.18341716,-0.24177934,-0.22700757,14.987042,0.052057564,0.0680613,0.059179995,-0.65495706,-0.52321005,1.9666667,0.24712043
350.9589,0.026537377,0.03155689,0.0123379715,-0.56550586,-0.5405938,0.458815,-0.41583356,-0.40927833,0.013981299,-0.36599895,-0.3440478,63.863087,0.5617731,0.58739954,78.00779,0.3699021,0.35422787,33.204067,0.49076074,0.4959759,0.33598644,0.46056235,0.50843614,4.640324,0.3242875,0.27584183,1.340584,-0.65189093,-0.61538893,0.20619701,-0.5254208,-0.4306165,23.94961,0.075664036,0.078784086,0.12642947,-0.31408337,-0.23159724,144,-0.5811655,-0.5458305,0.8125114,-0.5090166,-0.48679182,1.012775,-0.43781433,-0.41283792,0.55690247,0.28079492,0.19393566,0.011446151,-0.45002908,-0.4142169,-0.20104095,-0.22773793,-0.22148755,18.922491,0.05222817,0.06883507,0.02689095,-0.6617301,-0.57025623,1.975,0.24816754
335.93268,0.025736645,0.036094353,0.01239564,-0.550779,-0.55332273,0.30088228,-0.40877312,-0.4501438,0.015439366,-0.35109547,-0.35191947,59.628582,0.54275507,0.64153636,75.67609,0.35993007,0.4092723,22.34661,0.4762319,0.5048265,0.29561025,0.4331626,0.30997202,4.3934927,0.30767965,0.3126081,1.3548343,-0.631981,-0.61367124,0.22241394,-0.5048607,-0.45122284,22.675888,0.07360891,0.08660038,0.22004989,-0.3086949,-0.23471722,185,-0.5622583,-0.52929014,0.80929506,-0.50223035,-0.51037544,1.0126051,-0.43229663,-0.43078393,0.6250173,0.27976584,0.3149517,0.0121653695,-0.42592266,-0.42921874,0.4522806,-0.20656756,-0.14530905,17.435194,0.049293794,0.07695541,0.04119764,-0.64073503,-0.5762045,1.9833333,0.24921466
217.43489,0.023625204,0.03686516,0.021843983,-0.51028043,-0.55399853,0.6494284,-0.37683836,-0.35523805,0.023326278,-0.31696826,-0.3515975,37.954727,0.496313,0.6369573,41.327827,0.32920772,0.39647177,26.321512,0.44404915,0.5715468,0.47037485,0.41815093,0.25142497,3.9960392,0.27225468,0.32248297,1.3685579,-0.5977707,-0.604922,0.24427786,-0.46109903,-0.458902,19.955748,0.06903067,0.08972532,0.7051778,-0.29328352,-0.22286877,172,-0.53151757,-0.53480357,0.824417,-0.48788273,-0.5038643,1.0133607,-0.42075709,-0.42585918,0.41496772,0.24434687,0.34114793,0.021422433,-0.38206187,-0.42353433,-0.022598399,-0.18124738,-0.1473666,15.49043,0.043337423,0.0805105,0.033635702,-0.5960595,-0.6153551,1.9916667,0.25026178
146.18448,0.021092981,0.034673315,0.027982686,-0.44901246,-0.5463196,0.47142977,-0.34321427,-0.33443183,0.03970631,-0.26741868,-0.32994246,21.559591,0.43987197,0.59646666,28.73614,0.29655713,0.3835258,14.422071,0.3965147,0.5685142,0.5801974,0.38674372,0.38144714,3.7367258,0.22717912,0.3267734,1.364601,-0.5526066,-0.6110116,0.26682416,-0.40080857,-0.4533871,17.749516,0.06319389,0.08689947,0.44960958,-0.27308238,-0.22218794,201,-0.4901332,-0.52929014,0.8262459,-0.4691002,-0.46879813,1.0134684,-0.40520918,-0.398505,0.27585438,0.20284097,0.24827044,0.029790077,-0.32341355,-0.41215315,0.07439646,-0.13787438,-0.09372844,14.28869,0.0359172,0.07818461,0.059357062,-0.5273526,-0.6148905,2.0,0.2513089
269.5247,0.018495655,0.031018395,0.019380605,-0.37290913,-0.52561104,0.55064774,-0.29998913,-0.28970262,0.019819265,-0.20682906,-0.31856102,43.74519,0.38104555,0.50607425,58.144592,0.2618367,0.33763415,24.6334,0.34501734,0.49455795,0.36955768,0.32254377,0.4141109,4.129503,0.17269339,0.28923938,1.3735024,-0.49424207,-0.58671886,0.23836704,-0.32356662,-0.42773336,22.046053,0.056079548,0.08301425,0.15597892,-0.24398825,-0.2211959,177,-0.43618816,-0.49896622,0.8149839,-0.4444876,-0.4641312,1.0128831,-0.3847623,-0.3953629,0.4974398,0.16733952,0.21190768,0.01491106,-0.2524149,-0.40304524,-0.01647753,-0.09491103,-0.055329993,16.45314,0.027023785,0.06996039,0.035196014,-0.44600305,-0.5931022,2.0083334,0.25235602
191.58089,0.015159331,0.024539618,0.023524716,-0.28195268,-0.4928864,0.4370684,-0.25849804,-0.2233701,0.026542615,-0.13012806,-0.29691458,33.43769,0.30800724,0.38839507,45.21534,0.21519315,0.26725808,16.489405,0.27783448,0.44401613,0.46435112,0.2521795,0.5782904,3.8868837,0.114055425,0.25201488,1.3749343,-0.42625093,-0.5718857,0.25102293,-0.23797654,-0.40491933,18.673637,0.04744113,0.074845515,0.26262823,-0.19147582,-0.21976647,194,-0.3742439,-0.49069607,0.8170206,-0.41161022,-0.44954917,1.012991,-0.35760328,-0.3841391,0.4231726,0.122269355,0.08847508,0.01962882,-0.16804056,-0.38342673,-0.09782195,-0.0400935,-0.16977891,14.86357,0.017756775,0.061395545,0.05382388,-0.34079006,-0.5599773,2.0166667,0.25340313
216.5432,0.01159984,0.024499597,0.018530544,-0.18006311,-0.5026294,0.3586293,-0.20764273,-0.3650104,0.02264951,-0.039846167,-0.298234,39.350204,0.23011528,0.39466512,51.560623,0.16280861,0.29089978,17.248978,0.20669681,0.36572924,0.372836,0.17338048,0.48338822,4.157849,0.06570002,0.2639043,1.3430954,-0.3531694,-0.5906763,0.23178117,-0.15576412,-0.41488475,21.912102,0.037942156,0.0788385,0.22646858,-0.12405662,-0.23583762,181,-0.30734143,-0.4824259,0.80575144,-0.37110156,-0.4847808,1.0124505,-0.32415354,-0.41061068,0.51842684,0.070439376,0.15174268,0.017285727,-0.07134634,-0.39430052,0.1295192,0.042546187,-0.13813083,16.317694,0.013697763,0.06415076,0.051670473,-0.22664341,-0.5126631,2.025,0.25445026
160.37955,0.008299506,0.025136698,0.021490088,-0.07521484,-0.52172065,0.37735882,-0.14446661,-0.41082978,0.03359067,0.05115044,-0.31015676,26.304754,0.14875779,0.41598576,33.89954,0.108345315,0.30282924,15.515624,0.1361384,0.3751655,0.33523503,0.09156858,0.24504758,3.6353555,0.026917806,0.25645584,1.4300852,-0.27658787,-0.5423509,0.28013167,-0.0766428,-0.40427276,15.32316,0.028462838,0.07388622,1.3998473,-0.04930042,-0.20393638,219,-0.24096784,-0.4658856,0.84195346,-0.32031307,-0.4551325,1.0142663,-0.28179538,-0.38741007,0.54835933,0.016905785,0.31838563,0.026065083,0.025807034,-0.40409207,-0.3256582,0.111579135,-0.22136226,13.520668,0.015348062,0.06159285,0.05694868,-0.1139324,-0.51898146,2.0333333,0.2554974
57.81731,0.0047585494,0.015634876,0.09350748,0.04685839,-0.30375338,0.6239298,-0.07168967,-0.37513608,0.11521188,0.15614815,-0.12418341,4.189337,0.061387513,0.23825602,3.2063508,0.04866782,0.17590076,3.220564,0.057383887,0.1903941,0.2601718,0.010127625,0.13861857,1.9317439,-0.020796703,0.09496938,1.6321144,-0.19448216,-0.35150266,0.52906525,0.015348955,-0.17245758,9.424171,0.018554948,0.04812454,2.5331793,0.024710191,-0.12412932,360,-0.16976829,-0.2977257,0.85440105,-0.2705032,-0.38073185,1.0149232,-0.23996378,-0.32808256,0.22248961,-0.055843282,0.15024735,0.15053293,0.13887116,-0.04759492,0.53897375,0.20369062,-0.10580054,8.155927,0.015853839,0.033958804,0.1498686,0.020856239,-0.2181381,2.0416667,0.2565445
44.445072,0.0020538676,0.009031146,0.12343282,0.15370844,-0.009977397,0.88730884,-0.00085711264,-0.1558363,0.14901395,0.24943693,0.11458148,3.0517817,-0.0069210776,0.10172806,4.2170444,0.0024703713,0.08117891,3.2690725,-0.0028385276,0.076315835,0.28105,-0.06675538,-0.039727613,1.8278773,-0.04634703,-0.05632184,1.6099298,-0.13173981,-0.17808281,0.5756258,0.077061586,0.08639463,8.050205,0.010538862,0.026441757,3.465318,0.12720951,-0.016609034,367,-0.11655042,-0.13875487,0.8597101,-0.22335681,-0.30015457,1.0152279,-0.19994535,-0.26303425,0.17370807,-0.1131068,-0.002305859,0.1078381,0.2210761,0.18427297,0.79540443,0.23847625,0.08003535,7.031591,0.019679522,0.007874235,0.1391092,0.12910494,0.0056078187,2.05,0.25759163
43.92125,0.00022817873,0.0012835506,0.12795448,0.2379165,0.31177956,0.8268988,0.04786917,0.072244965,0.14085233,0.32879615,0.34502465,3.3351092,-0.057330612,-0.060092594,4.1884775,-0.03136397,-0.028268991,3.0357847,-0.051886953,-0.046329822,0.20930783,-0.14734872,-0.19883534,1.925686,-0.061766814,-0.2203362,1.6116791,-0.07089473,0.020124195,0.5502342,0.13913526,0.3403427,8.449608,0.004478686,-0.001035647,2.9994266,0.25632372,0.07648435,349,-0.07377781,0.015621411,0.8785591,-0.17966586,-0.16272868,1.0163506,-0.16242093,-0.14961548,0.2604501,-0.15026754,-0.1600645,0.11215481,0.297166,0.43364692,0.88564694,0.257165,0.23734786,7.1337137,0.030258074,-0.022713201,0.1547402,0.2203677,0.2760111,2.0583334,0.25863874
43.66243,-0.0010649794,-0.003954931,0.11039919,0.2966597,0.5732134,0.7943303,0.09555151,0.27534035,0.13598788,0.39127636,0.5446539,3.550529,-0.096308425,-0.16233039,4.4680305,-0.05842125,-0.09626711,3.47399,-0.08546284,-0.1502371,0.21452889,-0.20924449,-0.3162786,1.8677769,-0.06531414,-0.35021394,1.6096121,-0.022031104,0.15260987,0.5748908,0.18303163,0.57539624,7.851376,1.7957229e-05,-0.01628581,3.2450802,0.3794011,0.13843228,375,-0.044359237,0.15897082,0.8775026,-0.14405465,-0.095628984,1.0162599,-0.13195047,-0.091639735,0.26830003,-0.17749326,-0.33132708,0.108063035,0.3564099,0.6491876,0.503889,0.2601537,0.4099353,6.7488146,0.042778227,-0.045267,0.13898398,0.27968174,0.49123058,2.0666666,0.25968587
59.293278,-0.0020092505,-0.003888687,0.09420487,0.33327383,0.57526404,0.6292017,0.1254209,0.27790815,0.13845061,0.43661028,0.5899591,3.869489,-0.1288963,-0.1637675,6.3844566,-0.08100817,-0.08892447,3.5782034,-0.11204341,-0.14715102,0.3214447,-0.24418144,-0.256662,2.7709131,-0.056476798,-0.28855366,1.5703491,0.011891229,0.1070289,0.41431266,0.20325759,0.4838876,9.506321,-0.0028481619,-0.016118143,8.026241,0.48952037,0.32284462,311,-0.029815225,0.113944404,0.86908644,-0.115812935,-0.06791001,1.0157598,-0.1077193,-0.067309774,0.21428843,-0.20311724,-0.3363423,0.0839121,0.40108523,0.47406736,0.8700579,0.2561098,0.4788174,12.577448,0.057332575,-0.030541033,0.14972126,0.3238786,0.49084404,2.075,0.26073298
72.57332,-0.0021623033,-0.0026262386,0.08500878,0.34417874,0.4622796,0.76818675,0.15362504,0.21988702,0.1360904,0.45511204,0.5647639,4.22477,-0.14517821,-0.15849711,6.3550057,-0.091582045,-0.08398495,5.1955748,-0.11997468,-0.13052724,0.3009106,-0.28054634,-0.23733827,5.6912227,-0.035963345,-0.0046836236,1.4945157,0.032196984,0.02185664,0.19590181,0.20680414,0.18107946,12.166024,-0.0035223064,-0.007717617,5.721184,0.5633244,0.39857826,296,-0.031203518,0.048702046,0.8740184,-0.09376143,-0.04090295,1.016048,-0.088527836,-0.043463167,0.27404007,-0.20006855,-0.27498698,0.09047209,0.42494956,0.42841887,1.3035101,0.22291014,0.58452886,37.57378,0.072790615,0.07118037,0.11066161,0.32909465,0.41621184,2.0833333,0.2617801
320.79602,-0.0020131122,0.009800417,0.02978577,0.3424371,0.1736182,0.62954617,0.16691995,0.12376195,0.027531188,0.45772335,0.34383786,28.965855,-0.15207298,-0.043334726,44.584866,-0.09556515,0.009346261,16.855051,-0.12165422,-0.011280775,0.16932927,-0.3118633,-0.27623615,6.1397195,-0.04436868,0.3049542,1.3962885,0.05182457,-0.1370954,0.1566773,0.2280042,-0.13275965,25.544228,-0.003593392,0.02717308,2.812135,0.6144627,0.39229053,176,-0.03953327,-0.11026878,0.8737396,-0.07832105,-0.049999915,1.0163658,-0.0747793,-0.0430234,0.62813514,-0.18845962,-0.050139252,0.017886437,0.44082227,0.18062398,-0.50355214,0.13604386,0.29550576,43.254963,0.07656249,0.19148295,0.047313083,0.32652858,0.13437694,2.0916667,0.26282722
44.059834,-0.0029854695,0.009818254,0.103762396,0.35507742,0.15410298,0.6118813,0.17524387,0.034896042,0.14423583,0.4757965,0.3599177,3.3683624,-0.16398819,-0.044153225,4.192101,-0.10564994,0.008708757,2.864964,-0.13158894,-0.016536059,0.22954525,-0.32583338,-0.2616257,2.0195584,-0.07719682,0.31610677,1.5927505,0.07840745,-0.14953874,0.52093875,0.26062605,-0.1757833,8.357358,-0.0064676884,0.028205806,2.0948277,0.71705204,0.35367438,316,-0.03556672,-0.16448426,0.86831826,-0.07066521,-0.06733559,1.0157295,-0.06857947,-0.058447644,0.25629333,-0.20111538,-0.057481617,0.115893826,0.47707802,0.20120807,0.84709394,-0.0005014978,0.3669096,7.034112,0.0676297,0.19243313,0.1695793,0.3445651,0.21464373,2.1,0.26387435
48.547523,-0.0036260677,0.009335964,0.098535724,0.35616,0.16683769,0.7311483,0.1816127,0.08455142,0.12808616,0.4810294,0.3397116,3.7029479,-0.16869798,-0.044901516,4.068834,-0.11052634,0.003358777,3.5193427,-0.13386796,-0.017043969,0.25363573,-0.3288629,-0.3276017,3.1258807,-0.09826499,0.34218898,1.5540813,0.096601926,-0.1615439,0.3329849,0.2736755,-0.24063756,8.825145,-0.008522507,0.026815504,15.468153,0.83190197,0.6035133,304,-0.03464119,-0.1709166,0.87473243,-0.065655515,-0.056678753,1.0161237,-0.064656876,-0.047867775,0.22066066,-0.2049809,-0.053584855,0.11656813,0.49789488,0.2870481,-1.9873842,-0.13335073,-0.2275817,11.951366,0.060654283,0.19034797,0.13476846,0.33962783,0.17541507,2.1083333,0.26492146
51.329887,-0.0042623268,0.00838252,0.12122233,0.36072993,0.27332228,0.8154934,0.1852198,0.10759319,0.17747517,0.49006066,0.4203936,2.0523531,-0.1736423,-0.054662477,2.152487,-0.11570248,-0.0063506598,2.4503465,-0.13686948,-0.040732548,0.21009444,-0.3323131,-0.41596293,1.0460706,-0.13369088,0.00087354693,1.8288143,0.12100806,0.085158825,0.9350254,0.3132034,0.34877124,7.8228636,-0.010705984,0.017950967,16.546333,0.88030785,0.9669338,391,-0.025848676,-0.08362049,0.88215727,-0.06351271,-0.041316386,1.0165472,-0.063349865,-0.03335038,0.1541473,-0.21058965,-0.12690201,0.16921902,0.52715,0.49404314,0.22134423,-0.16861288,-0.45272645,26.2479,0.051569056,0.15262689,0.14864907,0.34244904,0.27507514,2.1166666,0.2659686
51.17415,-0.004941428,-0.003718613,0.10669832,0.3621365,0.4994807,0.97328484,0.18660755,0.27501887,0.13100867,0.4936849,0.62212884,4.2114925,-0.17802465,-0.16588715,5.088992,-0.12023155,-0.09760134,5.0329022,-0.13901287,-0.14274588,0.23243436,-0.33079365,-0.35456368,1.9458609,-0.16013679,-0.30728188,1.6261262,0.12123441,0.25477242,0.54465324,0.31096166,0.6581598,8.71771,-0.01280023,-0.016392523,3.0627012,0.8571992,0.9753458,324,-0.02472482,0.05237767,0.8673047,-0.06524326,-0.053462397,1.0156536,-0.065579936,-0.054061133,0.3193077,-0.21094844,-0.31575698,0.10841873,0.53743094,0.73201734,0.89931726,-0.18052529,-0.16085924,7.293371,0.03367696,0.032856043,0.10962702,0.34413618,0.4385557,2.125,0.2670157
59.569366,-0.0051481184,-0.0030225164,0.08213332,0.3533831,0.43588123,0.58682793,0.16369408,0.26281604,0.10288248,0.48848793,0.54150814,5.382513,-0.1786541,-0.1568373,5.2921853,-0.12162657,-0.095059715,3.9565613,-0.13905995,-0.13332649,0.25862035,-0.3021862,-0.3262745,2.1795473,-0.14842275,-0.29552624,1.5694581,0.10889433,0.2375833,0.47727388,0.28407428,0.6233396,9.6918745,-0.011995294,-0.013668731,1.2517931,0.8307114,0.94704354,324,-0.028426932,0.059728924,0.8691112,-0.068813585,-0.051965714,1.0157902,-0.06839932,-0.052295964,0.29514593,-0.21742591,-0.29199773,0.104638495,0.5359567,0.70243144,0.53267026,-0.22393976,-0.22627515,8.131479,0.027544495,0.036510848,0.13996151,0.35022643,0.36085346,2.1333334,0.26806283
117.639404,-0.005305265,7.845611e-05,0.040440276,0.34475595,0.26505375,0.6581706,0.15117283,0.22727062,0.05460489,0.4831205,0.3982522,14.624505,-0.17823416,-0.10776529,22.053928,-0.1215077,-0.053507224,12.996819,-0.1362759,-0.051545337,0.2516275,-0.28011525,-0.32822844,3.468279,-0.13201304,-0.2703676,1.5073141,0.09455128,0.20307039,0.3043928,0.25337413,0.600539,13.102697,-0.010795133,-0.004938102,2.4759107,0.8158677,0.5108697,204,-0.035170067,-0.032161728,0.8730861,-0.07159714,-0.055073198,1.0160025,-0.07046522,-0.05582011,0.546942,-0.21496613,-0.09246933,0.03620985,0.52518624,0.49120077,0.09532707,-0.28461266,0.20703326,12.66558,0.022139175,0.03888955,0.06144346,0.3444355,0.1684854,2.1416667,0.26910993
56.16183,-0.0057944264,0.00029532288,0.08323896,0.35447484,0.15336508,0.6553646,0.14902009,0.14927629,0.12572779,0.49330282,0.29736772,4.1594024,-0.18364327,-0.09829803,4.488858,-0.12663108,-0.048109304,4.1173573,-0.14222617,-0.0371607,0.21419661,-0.25568604,-0.32423717,2.4034784,-0.12480167,-0.17062828,1.6011537,0.08638042,0.035063464,0.4433415,0.23516834,0.20844926,10.097796,-0.010315659,-0.000294887,2.8034563,0.81157005,0.049495608,293,-0.0325257,-0.12221456,0.87750626,-0.07626255,-0.06385214,1.0162599,-0.07424436,-0.06417349,0.30875584,-0.23373297,0.0020773092,0.1165001,0.53024733,0.35262325,-0.35303083,-0.32519665,0.087534435,9.025314,0.015829023,-0.018470632,0.12701169,0.35894117,0.111719735,2.15,0.27015707
44.3414,-0.006231705,-1.13436845e-05,0.11297482,0.36437747,0.1718209,0.7524452,0.15548548,0.041711364,0.14908886,0.50183403,0.3326161,2.992813,-0.1885163,-0.10377372,3.3601403,-0.13098419,-0.05210362,2.9717894,-0.14651863,-0.054946043,0.2294856,-0.22186406,-0.3271062,3.8211684,-0.10021601,-0.032834847,1.5822281,0.07018518,0.002667967,0.27732918,0.20520332,-0.0047263755,8.540662,-0.0095972,-0.00065624784,24.411922,0.8117067,0.76622885,357,-0.03093908,-0.09189065,0.87872034,-0.081322506,-0.04230488,1.0163356,-0.078400075,-0.04434231,0.2167095,-0.2534835,-0.060663823,0.13279061,0.52510524,0.41668743,-3.9672906,-0.32107696,-0.92496413,14.466182,0.015759146,0.0054185637,0.15014358,0.36570686,0.21801488,2.1583333,0.2712042
40.355186,-0.0057249595,-0.00087371195,0.12822697,0.34495404,0.30735752,0.78818864,0.15466096,0.13978864,0.15798798,0.48381525,0.4400474,2.8050416,-0.18267359,-0.11535465,3.7195325,-0.12616968,-0.055737052,2.7240443,-0.13824311,-0.06558143,0.29014683,-0.19504006,-0.29643196,2.4744825,-0.065175645,-0.011163649,1.5953175,0.041585322,0.021751445,0.42629805,0.17044754,-0.04537669,7.4241033,-0.005632347,-0.0052848454,7.3208194,0.69024837,0.96997744,367,-0.050639607,-0.05237767,0.87326545,-0.08843546,-0.034463644,1.0160025,-0.08377358,-0.038169097,0.15301605,-0.23901168,-0.14757946,0.11914478,0.48528507,0.45481881,2.2304482,-0.18350871,-0.5717411,9.133082,0.021744838,0.008754425,0.16268563,0.3382974,0.27763158,2.1666667,0.2722513
40.75065,-0.005149932,-0.0043246225,0.12100615,0.31300995,0.5442584,0.75613296,0.153909,0.18750341,0.16962288,0.4573454,0.66428155,2.4884472,-0.17577733,-0.16988358,3.2488337,-0.12061947,-0.099184066,2.6375675,-0.12763885,-0.15497142,0.24070537,-0.17334443,-0.30705884,1.7918807,-0.03378336,-0.13434166,1.594602,0.011940769,0.08616739,0.5907139,0.14344312,0.18294801,7.2789993,-0.0011929327,-0.01717121,3.8482008,0.5369648,1.0160478,367,-0.078537665,0.09740409,0.8718594,-0.096661,-0.036779117,1.015957,-0.09001746,-0.039491292,0.18139222,-0.21184295,-0.3711214,0.1299228,0.4380284,0.70115376,1.0466764,-0.10150571,-0.37381274,6.492626,0.027045948,-0.011804728,0.16003291,0.29885218,0.5362809,2.175,0.27329844
43.671837,-0.0044706543,-0.004885197,0.10318998,0.26593873,0.60292363,0.6775945,0.1475606,0.19833098,0.16513479,0.4156959,0.74110776,2.7978017,-0.16708764,-0.17600143,3.7199938,-0.11382935,-0.10096043,3.0338063,-0.11444331,-0.1643214,0.21467446,-0.1533955,-0.3065939,1.8454766,0.028329028,-0.1753424,1.586211,-0.023849707,0.075140074,0.57854277,0.07728375,0.2907633,8.2523985,0.003934593,-0.02093773,3.1985962,0.43737724,1.0293133,299,-0.11694708,0.10291753,0.8732539,-0.10426664,-0.04480548,1.0160177,-0.09576853,-0.046536498,0.24733993,-0.16988009,-0.40867865,0.124197625,0.37777844,0.72138757,0.97773063,-0.10086297,-0.09694761,6.83489,0.037135668,-0.019099982,0.15228869,0.24500386,0.6025951,2.1833334,0.27434555
218.7862,-0.003719504,0.0029442103,0.034625232,0.21815556,0.37253964,0.39607105,0.14907932,0.024750898,0.05459954,0.36961973,0.55689543,16.74079,-0.15791847,-0.11422993,23.580978,-0.10651879,-0.054242514,10.455512,-0.0999741,-0.099744335,0.6672852,-0.12948418,0.11937127,8.685324,0.08923502,0.18206495,1.4007343,-0.047547188,-0.05879711,0.116674006,0.0238119,0.16264997,30.327988,0.009316038,0.02353094,1.8771868,0.3709631,0.27278015,226,-0.1503322,-0.017459223,0.8411592,-0.11065335,-0.11570274,1.0146484,-0.100419566,-0.09559589,0.24675415,-0.1288125,-0.39030564,0.038761724,0.31646076,0.47422218,-0.88197094,-0.12460206,0.54495364,59.03396,0.052114762,0.12933393,0.08742177,0.18144906,0.43804452,2.1916666,0.27539268
92.29385,-0.003967713,0.0052753147,0.054499082,0.1990124,0.15574561,0.6887671,0.18302833,-0.023674622,0.068490915,0.34442237,0.38241577,10.472892,-0.15694869,-0.079777256,14.613912,-0.10584986,-0.029072305,9.065312,-0.09287471,-0.045025527,0.20336016,-0.15946029,0.034930572,3.3181398,0.07498679,0.244055,1.491076,-0.049128074,-0.13572435,0.31431133,0.016625946,0.07334697,14.441801,0.008966049,0.0378543,3.5616598,0.30847824,0.14657815,227,-0.17168546,-0.14610614,0.8670878,-0.10938796,-0.12736315,1.0157143,-0.100122616,-0.10397565,0.5139378,-0.08495184,-0.16959383,0.049083225,0.279896,0.2900576,-0.42191535,-0.09711856,-0.0068710474,12.703598,0.04366442,0.1412256,0.07912556,0.1312807,0.21882479,2.2,0.2764398
63.283646,-0.0044323774,0.0062866374,0.07843643,0.19266033,0.03057095,0.9958747,0.2172709,0.093097016,0.08809837,0.3326076,0.22347906,7.280095,-0.15969513,-0.058247734,8.298481,-0.10848419,-0.017405676,8.143138,-0.09152183,0.0024820508,0.21765445,-0.1851199,0.012502751,2.5459826,0.046989407,0.29946476,1.5620795,-0.040268406,-0.15972488,0.4086115,0.031374034,-0.071869284,11.393774,0.0071856873,0.046252694,0.82295614,0.23736465,0.045015022,239,-0.18259346,-0.26372617,0.8618541,-0.10681971,-0.14624825,1.0153496,-0.09883938,-0.12163824,0.42371008,-0.05984742,-0.021410976,0.07728698,0.26245573,0.15169847,0.46523988,-0.032466967,-0.127839,8.784874,0.032944523,0.14885998,0.07876135,0.09943783,0.0056089386,2.2083333,0.27748692
57.361897,-0.004744917,0.006901073,0.08238798,0.1795964,-0.030596545,0.79915804,0.23525837,0.15230727,0.102906115,0.32075462,0.10216069,5.75858,-0.16083483,-0.04494456,6.946268,-0.109082684,-0.00995174,5.7481146,-0.08843376,0.02590382,0.27024814,-0.20966403,0.06657417,2.1750362,0.027505124,0.32368007,1.5546408,-0.03315475,-0.18302278,0.48924175,0.036099773,-0.14308172,9.788846,0.0056019244,0.049388636,1.5244892,0.17772797,-0.01118788,274,-0.19376591,-0.28669882,0.8778007,-0.10033409,-0.13766603,1.016275,-0.09398713,-0.114153035,0.322345,-0.030260539,0.02445631,0.085311,0.24175148,0.04948067,0.5376042,0.03150883,-0.21940736,7.8483815,0.023735013,0.15223543,0.103093475,0.06787474,-0.12345465,2.2166667,0.27853402
88.333916,-0.0050385017,0.0010461317,0.049484838,0.16495664,0.013097563,0.6582777,0.24701165,0.28002095,0.07029836,0.31211537,0.13276644,10.292635,-0.16244079,-0.07391699,13.5935,-0.11002634,-0.03302666,9.625177,-0.085981384,0.018738855,0.18327609,-0.24273583,-0.40435138,3.3435056,0.013814227,-0.06882489,1.5314171,-0.02256403,-0.08658261,0.31587294,0.030529877,0.015768033,15.435254,0.0042397054,0.018992063,1.0753102,0.12659426,-0.03810838,216,-0.20559944,-0.2958879,0.86708426,-0.0956149,-0.08873209,1.0156687,-0.09070156,-0.08448328,0.5402792,0.003237899,0.20395353,0.053228036,0.22612341,0.08750698,0.17274177,0.08140879,2.5786938e-05,12.238761,0.01550018,-0.0036169442,0.0751732,0.039787304,-0.15558878,2.225,0.27958116
59.828762,-0.0055637765,-0.00041096212,0.09006742,0.17076847,0.11768489,0.9666573,0.26877514,0.41537362,0.107968055,0.3196759,0.20972939,5.513024,-0.16803029,-0.096202336,7.376449,-0.1139574,-0.049747985,6.3883686,-0.08994016,-0.0043604933,0.27279982,-0.26925498,-0.3367888,2.2870436,-0.0036246793,-0.14458755,1.5779457,-0.0073962826,-0.022475269,0.46450663,0.03229904,0.13554019,9.984308,0.0012394817,0.009894169,0.785534,0.14043266,-0.13130811,294,-0.20520279,-0.23432116,0.8692075,-0.08820979,-0.08473111,1.0158205,-0.084980436,-0.081394374,0.32243067,0.013160382,0.0868426,0.080693364,0.23020244,0.17059773,0.4477475,0.070472844,0.18095928,8.229288,0.0067673,-0.018518725,0.09317409,0.03134317,-0.11873247,2.2333333,0.28062826
68.341194,-0.00613306,-0.00018397004,0.06781563,0.18567958,0.08645485,0.6144764,0.27369633,0.22960497,0.09661304,0.3344975,0.22632922,6.842602,-0.17484815,-0.09816805,9.38852,-0.11889295,-0.047229577,5.9900765,-0.09804217,-0.022939267,0.20122626,-0.29896763,-0.35277292,5.8671446,0.0074602263,0.09944405,1.5178233,-0.00055128004,-0.055135112,0.17737304,0.012096089,-0.048859254,10.798351,-0.0015870561,0.008678891,12.072055,0.17874165,0.24634518,271,-0.20209566,-0.20491615,0.87400365,-0.08267609,-0.061798636,1.016048,-0.080861494,-0.061087754,0.4598583,0.013681004,0.10894805,0.07041414,0.24317053,0.15253171,-0.5550928,0.09390159,-0.0313211,22.038027,0.00722698,0.025621178,0.11036329,0.04744388,-0.035824794,2.2416666,0.2816754
60.41092,-0.006794693,-4.7124195e-05,0.081596665,0.21250391,0.084128015,0.7739491,0.28592268,0.2173264,0.11939044,0.35832188,0.25846636,5.032109,-0.18318063,-0.10143219,8.208751,-0.12501936,-0.044312757,5.6984878,-0.10847761,-0.023367498,0.27948081,-0.31902042,-0.3437898,2.432458,-0.019308845,0.11835883,1.5744109,0.010909645,-0.040545356,0.43950924,0.02459476,-0.08851809,10.551147,-0.004722919,0.010234773,2.1103427,0.19639677,0.26601338,283,-0.19336925,-0.19664599,0.87421656,-0.07730004,-0.06856386,1.0160631,-0.07677162,-0.06725123,0.32130492,-0.006865591,0.10831202,0.073188454,0.2661798,0.120666236,0.3448635,0.1252183,-0.07142084,8.86798,0.0021376917,0.029016972,0.10542898,0.0725411,-0.029697616,2.25,0.2827225
47.16764,-0.0075398064,-0.0018947433,0.105799966,0.2466712,0.24972051,0.7845089,0.2910921,0.27881014,0.13574333,0.38937408,0.38605508,3.8105903,-0.1925448,-0.13055688,4.7932925,-0.13241182,-0.06464462,3.8355095,-0.121855825,-0.07332654,0.28307477,-0.34547064,-0.24668884,2.1914673,-0.05165065,0.033709608,1.597453,0.023789339,0.008187201,0.4819809,0.049689736,0.04394348,9.74661,-0.008364567,-0.0013759427,2.1437635,0.21665163,0.30188334,310,-0.18008131,-0.11026878,0.87694913,-0.07201457,-0.049943667,1.0162296,-0.07273972,-0.050941307,0.23418744,-0.033069514,-0.078870036,0.10791376,0.30184487,0.26441374,0.25535524,0.17252786,-0.054233097,8.006709,-0.0037190842,0.014922037,0.1348614,0.11454379,0.12689431,2.2583334,0.28376964
51.542908,-0.0077430476,-0.002266628,0.090841636,0.26138425,0.25199708,0.7994479,0.2836498,0.19736704,0.13508487,0.4062319,0.43892086,4.024208,-0.19717841,-0.13724633,5.3943486,-0.1359808,-0.06922404,4.7840123,-0.12978539,-0.087170534,0.21370871,-0.3521016,-0.30418262,2.0357504,-0.044443533,0.015245135,1.611959,0.0235425,0.033288017,0.52727246,0.04745837,0.093995675,8.662109,-0.009085768,-0.004074595,2.6827202,0.25487795,0.36557543,288,-0.17432982,-0.115782216,0.87560964,-0.07236514,-0.037859466,1.0161539,-0.07283495,-0.041245647,0.32990086,-0.050444618,-0.07430184,0.10077391,0.32053488,0.31719768,0.7413013,0.20684049,0.0068408228,7.3208504,0.0026233203,0.011896465,0.113630466,0.14071038,0.18056159,2.2666667,0.28481674
60.566345,-0.00781839,-0.0026155775,0.082861975,0.26783627,0.29624027,0.84956294,0.2711066,0.31187126,0.121303655,0.41371912,0.4870566,4.9247003,-0.19961752,-0.14586373,5.9702435,-0.13783318,-0.07712157,6.1248283,-0.13491581,-0.08600776,0.2006359,-0.35934663,-0.30475703,3.122692,-0.029483879,-0.18641113,1.5835214,0.015512043,0.081771284,0.34105888,0.030965675,0.22452578,11.132109,-0.008945529,-0.0033933849,3.4113834,0.29331663,0.07482049,270,-0.17042938,-0.116701126,0.8823289,-0.0738548,-0.022145284,1.0165623,-0.0738582,-0.026288982,0.39674821,-0.057841543,-0.11289508,0.10006026,0.32968143,0.39512578,0.7966465,0.21639024,0.2880704,11.529134,0.010319459,-0.023103623,0.097534835,0.16017017,0.14690614,2.275,0.28586388
64.99626,-0.00791167,-0.0024097788,0.0736554,0.27308738,0.2728893,0.7573204,0.25970843,0.3037719,0.104335584,0.41619375,0.4577063,5.9100313,-0.20119981,-0.14191909,7.466291,-0.13899992,-0.07883694,6.3401184,-0.13917165,-0.08047113,0.19668378,-0.3616586,-0.38531592,2.9667063,-0.02342318,-0.14715575,1.57449,0.006075069,0.08182965,0.35868686,0.027317991,0.16007456,11.110778,-0.008929274,-0.0022511594,3.3878598,0.32022744,0.11770912,245,-0.1705616,-0.15161957,0.86379784,-0.07893623,-0.041810736,1.0154713,-0.07818546,-0.04349865,0.4199428,-0.06608413,-0.05257577,0.08258808,0.3314512,0.41983375,0.6262119,0.21555173,0.34660497,10.946644,0.016499853,-0.01618059,0.0972579,0.1784625,0.12546933,2.2833333,0.28691098
53.67975,-0.008086127,-0.0021175034,0.08828677,0.28469735,0.22139241,0.862177,0.24852021,0.34160194,0.11375211,0.42314106,0.41483316,5.2233768,-0.20350374,-0.13557126,7.0584497,-0.14070301,-0.073603556,5.8024526,-0.14523566,-0.06349838,0.23666318,-0.35376146,-0.4304729,2.2058854,-0.02721884,-0.14609635,1.5679619,-0.0035661233,0.060066085,0.4801996,0.040851556,0.1586541,10.271758,-0.0093713645,-0.0011793138,1.749644,0.33847788,0.10447779,260,-0.1654712,-0.1975649,0.87718785,-0.08154079,-0.041360192,1.016275,-0.08030679,-0.04217854,0.35750693,-0.08656163,0.022836888,0.08417855,0.33808303,0.35744312,0.8464018,0.2120925,0.4695723,7.826767,0.021106377,-0.016779892,0.10239982,0.20494281,0.040306408,2.2916667,0.28795812
64.36345,-0.008164968,-0.0015420935,0.09741949,0.28972492,0.24073432,0.64362526,0.22788088,0.265705,0.11274085,0.42523086,0.37127224,4.4068727,-0.20430686,-0.1338519,5.395112,-0.14132206,-0.07360179,3.282457,-0.1495517,-0.076455295,0.2069136,-0.34704113,-0.43708435,7.12214,-0.024817906,0.22764026,1.4017286,-0.014916408,-0.095077895,0.12613887,0.045628082,-0.161227,13.823094,-0.009254496,0.009354431,3.2935567,0.35506576,0.12498471,262,-0.16077745,-0.22145647,0.8500025,-0.08496671,-0.08969414,1.0148011,-0.08324083,-0.08151778,0.289921,-0.10082492,-0.0016117125,0.092089765,0.33984601,0.3346159,0.6231144,0.19340976,0.4449835,47.646545,0.026691545,0.117525674,0.15136057,0.22957446,0.13929129,2.3,0.28900525
64.58399,-0.008315334,-0.0013617738,0.074211,0.29112205,0.21529645,0.6903395,0.22041671,0.18815164,0.091538325,0.42986694,0.31324303,6.4938297,-0.20488733,-0.12680158,8.843867,-0.141629,-0.066962615,5.529659,-0.15122646,-0.08159102,0.30857164,-0.33270597,-0.33206627,3.2769973,-0.079107545,0.23897827,1.5291429,-0.007683825,-0.13520771,0.32449967,0.094385825,-0.17443205,12.040623,-0.010420059,0.011208739,12.663104,0.36189944,0.43558225,260,-0.15000166,-0.23064554,0.87487185,-0.08198512,-0.103769615,1.0161237,-0.080826364,-0.09427214,0.28586265,-0.1136152,-0.06942075,0.067214295,0.34199685,0.24827662,-1.7074133,0.17293763,-0.07598654,13.244155,0.01400097,0.12323759,0.10749928,0.23728152,0.16543299,2.3083334,0.29005235
48.812782,-0.0085068075,-0.0020881186,0.09673045,0.2947365,0.28314778,0.6601755,0.21305585,0.14083502,0.12818776,0.4409453,0.35974422,4.062921,-0.2061649,-0.1351009,5.5911555,-0.14246975,-0.0712949,3.5545216,-0.15324295,-0.10562794,0.24704966,-0.33030862,-0.28306186,2.0381799,-0.12620692,0.1707522,1.589689,0.0022967702,-0.123991296,0.51636165,0.14722984,-0.04869545,9.126589,-0.012322502,0.00715894,1.9828455,0.3425403,0.3884133,336,-0.1329455,-0.14702503,0.87444615,-0.07744399,-0.08367076,1.0160782,-0.07693832,-0.07662197,0.2737671,-0.1174959,-0.1588105,0.09315012,0.35081366,0.2760401,0.62325406,0.2193599,-0.07660192,7.5346613,0.00187452,0.11187391,0.14652233,0.2477877,0.29467815,2.3166666,0.2910995
59.486553,-0.008659116,-0.0018274983,0.07967106,0.29719204,0.25781363,0.79741627,0.21151416,0.10929183,0.10977572,0.45095822,0.35199204,5.5690327,-0.2071555,-0.13354781,7.466947,-0.14284992,-0.07035112,6.1188607,-0.15398912,-0.10289765,0.20010683,-0.32817832,-0.31863004,2.6614716,-0.16432105,0.20422767,1.5436428,0.010065445,-0.14193815,0.37894627,0.18442897,-0.12943919,10.663947,-0.014073323,0.0079594115,9.051836,0.3480811,0.63356155,280,-0.120186426,-0.12864691,0.8671214,-0.07263118,-0.102671415,1.0156536,-0.07276064,-0.09469355,0.41123778,-0.11779,-0.12595287,0.08187344,0.35594305,0.26998085,0.652127,0.24476315,-0.11702082,10.488362,-0.009011674,0.12073841,0.09991151,0.2505607,0.28815007,2.325,0.2921466
54.206825,-0.008902603,-0.0022833464,0.08586519,0.3116663,0.22383864,0.7582433,0.21289471,0.16511914,0.1309674,0.46932188,0.3875257,4.3895626,-0.2094231,-0.1336256,5.8100777,-0.14417157,-0.06939238,5.076634,-0.15749201,-0.087415695,0.2147237,-0.31969428,-0.31103104,2.1184447,-0.20912455,-0.16343273,1.5842863,0.023498522,-0.0072158417,0.4958112,0.23697397,0.16535333,9.223863,-0.016289964,-0.0014277756,1.8822525,0.3180988,0.58618146,321,-0.10068423,-0.07443143,0.8749119,-0.06644147,-0.05565455,1.0161085,-0.06733564,-0.05667535,0.36016586,-0.13244048,-0.08299654,0.098946966,0.36924392,0.28800577,0.49355444,0.26795667,-0.1439758,7.8759465,-0.021305192,-0.0117184,0.11324227,0.2651926,0.18814674,2.3333333,0.29319373
51.760365,-0.009179362,-0.0028588949,0.08128106,0.33075777,0.24462788,0.7373463,0.22004047,0.18801486,0.11668386,0.4900683,0.43654838,5.229696,-0.21209097,-0.13930552,7.4904804,-0.14581521,-0.07251923,5.5356603,-0.16162033,-0.087363906,0.25859714,-0.31074128,-0.35965466,2.132454,-0.25453,-0.24753124,1.5781188,0.039453365,0.028927024,0.49365476,0.2922817,0.30024484,9.957742,-0.018641863,-0.005679007,1.7395993,0.29117224,0.21945898,240,-0.08395862,-0.09280956,0.8737323,-0.058662176,-0.05780532,1.016048,-0.060320485,-0.05887765,0.35162398,-0.15196347,-0.042782,0.08146622,0.3857554,0.32546854,0.5361399,0.30123752,0.3227958,7.6249237,-0.033824496,-0.030433366,0.11023457,0.2806222,0.1953228,2.3416667,0.29424083
45.075005,-0.009448943,-0.0030266533,0.09672771,0.35374218,0.24461982,0.72173405,0.22763787,0.21799834,0.13951609,0.514548,0.45863357,3.820806,-0.2154156,-0.14039338,4.97584,-0.14823861,-0.07394084,3.9774575,-0.16684417,-0.083714396,0.27829304,-0.30935985,-0.32925585,2.022847,-0.2952469,-0.24865787,1.5904416,0.057375897,0.029482402,0.5225984,0.34170973,0.30521828,9.058627,-0.021058008,-0.0058177183,2.0507252,0.2713114,0.22173783,295,-0.058506593,-0.13048473,0.8698424,-0.04894506,-0.06649494,1.0158205,-0.05145292,-0.06637139,0.25477085,-0.17231476,-0.054398656,0.10713043,0.4099184,0.36221737,0.5654932,0.34620345,0.31077868,7.1415014,-0.04558942,-0.031742793,0.13402127,0.30227292,0.16252626,2.35,0.29528797
51.482178,-0.0096719265,-0.0033859047,0.09416575,0.3747976,0.2872409,0.784658,0.23743019,0.21178414,0.12055083,0.53595567,0.47964025,4.814239,-0.21822861,-0.14378476,6.6080894,-0.15037464,-0.075925134,4.835989,-0.1709559,-0.0947843,0.27216312,-0.31193516,-0.25914735,2.1593747,-0.3313827,-0.28555083,1.5718875,0.0754851,0.0503262,0.49444094,0.38415578,0.3973187,9.223016,-0.02338118,-0.00875871,1.8095716,0.25764263,-0.02139854,298,-0.03239348,-0.113944404,0.88064355,-0.039015,-0.040971596,1.0164565,-0.04235507,-0.043022845,0.3081974,-0.1873725,-0.11741017,0.08782577,0.43248898,0.3778637,0.65263987,0.39701456,0.31088537,7.7073574,-0.056589507,-0.04100499,0.120008655,0.31927034,0.21525109,2.3583333,0.29633507
44.619617,-0.009925846,-0.0038161967,0.08661332,0.39819044,0.28944072,0.7128997,0.2542101,0.1896985,0.13672793,0.56177926,0.49087074,3.991989,-0.22158393,-0.14557111,5.165728,-0.15298611,-0.07741383,4.4925227,-0.17524403,-0.09982459,0.256769,-0.3186362,-0.21823862,1.9750367,-0.36908984,-0.29608813,1.5801784,0.095571734,0.04729465,0.5415576,0.43108773,0.43379885,8.221316,-0.025764227,-0.01080494,2.1968195,0.25039113,-0.010837936,322,-0.0066770236,-0.1130255,0.8826594,-0.029018408,-0.02634808,1.0165774,-0.033113185,-0.029388867,0.28904736,-0.20553166,-0.16090073,0.10566108,0.46109438,0.3955125,0.6965243,0.4582496,0.3531133,6.9014583,-0.067850515,-0.044250544,0.1214944,0.3332829,0.23690055,2.3666666,0.2973822
46.87271,-0.010117232,-0.0040355637,0.09169669,0.42540845,0.3200675,0.76927924,0.27364463,0.20525216,0.1350775,0.5850127,0.52673024,3.9805775,-0.224925,-0.15118358,5.30285,-0.15569037,-0.0824681,4.5108614,-0.18018402,-0.108667575,0.23446819,-0.32725537,-0.24171533,1.9529264,-0.37676913,-0.3092794,1.59291,0.10772844,0.058210146,0.5416602,0.4519507,0.4720804,7.8583946,-0.027268013,-0.015089778,3.574407,0.24707285,0.050759993,344,0.015998414,-0.017459223,0.8883628,-0.022635443,0.0012672188,1.0169697,-0.026865244,-0.0025864476,0.30321833,-0.22622465,-0.19050188,0.10139576,0.48908427,0.44789952,0.9518454,0.51181656,0.43960088,6.9246864,-0.06963552,-0.0465827,0.11919818,0.35087255,0.26041657,2.375,0.2984293
50.50885,-0.010261623,-0.0037916827,0.106067605,0.4494392,0.3475311,0.719675,0.29078043,0.20424925,0.1289452,0.60178655,0.5061217,3.984785,-0.22736555,-0.15044679,5.5587993,-0.15779953,-0.081121236,3.486292,-0.18442723,-0.112905845,0.21055976,-0.32745704,-0.30761766,3.2260442,-0.37656388,-0.22087115,1.562751,0.117540725,0.03777533,0.32507923,0.45956957,0.31457022,8.81818,-0.028095696,-0.01558054,11.05731,0.26381576,0.35312787,324,0.031401843,0.009189065,0.8768746,-0.01932283,0.014540592,1.0162448,-0.023651483,0.009750238,0.3032592,-0.2494868,-0.16085017,0.09243344,0.5122496,0.40926686,-0.29599953,0.5145087,0.26036718,11.641442,-0.06997112,-0.03159555,0.14738265,0.36628586,0.29547015,2.3833334,0.29947644
40.855293,-0.010409365,-0.004268637,0.11365601,0.46808317,0.40484145,0.89733666,0.30438247,0.25913194,0.14682329,0.6193723,0.55734134,3.3623257,-0.2297594,-0.15697043,4.8562007,-0.15974358,-0.08516878,3.8976045,-0.18819633,-0.121003166,0.21371228,-0.31885278,-0.3644885,1.9535966,-0.3772069,-0.23599127,1.5979415,0.12633799,0.057002462,0.5389215,0.47357932,0.35004088,8.152187,-0.028724506,-0.017766135,2.8320732,0.2760101,0.38745517,352,0.04323538,0.058810014,0.8684382,-0.016168268,-0.0084972335,1.0157295,-0.0206695,-0.011390976,0.27995545,-0.2769548,-0.17812078,0.10165719,0.53426737,0.4456243,0.9229899,0.51110697,0.31661355,6.797113,-0.07024315,-0.034627136,0.12665926,0.37843454,0.312918,2.3916667,0.30052355
45.576538,-0.0104526,-0.0042256885,0.10398225,0.47180527,0.45591414,0.88870496,0.30918396,0.34476188,0.1448305,0.6262723,0.57313776,3.5120373,-0.23059288,-0.15912692,4.418274,-0.16070263,-0.08689568,4.347279,-0.18917356,-0.12225648,0.2228669,-0.30602872,-0.39747417,2.0951414,-0.3721108,-0.22716624,1.6047431,0.1301603,0.075130604,0.51169974,0.47434202,0.32623097,8.789919,-0.028807942,-0.016605599,2.2110546,0.3019996,0.38793308,312,0.046937495,0.049620952,0.88708,-0.013225071,-0.00015315652,1.0168942,-0.017890818,-0.0021760063,0.28578317,-0.29607213,-0.1801169,0.11512416,0.5488386,0.47049907,0.82057506,0.4989034,0.34242234,7.440688,-0.06943772,-0.03283122,0.11700424,0.38018346,0.30113807,2.4,0.30157068
45.39127,-0.010447591,-0.0042921784,0.09917146,0.4724997,0.47789344,0.63857824,0.30798405,0.281101,0.14023542,0.62766033,0.5831934,3.4954402,-0.23077856,-0.16130671,4.6339827,-0.16106036,-0.08844102,3.1563635,-0.1897486,-0.13394445,0.20147403,-0.29385656,-0.42957643,1.9677968,-0.36671722,-0.22607361,1.610271,0.13226408,0.08794251,0.5454804,0.4725597,0.32927737,8.310428,-0.028720437,-0.015682984,2.6790023,0.32758752,0.35787266,342,0.05182957,0.047783136,0.8808203,-0.014766774,-0.0143898325,1.0165019,-0.019425068,-0.015779061,0.2887105,-0.3099959,-0.18898876,0.1057804,0.5551505,0.48202455,0.94143784,0.46897212,0.34025702,7.0296125,-0.06835375,-0.032481764,0.15530041,0.38318005,0.39585224,2.4083333,0.3026178
40.970802,-0.010428092,-0.0047202636,0.110151984,0.4714172,0.4899034,0.7515039,0.32485223,0.29660395,0.15151492,0.6228376,0.62719434,3.3201456,-0.22994654,-0.16429302,4.098423,-0.16078287,-0.091815054,3.4320326,-0.18729074,-0.13441265,0.2997626,-0.27230576,-0.34278488,1.8856304,-0.36077353,-0.32456422,1.6099558,0.13261843,0.12277829,0.5668462,0.46815383,0.5220727,7.690894,-0.028457846,-0.017983811,3.0019279,0.35178563,0.08743841,355,0.050904043,0.07626924,0.87761056,-0.018438365,-0.013000675,1.0162902,-0.023015095,-0.014459068,0.20328899,-0.32100096,-0.2501228,0.12274272,0.55746704,0.5616959,0.8378278,0.4275555,0.57615,6.691157,-0.06719742,-0.048968792,0.1465754,0.36695534,0.39373446,2.4166667,0.30366492
38.783817,-0.010358951,-0.0048132357,0.11173547,0.46239415,0.48425612,0.91520405,0.33932212,0.30530664,0.16067225,0.60982376,0.6541937,2.7212636,-0.22806396,-0.1671734,3.4890583,-0.15989266,-0.09497368,3.5812807,-0.18339537,-0.13714221,0.24495311,-0.25007463,-0.3123885,1.8361812,-0.3526204,-0.33319166,1.6135536,0.12926312,0.13429958,0.58556545,0.45681056,0.5592686,7.733502,-0.027763402,-0.018838363,4.2410417,0.36844286,0.13474013,330,0.04475589,0.056053296,0.8846377,-0.025308931,0.017576227,1.0167133,-0.029535923,0.014148392,0.19227841,-0.32571405,-0.30373928,0.12531506,0.55167174,0.6238832,1.0528221,0.3764442,0.6031616,6.44348,-0.065758325,-0.050146576,0.12208804,0.3428513,0.38174185,2.425,0.30471203
46.10243,-0.010197271,-0.0047896323,0.09493953,0.44610614,0.45766637,0.86121726,0.3459784,0.29191816,0.14116989,0.5830776,0.6470571,3.6213465,-0.22427264,-0.16668226,4.4154596,-0.15763438,-0.09498018,4.6374345,-0.17751473,-0.13463846,0.27747062,-0.216929,-0.25926083,2.1153038,-0.34065172,-0.3317102,1.6072798,0.12002003,0.13617155,0.51018435,0.43366146,0.55806017,9.092179,-0.026712539,-0.01822144,2.5536444,0.37309638,0.14624152,336,0.035236176,0.07810705,0.8860678,-0.033737693,0.015665676,1.0167887,-0.03756007,0.011078609,0.23375447,-0.32218856,-0.335556,0.11578071,0.53095573,0.62560904,0.33301434,0.3136489,0.5017245,7.7206793,-0.06374009,-0.049214058,0.11023877,0.31685826,0.36399266,2.4333334,0.30575916
45.11353,-0.010018529,-0.004802098,0.09324061,0.42944407,0.4402269,0.7797717,0.3589776,0.3606896,0.12987208,0.55074036,0.6268532,4.263442,-0.21967442,-0.16323152,5.102207,-0.15482834,-0.0938984,4.6306133,-0.17025484,-0.12191715,0.2883061,-0.1805808,-0.174776,2.017178,-0.32861388,-0.32808176,1.6119325,0.107014894,0.1373977,0.5318326,0.40936282,0.5471768,8.653254,-0.025750622,-0.01752172,1.8994807,0.37595537,0.12007151,318,0.02479093,0.056053296,0.8770027,-0.04449355,0.008459883,1.0162296,-0.047782738,0.0031631498,0.26539597,-0.3154037,-0.34981337,0.108522065,0.50354,0.6328158,0.7123092,0.26858172,0.45405427,6.9626694,-0.061822325,-0.049437013,0.11957424,0.28810224,0.2702651,2.4416666,0.3068063
51.067738,-0.009818956,-0.0043489286,0.08846205,0.41459593,0.37644848,0.6739536,0.38069364,0.322917,0.13582928,0.5158555,0.5962731,4.0516872,-0.21474513,-0.15994461,6.4531913,-0.1519645,-0.08845798,4.1927824,-0.1622661,-0.11535264,0.30791542,-0.14790115,-0.1668436,4.2645493,-0.31663534,-0.1532841,1.5164405,0.0937609,0.06838615,0.24332891,0.38402706,0.28919026,9.973766,-0.024868488,-0.0128623005,18.450808,0.38408047,0.63871926,258,0.01778336,-0.033080634,0.8780238,-0.054008435,0.00923985,1.0162902,-0.056734484,0.0031631498,0.24242239,-0.30518216,-0.32588243,0.08528149,0.47555706,0.5343448,-1.5624815,0.22944932,-0.045330487,16.027088,-0.059840463,-0.0183435,0.13125837,0.2553056,0.23008086,2.45,0.3078534
57.69889,-0.009576341,-0.003499985,0.07300676,0.4028139,0.2625682,0.7352083,0.41199213,0.23524602,0.10323574,0.47324905,0.4842974,6.0006065,-0.20871797,-0.14521009,7.774299,-0.14902692,-0.078557424,6.2383895,-0.15315244,-0.092424445,0.29145637,-0.11642009,-0.1215974,2.2562754,-0.32229155,-0.12241652,1.5572901,0.08500473,0.026865302,0.47185835,0.3768913,0.19851533,9.655176,-0.024144752,-0.008940099,1.7104251,0.32462695,0.5537617,301,0.018708888,-0.059728924,0.86804426,-0.06549516,-0.022080624,1.0156991,-0.06742702,-0.026327128,0.32802063,-0.29183984,-0.24287298,0.07968268,0.44824636,0.41439503,0.6923346,0.24547212,-0.12032997,7.831898,-0.060736455,-0.013719345,0.09930079,0.21851356,0.17029852,2.4583333,0.30890054
53.32235,-0.009385579,-0.0031759413,0.1069558,0.40798047,0.29790154,0.84046876,0.4596192,0.22513999,0.11709987,0.43512264,0.43737152,4.645986,-0.203437,-0.14060624,6.4016776,-0.14667901,-0.0739685,4.2751527,-0.14601909,-0.095550574,0.22110192,-0.09127081,-0.17644234,2.1242225,-0.32958972,-0.12176119,1.5924004,0.07808153,0.015884757,0.4839691,0.37251,0.17761014,9.614352,-0.023435043,-0.007874326,2.3914442,0.2654221,0.54831636,321,0.0231382,-0.07351252,0.86294776,-0.079018764,-0.06572014,1.0154257,-0.07980867,-0.0659636,0.3229425,-0.28120866,-0.18833248,0.08498467,0.42491627,0.33344418,0.1374895,0.25833997,-0.16100894,8.227177,-0.061746266,-0.012032445,0.1272573,0.18914682,0.21494663,2.4666667,0.30994764
43.940685,-0.009193605,-0.0032285806,0.10817416,0.41012582,0.3418131,1.0778095,0.51504236,0.37030602,0.11692006,0.39660338,0.41212082,4.9211764,-0.19770427,-0.13765095,5.3430023,-0.1443267,-0.073412165,5.7329273,-0.1373547,-0.0860387,0.28690153,-0.055026542,-0.17780893,1.900002,-0.3364312,-0.13037102,1.6090342,0.06992688,0.013745799,0.55234164,0.3681672,0.19396497,7.9519873,-0.022857813,-0.009305634,3.104799,0.20369372,0.5887811,356,0.02710475,-0.038594075,0.8706691,-0.09054888,-0.077674896,1.0158812,-0.09028365,-0.076095976,0.2884827,-0.27651224,-0.17421442,0.10768931,0.40496564,0.33125523,0.69231087,0.28447032,-0.1651696,6.7516794,-0.06295423,-0.01273515,0.10036483,0.15114067,0.16455075,2.475,0.31099477
53.717686,-0.008917259,-0.003109646,0.08386041,0.40337583,0.32828215,0.7098613,0.5481083,0.38779566,0.101703286,0.3574551,0.34559023,6.0815396,-0.1915205,-0.12853055,6.6602807,-0.14135388,-0.07293371,5.235583,-0.12884107,-0.07704038,0.33157238,-0.018453563,-0.15479143,2.137456,-0.34018514,-0.28666508,1.5586686,0.059944365,0.04490889,0.4921948,0.35725603,0.3924213,9.502231,-0.021926502,-0.010268056,1.1663346,0.13760254,0.0085091,336,0.02710475,0.033080634,0.8594865,-0.09992167,-0.112664364,1.0152279,-0.09875989,-0.10698656,0.2869402,-0.27075234,-0.14699079,0.09286584,0.3783458,0.35119152,0.55776703,0.31292295,0.27594844,7.4810877,-0.06366822,-0.041197784,0.11813634,0.120813206,0.13012512,2.4833333,0.31204188
57.4978,-0.008665446,-0.0031186715,0.09296836,0.40119505,0.38697848,0.8130906,0.5887922,0.42573002,0.097168565,0.3238162,0.33376196,6.5549736,-0.18595374,-0.1260397,8.049031,-0.138681,-0.072298974,5.570581,-0.12022553,-0.0828029,0.38363776,0.017036503,-0.065101855,2.184838,-0.34386852,-0.29191414,1.5428478,0.053171813,0.034250837,0.47435236,0.34734723,0.39441013,8.867757,-0.021098997,-0.011875206,2.2364404,0.07587115,0.026168413,311,0.02631144,0.0422697,0.87601995,-0.10739456,-0.097610034,1.0161842,-0.10549517,-0.09288006,0.2532996,-0.26825488,-0.1926844,0.07913218,0.3558089,0.34974447,0.7872635,0.33978397,0.29569843,7.7198935,-0.064340934,-0.041570816,0.11433948,0.09051554,0.16957912,2.4916666,0.313089
53.37617,-0.008462973,-0.0031162559,0.101394795,0.39987418,0.37062657,1.198402,0.63036937,0.6000695,0.1034214,0.29758772,0.30709496,5.7561927,-0.18147653,-0.1210514,6.739665,-0.13691543,-0.07151809,7.0361094,-0.11262789,-0.058978602,0.34685004,0.035307292,0.05724707,2.267748,-0.34818688,-0.2813682,1.5625798,0.05119097,0.012244061,0.45910913,0.34142122,0.37458572,9.30825,-0.020130819,-0.01249997,2.2472985,0.01614961,0.021329172,336,0.026708094,0.056053296,0.870641,-0.1152052,-0.083088934,1.0158509,-0.11252419,-0.080515176,0.24846345,-0.2633051,-0.23823002,0.08832983,0.3422861,0.35853758,0.9796347,0.36886963,0.47090688,8.099195,-0.06509702,-0.041997064,0.08460833,0.060187478,0.05768959,2.5,0.31413612
50.426117,-0.0025431586,-0.0028251777,0.10385707,0.37875816,0.35793236,1.0498203,0.629563,0.5864368,0.1054422,0.26358396,0.28471822,5.574304,-0.13647729,-0.11811681,5.2260976,-0.10872221,-0.07178819,5.9413347,-0.093080364,-0.057180252,0.28638378,0.03855049,0.0567433,2.0709875,-0.31992707,-0.26880455,1.6262054,0.04007699,0.024916008,0.50423014,0.3193355,0.33621955,8.860809,-0.012144442,-0.010645035,2.1706796,-0.048978683,-0.0100309625,344,0.015403431,0.045026418,0.8756868,-0.1253006,-0.073617876,1.0161539,-0.12067359,-0.07258376,0.3013831,-0.23577173,-0.23034112,0.11246765,0.31896758,0.37109798,0.8109316,0.37372765,0.49558595,7.2818146,-0.05122319,-0.040231436,0.09892842,0.024735397,0.05392118,2.5083334,0.31518325
66.23668,0.0037852274,-0.002263302,0.0861923,0.3400793,0.3647892,0.91356134,0.59751517,0.6856535,0.08444578,0.22532237,0.25107375,7.527478,-0.08843579,-0.11162001,7.761526,-0.077433266,-0.069243886,6.737468,-0.070823,-0.044220485,0.38705295,0.045801844,0.110724136,2.1978912,-0.27469367,-0.2643639,1.5559742,0.024253037,0.022927636,0.47350445,0.28317165,0.32131508,9.96332,-0.0022614377,-0.009703936,0.870093,-0.11032689,-0.019976346,312,-0.005949823,0.022972662,0.8632131,-0.1322235,-0.06658388,1.0154257,-0.12556446,-0.06683254,0.24861085,-0.20285732,-0.25378036,0.08189934,0.2811539,0.3422713,0.31372657,0.35279685,0.44481328,7.7896795,-0.03335263,-0.039203666,0.09434758,-0.012625965,-0.008488581,2.5166667,0.31623036
56.94148,0.009997061,-0.0022882707,0.11712852,0.3036692,0.43583122,1.0592831,0.5551503,0.80556715,0.09345474,0.20011272,0.24383344,6.321986,-0.042582046,-0.11266685,7.3824396,-0.046715133,-0.07078397,5.3432355,-0.051236328,-0.04618225,0.2729608,0.043517493,0.0030389524,2.2698321,-0.21822819,-0.25811875,1.5516222,0.007777759,0.029402893,0.4520043,0.23529844,0.30349377,11.054893,0.007413014,-0.005239917,0.6806861,-0.11833343,-0.07220592,303,-0.031335734,0.015621411,0.85116404,-0.13504435,-0.11349991,1.0147859,-0.12671357,-0.107496046,0.3178588,-0.170976,-0.21430098,0.080030404,0.24617633,0.3446324,0.28191382,0.3066844,0.3396752,8.36743,-0.013776635,-0.037047032,0.11057338,-0.039381143,-0.018368952,2.525,0.3172775
61.479656,0.016144177,-0.0019245712,0.094818465,0.25948977,0.41649374,1.0243706,0.48877805,0.7208012,0.08640492,0.18625909,0.21065885,7.182642,0.0019358519,-0.106257625,8.409818,-0.016589897,-0.06692528,6.704817,-0.032958973,-0.049040977,0.38797507,0.04418475,0.043052323,2.233721,-0.16461541,-0.26061898,1.5565547,-0.0062728357,0.024956543,0.45689797,0.19669063,0.3017305,9.463553,0.016376842,-0.004922938,1.6392295,-0.11448978,-0.09261993,323,-0.049978513,0.003675626,0.85495055,-0.13184606,-0.14311586,1.0149537,-0.12265916,-0.13358627,0.23264056,-0.14767906,-0.22397703,0.07379656,0.21744338,0.30643007,0.21008797,0.2816634,0.17957088,8.14452,0.0051293327,-0.036896076,0.09256266,-0.054366443,0.0024992134,2.5333333,0.3183246
71.12946,0.022229353,-0.0009953664,0.07268518,0.21890599,0.324834,0.85132706,0.40549317,0.62412053,0.08885795,0.1795679,0.1783269,7.747427,0.044917293,-0.0964935,9.535073,0.012615852,-0.05696988,8.063143,-0.017944919,-0.030731896,0.37732527,0.035053488,0.13153552,2.3758664,-0.1130648,-0.23821716,1.572911,-0.017434862,-0.0143732,0.44662854,0.16334109,0.25579652,10.200113,0.02515226,-0.0021893734,1.918296,-0.10638346,-0.10109293,310,-0.06617525,-0.027567195,0.87797916,-0.12620638,-0.13878913,1.0163053,-0.11642079,-0.12918533,0.3110952,-0.124620184,-0.21803786,0.072198756,0.19597042,0.20057881,0.57550544,0.25693384,0.13059042,8.640463,0.023831315,-0.032371067,0.085378684,-0.053016808,-0.033048514,2.5416667,0.31937173
58.137333,0.028159745,-0.0013588801,0.08042259,0.19247362,0.30786836,0.8950537,0.32651743,0.615106,0.09346587,0.1836504,0.19591208,6.9270844,0.085592076,-0.099191144,7.538492,0.040250074,-0.057485178,7.2056737,-0.00722219,-0.026691746,0.34692243,0.01638836,0.09248979,2.4017065,-0.067213945,-0.22324127,1.568646,-0.024945548,-0.0050218627,0.43472317,0.14352722,0.22487067,10.549381,0.03329255,-0.0009932005,0.94193494,-0.0906699,-0.098681055,305,-0.07503388,-0.03399954,0.8567401,-0.12248705,-0.15100701,1.0150756,-0.11195023,-0.13936505,0.30052358,-0.10956087,-0.18629207,0.085885346,0.18557046,0.21105649,0.18701716,0.23833896,0.104228504,8.452045,0.041652404,-0.030165045,0.08985225,-0.037640892,-0.04484202,2.55,0.32041883
59.46314,0.034040775,-0.0012457032,0.078502126,0.17334698,0.19428892,0.73757434,0.23424828,0.4584104,0.08958429,0.19258286,0.1883664,7.0055614,0.12505968,-0.09611975,7.516188,0.06715277,-0.057176165,5.8965654,-0.0003060033,-0.021917058,0.26059833,-0.004666296,0.08046149,2.4216821,-0.025318474,-0.21208367,1.5635948,-0.032529227,0.003813635,0.43139943,0.13248117,0.20843947,11.037572,0.040955853,-0.0010285518,0.9745962,-0.06984697,-0.088813946,310,-0.07655439,-0.027567195,0.86466855,-0.11761134,-0.12551703,1.0155017,-0.1064895,-0.11855013,0.36698988,-0.10147609,-0.15624729,0.0834982,0.18138142,0.22017199,0.6484638,0.23647106,0.18048929,8.630638,0.058910772,-0.029288424,0.10643283,-0.0022167906,-0.055704728,2.5583334,0.32146597
2001.3905,0.039863955,0.085821114,0.008841424,0.16822967,-0.058523294,0.27356356,0.1515492,0.092712894,0.0070001627,0.20940726,0.033562277,133.71382,0.16311975,0.47240183,157.40314,0.09344695,0.2870558,28.96146,0.004689751,0.17013554,0.1878178,-0.014909135,-0.11428521,8.156632,0.012137729,0.22311872,1.3435676,-0.038913954,-0.15336466,0.1310756,0.13136312,-0.051385216,61.18844,0.04799282,0.104543686,-0.057157516,-0.042917263,-0.14576483,159,-0.07391003,-0.17826787,0.8367215,-0.11144181,-0.15992473,1.0143274,-0.09978107,-0.13676092,0.7482007,-0.10949152,0.15902942,0.0059466315,0.18335612,0.04182091,0.24578632,0.23586635,0.18791634,72.64847,0.07555857,0.18554331,0.032319453,0.041488163,-0.2137527,2.5666666,0.3225131
194.42743,0.034184292,0.09135496,0.026630085,0.20680362,-0.19394657,0.3896175,0.12317192,-0.13217318,0.04888253,0.25736293,-0.0443721,16.33146,0.11796401,0.51097107,22.726355,0.06565493,0.31753272,11.680047,-0.019361297,0.20134582,0.3453834,-0.010244218,-0.14536363,5.113547,-0.019130358,0.42427742,1.5505853,-0.020072414,-0.16984046,0.2353448,0.1730408,-0.21987192,23.030277,0.040770963,0.13073048,3.838838,0.00044897708,-0.08128864,218,-0.045416985,-0.26280725,0.9000489,-0.09685744,-0.11826758,1.0177815,-0.08718541,-0.09383413,0.45293966,-0.165265,0.24577053,0.035127632,0.21797563,-0.05562466,-0.5598666,0.25808614,-0.048297998,25.131708,0.06256716,0.24046776,0.0683493,0.11585049,-0.25842926,2.575,0.3235602
41.84213,0.027649453,0.090623595,0.0952701,0.27638745,-0.15028803,0.84596574,0.13006929,-0.15608256,0.13155295,0.32359663,0.029880853,4.210199,0.065404035,0.4987637,5.8658643,0.031653494,0.3136683,4.9181237,-0.051634833,0.18160655,0.3212526,-0.009284087,-0.17033954,2.1089952,-0.08505627,0.40276965,1.583077,0.004238116,-0.15919079,0.5029955,0.24640116,-0.16542867,8.4176235,0.029718215,0.12637949,3.0022132,0.03580171,-0.012121244,305,0.0009916372,-0.26280725,0.881604,-0.09033619,-0.07133652,1.0165169,-0.08258893,-0.051920272,0.23261152,-0.24053767,0.20424077,0.09442157,0.27783862,-0.03318624,0.75510687,0.32223648,0.06989316,7.0327473,0.041486304,0.23574075,0.11261696,0.20871316,-0.19870606,2.5833333,0.32460734
34.216057,0.021223921,0.08949046,0.12239075,0.34761345,-0.021235218,0.66850823,0.13343905,-0.18972278,0.16936696,0.38039434,0.18542172,2.4955153,0.014080494,0.47849947,3.662659,-0.0022220963,0.30476516,2.3085914,-0.08394327,0.15064591,0.29932827,-0.0033420713,-0.13265654,1.7810825,-0.1401782,0.3556998,1.5922309,0.02578514,-0.13805817,0.59094846,0.30327156,-0.03819746,7.2233906,0.019065252,0.118594624,4.030276,0.105160244,0.09046364,407,0.049780186,-0.17367333,0.8830023,-0.08949131,-0.036731295,1.0165925,-0.083158605,-0.020200042,0.12332957,-0.31763998,0.055236977,0.11539645,0.3380203,0.050661832,1.0732623,0.32240713,0.15827255,5.964047,0.022847585,0.22685961,0.18308039,0.30855012,0.002378711,2.5916667,0.32565445
48.61085,0.014916141,0.0018460682,0.10066519,0.41318667,0.24876907,0.7046777,0.15351716,0.020261109,0.10975817,0.42078373,0.38575435,4.9485292,-0.035399772,-0.10006028,5.256842,-0.035080437,-0.04675136,3.8021061,-0.11326041,-0.06645418,0.4059157,-0.00033216702,0.079545826,1.9801084,-0.19065408,-0.098137476,1.5758393,0.04504375,0.033351593,0.5199473,0.34669614,0.27190545,7.925796,0.009260039,0.009883769,2.4623168,0.15911876,0.1750471,362,0.08574356,0.012864691,0.86671364,-0.09441014,0.019879455,1.0156232,-0.08886468,0.017480707,0.1372258,-0.3796757,-0.31838802,0.103320874,0.38814798,0.30662084,0.29929572,0.2988884,0.16940519,7.1671357,0.0051286896,0.008772671,0.14285281,0.38390023,0.29236284,2.6,0.32670158
45.777824,0.008661097,-0.004825603,0.10797697,0.48050612,0.4879665,0.7531549,0.19094945,0.19733018,0.14209466,0.45947862,0.56747675,3.411388,-0.08415492,-0.1581119,4.906114,-0.067228355,-0.08792298,3.3811312,-0.14026679,-0.13806555,0.32283926,-0.00016793079,0.057611085,1.848105,-0.2385683,-0.33807492,1.6064763,0.06309758,0.074597575,0.572901,0.38357273,0.5410872,7.772758,-1.7957229e-05,-0.021257345,3.5431087,0.20912187,0.1651189,375,0.116352096,0.15713301,0.8697461,-0.10269123,-0.037317708,1.0158054,-0.09748286,-0.03998384,0.16190076,-0.43355793,-0.4963649,0.09880325,0.43207833,0.4739993,0.8082464,0.27859595,0.45404133,6.6653986,-0.01214144,-0.052729756,0.14336623,0.44669187,0.48916963,2.6083333,0.3277487
45.800537,0.0025240623,-0.0046479427,0.11352557,0.53975016,0.541646,0.6844181,0.23252138,0.11864474,0.12182658,0.4854645,0.5485146,4.0243044,-0.13070132,-0.15894714,4.310642,-0.09826066,-0.091516145,2.955702,-0.16374582,-0.15499927,0.32595283,0.0026676685,0.06218423,1.9694843,-0.2816476,-0.34832585,1.5772301,0.07729843,0.07028276,0.52752155,0.4074335,0.56064534,8.085232,-0.008700131,-0.021935767,2.6057425,0.2500089,0.15180863,385,0.13962251,0.23064554,0.8633534,-0.1115635,-0.07176613,1.015441,-0.106453314,-0.07127585,0.1643144,-0.4749474,-0.5381301,0.11373416,0.46973425,0.5247646,0.7693541,0.25134066,0.45700547,6.9547725,-0.02862642,-0.052989453,0.16587166,0.49619,0.6288833,2.6166666,0.32879582
41.79227,0.00080129266,-0.004307908,0.1341059,0.5708031,0.576094,0.94701886,0.27245924,0.25429964,0.14155303,0.4922844,0.4942898,3.0856843,-0.12922397,-0.15629543,3.5676775,-0.093801074,-0.09173559,3.0844762,-0.14780864,-0.14830416,0.3018929,-0.006746542,0.064679556,1.8768498,-0.28762135,-0.34128907,1.6072248,0.082432106,0.081347816,0.55860096,0.4031754,0.53485006,8.596667,-0.011747781,-0.019132864,1.969562,0.28211617,0.08262662,372,0.14550623,0.19848381,0.8637892,-0.12466955,-0.108031146,1.0154713,-0.11848707,-0.10388007,0.13489507,-0.48428577,-0.53105754,0.12242922,0.4828862,0.54325104,0.5816408,0.18959169,0.3547235,6.863266,-0.033952627,-0.049994588,0.14160848,0.501738,0.52008176,2.625,0.32984293
44.787018,-0.0005109681,-0.004479529,0.13481717,0.57444364,0.6765166,0.96622425,0.30255163,0.38169178,0.14549729,0.485658,0.56396526,3.2826161,-0.12505804,-0.16378061,4.479223,-0.08687868,-0.09353219,3.4230065,-0.12509076,-0.15157542,0.25537577,-0.023237005,-0.08179104,1.9443939,-0.28813276,-0.3439133,1.6060163,0.0917922,0.10361754,0.5365108,0.38582286,0.54805857,8.102995,-0.01230082,-0.018771194,3.7126346,0.31640548,0.124602124,373,0.14391962,0.20859177,0.87091094,-0.13250552,-0.10010868,1.0158812,-0.12532623,-0.09637777,0.22223598,-0.4678628,-0.47907192,0.10662826,0.47643948,0.55194485,0.812455,0.10869086,0.4614864,7.1921434,-0.03319585,-0.049911298,0.1395299,0.48501787,0.5113641,2.6333334,0.33089006
48.140366,0.003949987,-0.004373493,0.104504146,0.54578555,0.6663049,0.7797611,0.3031039,0.39465094,0.13024996,0.45890185,0.54087335,4.0981417,-0.078612424,-0.16069493,5.3728914,-0.052547716,-0.092453755,3.9828377,-0.08621612,-0.14638329,0.3480722,-0.041318607,-0.0572402,2.0534806,-0.2504506,-0.32882273,1.5793445,0.086751446,0.08359505,0.50946337,0.33869427,0.4974707,8.998845,-0.0053924243,-0.016268708,2.5455408,0.33802524,0.091111906,363,0.12322745,0.1975649,0.85914886,-0.14231259,-0.120111175,1.0152279,-0.13302685,-0.11317051,0.18571062,-0.42579633,-0.46451163,0.099347405,0.4510458,0.55337524,0.4584996,0.00993186,0.38872153,7.499099,-0.017156133,-0.04713464,0.13402073,0.4453505,0.4868462,2.6416667,0.33193716
54.55161,0.008831909,-0.003980729,0.11256157,0.5087012,0.66347027,0.6733315,0.29690927,0.38925096,0.107455574,0.42278773,0.51285625,4.73211,-0.028526045,-0.15751466,4.676604,-0.015467345,-0.09160824,3.0417433,-0.043178465,-0.14564084,0.3311744,-0.0635385,-0.052159775,3.9224885,-0.19649827,-0.18532035,1.5574362,0.08259341,0.06898774,0.24986784,0.27874774,0.27605775,9.814921,0.0032550322,-0.012738354,17.701447,0.3668863,0.59790295,334,0.09777543,0.15070067,0.8540509,-0.14511928,-0.13766977,1.014908,-0.13415721,-0.12866823,0.1773172,-0.37252834,-0.45656013,0.108730964,0.4195716,0.5402237,-2.4490166,-0.09489767,-0.280861,16.987696,0.00280369,-0.013719782,0.1671711,0.39511654,0.4902553,2.65,0.3329843
51.461777,0.013663777,-0.0035467437,0.09937955,0.46806777,0.56135875,0.7752454,0.30870566,0.30558485,0.12146084,0.39223135,0.47368535,4.3924923,0.021283021,-0.15164301,5.652728,0.022067886,-0.08679097,4.1618795,0.0022602219,-0.13634393,0.28112912,-0.086848855,-0.0723623,2.1104178,-0.1638772,-0.1681583,1.5891638,0.08220214,0.05565922,0.4994468,0.24927075,0.22888567,9.632579,0.011536274,-0.010624022,1.6886641,0.31560752,0.58847266,317,0.07496777,0.10016081,0.86818945,-0.14278877,-0.12936416,1.0157143,-0.1306665,-0.12160072,0.25238672,-0.31442368,-0.38471133,0.094382,0.38240564,0.4664985,0.5148126,-0.09032874,-0.2947646,7.5952644,0.01837183,-0.011281844,0.12819107,0.32305503,0.45505476,2.6583333,0.3340314
53.642937,0.018422043,-0.0031492736,0.11524601,0.43556604,0.5038105,0.9017267,0.3214745,0.27416986,0.12032486,0.37103117,0.42461026,4.96595,0.07014873,-0.14407955,6.0915084,0.059069365,-0.08306597,4.6752706,0.046325058,-0.12553814,0.38060367,-0.10410083,0.049480483,2.1775591,-0.13463368,-0.15102583,1.5721298,0.082244076,0.030652026,0.47077197,0.22979417,0.1764627,10.269105,0.019192373,-0.0062029175,1.8236557,0.27693483,0.5250561,320,0.063266456,0.051458765,0.85126287,-0.13698484,-0.16645032,1.0147706,-0.12396012,-0.15389612,0.2169236,-0.2680546,-0.38796,0.09809184,0.35074598,0.44405958,0.57233554,-0.06428743,-0.3447215,8.158157,0.033335656,-0.008064516,0.12780592,0.2616,0.42429692,2.6666667,0.33507854
60.484474,0.023159727,-0.002595247,0.102878176,0.3990527,0.49902943,0.77824575,0.32192066,0.27343178,0.09942842,0.34963834,0.3645219,5.933619,0.11858505,-0.1358325,6.53908,0.095568344,-0.080371626,4.462967,0.088922225,-0.1213951,0.3089566,-0.11903406,0.011422245,2.1716917,-0.10882635,-0.14233996,1.5665046,0.08360688,0.021176575,0.47609782,0.21967259,0.14985558,9.731521,0.02624854,-0.0047075036,1.7990016,0.24438465,0.49999338,329,0.059167687,0.020215943,0.8567282,-0.12657128,-0.1710193,1.0151213,-0.11326583,-0.15699565,0.2810138,-0.23168206,-0.32967994,0.09022223,0.3230476,0.42007303,0.6442501,-0.03603352,-0.30607608,8.134217,0.047809564,-0.0059492392,0.13219242,0.20729885,0.41950032,2.675,0.33612564
1531.8773,0.027809106,0.063709885,0.0056262244,0.36678404,0.18459012,0.42512628,0.3200493,0.15253784,0.0055596107,0.3394037,0.16586988,150.23735,0.16528934,0.5179421,200.29993,0.13124211,0.37159356,63.113636,0.12976438,0.39696532,0.11879244,-0.1344999,-0.19521867,8.070884,-0.08628556,0.16247496,1.4127611,0.08869776,-0.085589506,0.13839526,0.2195259,0.06096259,47.099335,0.032787345,0.07139125,1.0249263,0.2218377,-0.059868578,202,0.06260536,-0.10107972,0.83569866,-0.111951865,-0.20565942,1.014205,-0.09902656,-0.17743725,0.71646875,-0.20710106,2.3429044e-05,0.0041700522,0.3026451,0.14522308,-0.61372584,-0.00041949,0.07575644,54.40288,0.06173673,0.11866281,0.013234243,0.1608875,0.015647162,2.6833334,0.33717278
163.4678,0.023715878,0.068736926,0.05260181,0.37873182,0.047041953,0.8633017,0.33996913,0.19542763,0.092055246,0.36246526,0.10854199,7.5140686,0.11767051,0.5319677,13.442938,0.09707144,0.38959193,11.352345,0.09727304,0.45901188,0.23563212,-0.119239405,-0.2394858,2.2938368,-0.13344932,0.17595217,1.7315189,0.112101264,0.019464444,0.46137884,0.26618978,0.030605568,24.519712,0.028757246,0.10177639,3.7709098,0.20836802,0.010036304,321,0.09076786,-0.09740409,0.9055654,-0.08919992,-0.13511167,1.018156,-0.078896925,-0.106432505,0.45607728,-0.23583832,0.12458482,0.051455226,0.32210535,0.032385267,-0.576437,0.08283905,-0.15127821,31.777523,0.054117188,0.19920233,0.06093097,0.16931868,-0.16080964,2.6916666,0.33821988
47.890293,0.018949231,0.06847873,0.09924598,0.42600226,-5.535069e-06,0.7792911,0.3690663,0.1357926,0.13209423,0.3954693,0.13148704,4.13166,0.067500465,0.52821916,5.400457,0.059436947,0.38799533,4.2854376,0.054836035,0.455648,0.29874924,-0.091564216,-0.31912756,2.457363,-0.18245971,0.19651154,1.5936147,0.12141337,0.03531965,0.43161955,0.3160963,-0.00061623566,9.94452,0.020453373,0.1011139,2.8002975,0.19625728,0.042823993,298,0.12759066,-0.11762003,0.8891466,-0.07704986,-0.063605376,1.0169847,-0.069302,-0.042048026,0.24701919,-0.2954245,0.14298895,0.101059675,0.36679986,0.04018655,0.36158255,0.19391161,-0.19512542,8.770903,0.035910238,0.20124309,0.12735419,0.20852248,-0.16199477,2.7,0.33926702
44.749718,0.01417957,0.06777253,0.14023286,0.48441195,0.109834485,0.9690075,0.40797138,0.22870743,0.14100178,0.43029156,0.21253666,3.169591,0.016965104,0.5158,3.4519334,0.021394605,0.38086283,3.088198,0.011557496,0.44378513,0.28786105,-0.06030566,-0.33965287,1.8583047,-0.23793238,0.17348456,1.624951,0.13115855,0.078451395,0.5638974,0.37993848,0.06939888,7.7694154,0.011725333,0.097109176,3.9283202,0.18655682,0.1143092,436,0.17532146,-0.019297037,0.8749091,-0.06976695,-0.029288596,1.0161085,-0.06427774,-0.013339959,0.15905689,-0.362418,0.06840955,0.12946887,0.41698864,0.1433507,1.1309727,0.3208552,-0.093862705,7.061148,0.016972927,0.19766921,0.14471804,0.25153518,-0.12913382,2.7083333,0.34031415
50.270576,0.009437065,0.0012752574,0.11210184,0.53276813,0.422922,1.0364025,0.43411246,0.5264433,0.1252969,0.4627765,0.44597134,4.3929424,-0.03318984,-0.1394985,6.040482,-0.016254507,-0.06795125,5.088755,-0.03132422,-0.05691165,0.3245218,-0.02397265,-0.13948469,1.9799252,-0.29273546,-0.27406555,1.6036867,0.1366919,0.21934901,0.51895267,0.44168496,0.37287164,8.51635,0.0031999585,0.018359998,2.7843761,0.1721079,0.17337722,403,0.21657357,0.16540317,0.86807793,-0.06572285,0.031827793,1.0157143,-0.0620993,0.030551,0.22590026,-0.42839658,-0.23158418,0.09112221,0.4606135,0.37191412,0.58028007,0.4317914,0.15455042,7.679535,-0.0018296851,0.042056132,0.108164385,0.2957173,0.1199153,2.7166667,0.34136125
43.723408,0.0047116675,-0.004099095,0.117040426,0.58951896,0.6124013,0.91093826,0.44867203,0.5496458,0.14415728,0.4938054,0.5475473,3.3603017,-0.08351678,-0.15816194,4.646835,-0.054473236,-0.08827364,3.7702305,-0.07661881,-0.12233773,0.35501412,0.015012899,-0.023329785,1.8450296,-0.3372907,-0.30704293,1.5943649,0.13966474,0.11813327,0.5793405,0.48980394,0.46693936,7.4398136,-0.005138741,-0.016500654,4.005738,0.19956703,0.18126082,395,0.25385913,0.23340225,0.8814902,-0.06328882,-0.013614612,1.0165169,-0.0613765,-0.017113376,0.12939782,-0.5021758,-0.43135607,0.104245566,0.5108447,0.5106794,1.1798385,0.49587646,0.51994383,6.5757895,-0.018554587,-0.041878764,0.12848337,0.35845062,0.29713896,2.725,0.3424084
51.688145,5.7408666e-05,-0.00392864,0.10976201,0.6438494,0.6433233,0.731853,0.4564043,0.52654,0.12943803,0.520722,0.5423688,3.6500928,-0.13337703,-0.16032568,4.105608,-0.09239863,-0.09126523,3.1501963,-0.12182128,-0.13213372,0.39053532,0.049697816,0.06597517,1.7699537,-0.38013616,-0.35755223,1.59363,0.14232062,0.11814456,0.58193,0.53170794,0.58680326,8.196042,-0.012928274,-0.020069355,3.4476082,0.21811545,0.20299226,393,0.28512874,0.32069838,0.87312186,-0.06434192,-0.04386161,1.0160025,-0.06389916,-0.04567584,0.081925504,-0.5692929,-0.5323146,0.115076944,0.5580296,0.54752535,0.9714474,0.54092824,0.6468263,7.0002737,-0.034791835,-0.04777588,0.14997822,0.42437324,0.3564931,2.7333333,0.3434555
45.216396,-0.0045811143,-0.0039076945,0.11900986,0.70271826,0.58091784,0.73432845,0.47503856,0.41223422,0.14096212,0.5470934,0.5422915,3.0778332,-0.18283738,-0.16073796,3.5401154,-0.12996864,-0.0910615,2.6770403,-0.16596404,-0.13568161,0.2869786,0.08008059,0.06511659,1.9200994,-0.42037684,-0.3530117,1.597686,0.14559811,0.09802382,0.5502531,0.5667517,0.5759227,7.881753,-0.020417355,-0.019840071,3.751675,0.2341315,0.19706194,397,0.31196907,0.28486103,0.8777523,-0.068352714,-0.038495053,1.0162902,-0.069010586,-0.040393785,0.14687929,-0.6271562,-0.5397615,0.122554734,0.6025008,0.52935076,0.89962626,0.58041376,0.5986946,7.2048693,-0.0506885,-0.047297217,0.16206625,0.48473498,0.40200615,2.7416666,0.34450263
50.29312,-0.0090841325,-0.0039066826,0.11888272,0.7545099,0.6008568,0.8146958,0.5020121,0.30424696,0.140548,0.5613059,0.57202446,3.5728726,-0.23025906,-0.16442265,4.250276,-0.16660038,-0.095197566,3.4412715,-0.2072277,-0.14989774,0.3786563,0.11779427,0.11778774,1.8985549,-0.45866063,-0.3589906,1.597801,0.14599885,0.09368031,0.55154717,0.5947757,0.601915,8.310991,-0.027318848,-0.020259215,2.7986796,0.24020925,0.19754215,393,0.33114073,0.27567196,0.873868,-0.077744916,-0.027566219,1.016048,-0.07888603,-0.030692168,0.123503834,-0.67545605,-0.6023792,0.11814766,0.63760775,0.6003902,0.7179331,0.60894156,0.6273334,7.3413205,-0.066080585,-0.048423648,0.14592284,0.52862704,0.5010654,2.75,0.34554973
56.552937,-0.009142974,-0.0033308694,0.14777005,0.77731633,0.6912161,1.0528501,0.5154307,0.37336835,0.11758396,0.5515223,0.52021825,4.020819,-0.22941612,-0.16145484,3.8756194,-0.1674745,-0.09697937,3.3685484,-0.21048316,-0.15336385,0.35806844,0.14223824,0.12075948,2.385665,-0.46052712,-0.31926593,1.5868688,0.13506904,0.08814846,0.41973165,0.5943938,0.47463605,8.981606,-0.028806427,-0.017112363,6.074469,0.24549842,0.2669933,401,0.33563614,0.2811854,0.8615309,-0.09363637,-0.06523978,1.0153345,-0.093885385,-0.0650799,0.11471544,-0.69245064,-0.6113578,0.12198924,0.64412546,0.64703137,-0.14969856,0.6021771,0.35072297,10.252537,-0.07035677,-0.036178164,0.1403524,0.5398926,0.5322038,2.7583334,0.34659687
49.969784,-0.008877379,-0.0034079924,0.11938941,0.76846606,0.7195251,0.88440126,0.50805056,0.44767043,0.1324113,0.5378601,0.5260148,3.8463728,-0.22716334,-0.16057293,4.0324345,-0.16622764,-0.097148426,3.7727673,-0.20839725,-0.14799169,0.39658803,0.15915729,0.12664858,1.8324385,-0.4636934,-0.31467468,1.5894786,0.13026127,0.08508491,0.565569,0.5990091,0.46158907,8.663549,-0.028161792,-0.016158167,2.7786949,0.24427705,0.24453665,388,0.33114073,0.27659085,0.86798793,-0.104474135,-0.07493012,1.0156991,-0.10380677,-0.073901094,0.112715214,-0.6899388,-0.5925292,0.12630168,0.6323386,0.67653686,0.81502527,0.5883746,0.31817934,7.146115,-0.07007382,-0.035692435,0.13499461,0.5350133,0.4928943,2.7666667,0.34764397
50.577442,-0.008509185,-0.0031673787,0.12567733,0.74579126,0.7391305,0.7781902,0.49031806,0.46903428,0.13411626,0.5167547,0.51266843,3.4222515,-0.22305623,-0.15902542,3.7381864,-0.16370252,-0.09669081,2.8419874,-0.20408048,-0.14656836,0.3047789,0.17649582,0.1439677,1.7810351,-0.46116245,-0.32489282,1.5901719,0.122975886,0.079539664,0.58241385,0.5897009,0.48723546,8.031904,-0.027041068,-0.015851704,3.556275,0.24169205,0.2379767,411,0.31467953,0.28945553,0.86445475,-0.11388264,-0.10002947,1.0155017,-0.11231586,-0.09683021,0.15420066,-0.6765195,-0.58805203,0.12278135,0.6064585,0.6771325,0.8913617,0.5558852,0.3164599,7.2140093,-0.06895858,-0.035661995,0.1614995,0.52257735,0.49140742,2.775,0.3486911
51.796673,-0.008106157,-0.0030998967,0.15362947,0.72926503,0.841302,1.054619,0.49023464,0.5858943,0.13215078,0.4929335,0.49629757,3.519729,-0.21862109,-0.1592642,4.207067,-0.16111815,-0.096790634,3.1930082,-0.19894738,-0.14871062,0.35818645,0.1904408,0.124051176,1.84182,-0.45741847,-0.32906157,1.6010683,0.11885792,0.0819508,0.554478,0.5760345,0.4895726,8.591975,-0.025714643,-0.015278206,3.3547456,0.23680778,0.25664487,412,0.2984828,0.30691478,0.86907315,-0.12485881,-0.10907973,1.0157598,-0.122115456,-0.10520778,0.106948495,-0.6593055,-0.598176,0.11056039,0.58037907,0.65718853,0.9400426,0.52146685,0.36266983,7.484773,-0.06758907,-0.035184223,0.14567296,0.5003773,0.49075186,2.7833333,0.3497382
60.132957,-0.007673564,-0.0029392187,0.12259489,0.6972739,0.7672754,0.8433399,0.48536435,0.48384765,0.13582194,0.46601105,0.53185356,3.7771757,-0.21360582,-0.16035892,5.2874827,-0.1579187,-0.09352869,3.5291278,-0.19212334,-0.147325,0.36353183,0.20373407,0.12936687,1.8807083,-0.4521699,-0.36616465,1.5935163,0.113161124,0.08685648,0.5527165,0.55836004,0.5956204,9.289708,-0.024192384,-0.014649359,3.0297897,0.22624652,0.1544293,382,0.2774601,0.28945553,0.8665664,-0.137271,-0.099575065,1.0156232,-0.13316552,-0.096809566,0.14949152,-0.6353757,-0.5769096,0.097026005,0.54685587,0.5915699,0.76036507,0.47520941,0.5520087,7.6952953,-0.0660427,-0.04370117,0.14536831,0.4673081,0.5039111,2.7916667,0.35078534
55.074833,-0.007218658,-0.0027100947,0.12697825,0.65775055,0.7895901,0.8865996,0.49199745,0.4849184,0.13443738,0.4332541,0.5358035,3.5760036,-0.20739435,-0.16157372,4.1144342,-0.15420742,-0.09333924,3.356728,-0.18231906,-0.150915,0.3350766,0.21720874,0.06951819,1.8209975,-0.43845615,-0.36700532,1.626994,0.10439651,0.11454175,0.5755121,0.52706754,0.6035495,8.334738,-0.022659058,-0.015320474,4.1357074,0.25971958,0.19998674,399,0.25214028,0.29956353,0.87104154,-0.15061495,-0.09381144,1.0158812,-0.14489695,-0.09151498,0.14567198,-0.60606176,-0.55675584,0.11684439,0.5106912,0.56671035,1.0534002,0.38352102,0.6016026,7.336281,-0.063221276,-0.043067817,0.1432194,0.41860336,0.52548873,2.8,0.35183245
75.94513,-0.0066809906,-0.0015715456,0.09974342,0.60446805,0.7133325,0.93872243,0.4916584,0.5631092,0.09074379,0.39204738,0.4512464,6.5521417,-0.19940373,-0.1475107,5.807741,-0.1494991,-0.08855777,5.5956836,-0.17007175,-0.12715334,0.37642658,0.2453686,0.1392291,2.0130873,-0.41726848,-0.34995463,1.5739627,0.089469574,0.102579795,0.50409716,0.48115295,0.5410964,10.357497,-0.02080537,-0.01057386,2.0315707,0.3090997,0.14879957,349,0.2225895,0.24259132,0.8552198,-0.16509497,-0.111242674,1.014969,-0.15764627,-0.10700723,0.21813959,-0.5781071,-0.51765573,0.10237476,0.46590695,0.5130694,0.5306435,0.24789622,0.5265551,8.488769,-0.059163738,-0.038822204,0.10625443,0.36104664,0.38055336,2.8083334,0.35287958
77.27602,-0.0062661325,-0.00042798513,0.08716468,0.55377126,0.5178953,0.80065185,0.4800682,0.43940878,0.09446039,0.35981783,0.37776682,6.7722573,-0.19284992,-0.13289666,8.909253,-0.1449521,-0.07769391,5.876062,-0.15984505,-0.10400127,0.43682772,0.27256635,0.21574455,2.1386585,-0.39622688,-0.3281436,1.5665896,0.07325648,0.07713556,0.47785577,0.437588,0.47999457,9.376881,-0.0193896,-0.008971842,4.281006,0.3639218,0.17989585,362,0.1966747,0.19664599,0.8594329,-0.17564094,-0.12943892,1.0152127,-0.16684856,-0.12291895,0.20288236,-0.5565837,-0.45898998,0.071802884,0.42145103,0.41119102,0.038668755,0.12032993,0.33902416,9.037054,-0.05549403,-0.0336523,0.108867146,0.3160122,0.28399336,2.8166666,0.3539267
59.767723,-0.005964939,-0.00044437757,0.08460217,0.5195866,0.4061791,0.6230907,0.47561583,0.33213142,0.11384464,0.33435744,0.3349208,4.9051538,-0.18787226,-0.12782851,6.2133512,-0.14198609,-0.075554796,4.112775,-0.15246749,-0.09896498,0.36612946,0.2905239,0.21827199,2.2486238,-0.37763903,-0.30110997,1.559062,0.060550693,0.05170927,0.4637312,0.400207,0.4090339,9.139683,-0.01807789,-0.009278049,5.9720035,0.41004798,0.27867147,345,0.17466037,0.16264646,0.85840046,-0.18558292,-0.1448523,1.015167,-0.17544459,-0.13618572,0.19229598,-0.5411984,-0.4328141,0.08987508,0.39163914,0.392394,-0.123974845,0.01304136,0.1550371,8.725169,-0.052310903,-0.030222282,0.13577826,0.28372929,0.25883391,2.825,0.35497382
86.875946,-0.0056502405,0.0009829156,0.0703874,0.49855015,0.23977584,0.6812552,0.48566544,0.23211381,0.076561846,0.30760413,0.22208911,9.318908,-0.18286528,-0.10202487,9.839333,-0.13916484,-0.062328078,6.905455,-0.14547324,-0.068343006,0.5008029,0.31098747,0.37951842,2.2106986,-0.35945714,-0.2724756,1.5380557,0.048245285,-0.013924647,0.46088454,0.36284718,0.31762496,10.887288,-0.016829235,-0.004068205,2.2531588,0.44897258,0.2154708,297,0.15892638,0.06891799,0.8583976,-0.19425212,-0.16871786,1.0151517,-0.18296371,-0.15739763,0.21266988,-0.53009933,-0.39184335,0.07251231,0.3651251,0.27586222,0.20370053,-0.07783616,-0.02174304,9.171981,-0.048951678,-0.024108445,0.10332017,0.2530376,0.15415832,2.8333333,0.35602096
68.2294,-0.0055058217,0.0006366196,0.14187445,0.49201173,0.36366054,1.1128975,0.50395286,0.3169497,0.10673698,0.29160094,0.25326875,4.6934104,-0.1808901,-0.110376395,4.3570867,-0.13806112,-0.06567965,3.9296548,-0.14204028,-0.08271917,0.27011666,0.31649825,0.27608222,1.9173526,-0.34388387,-0.27951,1.6158451,0.040004585,0.016983425,0.5262371,0.33288574,0.33528027,9.808653,-0.01597598,-0.005188415,2.3345146,0.4879221,0.2256412,390,0.15158828,0.106593154,0.8413118,-0.2032391,-0.19496931,1.0142204,-0.1907201,-0.17916754,0.23084383,-0.525647,-0.38407442,0.11497601,0.3515327,0.30898598,0.5418447,-0.15078586,-0.019412624,8.482182,-0.046186153,-0.024130384,0.12748206,0.2335244,0.20984897,2.8416667,0.35706806
63.358982,-0.005390769,1.199695e-05,0.11780708,0.46832776,0.45376337,0.9302997,0.49189064,0.38009763,0.115602285,0.27619916,0.29448608,4.447831,-0.17824252,-0.12082036,5.8260345,-0.13624066,-0.07280307,4.0603757,-0.13856827,-0.09838673,0.38194522,0.33654013,0.22268331,1.9686477,-0.32670876,-0.292002,1.5683166,0.02494948,0.018257933,0.5213096,0.30095503,0.36993223,10.109225,-0.015302967,-0.0036936742,1.8271422,0.5302405,0.14326042,348,0.14048193,0.09372846,0.85844547,-0.20901448,-0.19683309,1.0151517,-0.19573216,-0.18093863,0.13223425,-0.5253031,-0.42727736,0.08825548,0.33221605,0.35223344,0.62522376,-0.22304197,0.10262024,8.065743,-0.04352714,-0.027365351,0.12663347,0.22160171,0.2564589,2.85,0.3581152
84.11625,-0.0053058793,0.0011048042,0.0904757,0.44519016,0.47103426,1.1182699,0.47114635,0.62128586,0.08345929,0.25994286,0.23524812,7.9083548,-0.17527018,-0.10732657,8.80108,-0.13457312,-0.06682442,8.1578455,-0.13577381,-0.06348181,0.37480682,0.35531852,0.23112611,3.4069579,-0.30871788,-0.2068902,1.5341164,0.010477851,-0.00015118188,0.2926942,0.2669008,0.23354,11.221051,-0.014713848,0.0005544687,18.32706,0.5756215,0.55804276,304,0.13215218,0.056053296,0.8441011,-0.21488881,-0.22382352,1.0143733,-0.20074834,-0.20401786,0.28521883,-0.52276164,-0.37045294,0.074993715,0.31714517,0.31311613,-2.2477217,-0.29582912,-0.33922565,14.407546,-0.040731616,-0.008440078,0.08090685,0.2187422,0.112503834,2.8583333,0.3591623
86.55497,-0.005265234,0.0010903984,0.07537596,0.4255008,0.48570293,0.8337407,0.42960772,0.69555736,0.07567414,0.24900992,0.23351748,9.026203,-0.17308919,-0.10864173,9.719693,-0.13321699,-0.06710084,7.5552835,-0.13652575,-0.05787444,0.50282526,0.3824905,0.2330938,3.188065,-0.30417743,-0.1350755,1.542746,-0.0017496808,0.003310086,0.31849003,0.25344813,0.11998854,10.831779,-0.014327236,0.00044117158,10.70239,0.5617679,0.84169924,341,0.12798731,0.09648518,0.85976577,-0.2170451,-0.22124106,1.0152279,-0.20258403,-0.2018041,0.18022496,-0.5319395,-0.39029375,0.07027487,0.30415475,0.30723476,-1.3680996,-0.25214922,-0.6662389,13.0942135,-0.040225245,0.004622999,0.09040696,0.23149599,0.07862605,2.8666666,0.36020944
64.98625,-0.005377773,0.00094483973,0.09340969,0.4211972,0.34319413,0.8081011,0.38994756,0.5470994,0.10826796,0.24870071,0.23650222,5.565147,-0.17365234,-0.10472491,7.1698475,-0.1333574,-0.060602274,5.2125516,-0.14153132,-0.046804324,0.4512506,0.39338857,0.4093314,2.0803533,-0.31216016,-0.12309856,1.5256919,-0.009699624,-0.0632204,0.4982105,0.26185825,0.09763895,9.609527,-0.0142403925,3.4749195e-05,2.3225899,0.50780165,0.84129894,356,0.12494629,0.065242365,0.86452925,-0.21795134,-0.17741778,1.0155017,-0.2032863,-0.16454193,0.15127647,-0.543903,-0.438951,0.084036246,0.30182594,0.22590615,0.6208257,-0.14171737,-0.6498069,8.071546,-0.041882914,0.0032553663,0.11559158,0.26016027,0.04743142,2.875,0.36125654
65.6758,-0.0054617277,0.0010488227,0.13803484,0.41671157,0.4026731,0.999144,0.3496423,0.58063155,0.09945304,0.2453691,0.20501834,5.0776215,-0.17397301,-0.10189517,4.6941075,-0.13403279,-0.06321746,3.6552558,-0.14692555,-0.050300103,0.354553,0.3942494,0.38267964,1.9466978,-0.31755295,-0.12471139,1.6023177,-0.015009678,-0.03812861,0.5101505,0.26454672,0.08874021,9.676732,-0.013908032,-0.0008479842,2.549695,0.47239643,0.86555636,390,0.1199881,0.10383643,0.84988636,-0.22061741,-0.1935732,1.0146943,-0.20556076,-0.17784508,0.1504319,-0.55162513,-0.4278227,0.10757847,0.3054882,0.2766988,0.5148095,-0.0652507,-0.6727786,8.598504,-0.042871658,0.0050297356,0.13815309,0.28997156,0.07765315,2.8833334,0.36230367
67.56679,-0.0054660663,0.00030605195,0.08719706,0.39445186,0.39303237,0.6251466,0.30437097,0.34044474,0.10034914,0.23976082,0.23794608,5.8804793,-0.17283991,-0.111006685,7.738581,-0.13301374,-0.06567224,4.2306437,-0.14877065,-0.08418793,0.41228092,0.4141088,0.41914073,2.0401034,-0.3200355,-0.2251448,1.5388967,-0.025382984,-0.03460095,0.5080935,0.26154426,0.2605088,8.833585,-0.013507481,-0.0057208836,3.2081277,0.44139895,0.35798553,384,0.1091462,0.17734896,0.86557186,-0.22261885,-0.15304671,1.0155624,-0.20722345,-0.14326595,0.17782016,-0.55794555,-0.4934994,0.07625443,0.29588842,0.2800127,0.8368349,0.0036512339,-0.0310361,7.970217,-0.043599725,-0.016409922,0.13948257,0.30591014,0.23132646,2.8916667,0.36335078
65.980995,-0.005471272,-0.00061734644,0.093899816,0.3740726,0.44750106,0.72340006,0.2688355,0.28670084,0.101833045,0.23480035,0.28894436,5.3775945,-0.17178707,-0.12740038,6.0055666,-0.13217144,-0.074253306,4.2188163,-0.14984764,-0.11297832,0.3777432,0.42376232,0.29743987,2.1296263,-0.32054275,-0.30291653,1.5642107,-0.03445753,-0.018760676,0.4829997,0.25373775,0.3916959,10.200316,-0.012828843,-0.0070097195,1.7368413,0.41411695,0.056995302,333,0.091825604,0.1699977,0.8462351,-0.2285711,-0.17858611,1.0144804,-0.21223982,-0.16500309,0.16987361,-0.5577726,-0.4998295,0.09118487,0.2881861,0.33497694,0.6138856,0.050785296,0.3813162,8.593729,-0.044004977,-0.031398878,0.12980343,0.31511697,0.33468306,2.9,0.3643979
75.913025,-0.0053736838,-0.00012693243,0.07231525,0.3460527,0.38547367,0.5439067,0.23610623,0.15801896,0.08389625,0.22471869,0.24143033,8.052431,-0.16875416,-0.11622468,8.999141,-0.13002361,-0.070026934,5.0811734,-0.14746024,-0.11411198,0.4563195,0.45184124,0.30237174,2.3357286,-0.32036915,-0.28415212,1.5114607,-0.046564583,-0.02926287,0.4363093,0.24368188,0.34233323,10.258557,-0.012017179,-0.0056850263,2.3577287,0.38865402,0.05817498,312,0.07252173,0.12956582,0.84416336,-0.23220031,-0.21702702,1.0143733,-0.21527047,-0.19781472,0.21924926,-0.5571762,-0.4582626,0.075070366,0.27348778,0.31140915,0.23184873,0.08706191,0.3003895,9.283139,-0.044196635,-0.027363641,0.13295527,0.31221148,0.38023666,2.9083333,0.36544502
64.68254,-0.005272035,-0.00017151139,0.08471749,0.3308862,0.22869602,0.54745996,0.22798423,-0.061983958,0.09260543,0.21639271,0.22808051,6.3842497,-0.16648127,-0.11035382,6.586646,-0.12833834,-0.06565444,3.8205473,-0.14454283,-0.11268568,0.3864992,0.46583408,0.33345437,2.2391179,-0.32197142,-0.26266575,1.5467011,-0.054065578,-0.07030629,0.45174658,0.23780161,0.29575944,11.008891,-0.011036069,-0.0029660447,1.4313736,0.35986668,0.020630842,326,0.05645721,0.0707558,0.8470168,-0.23639315,-0.22244334,1.0145415,-0.21876961,-0.20225696,0.20471698,-0.55488056,-0.42506602,0.08975982,0.26337755,0.26457083,0.28014728,0.13245164,0.251568,9.245514,-0.044532206,-0.02520876,0.15474646,0.3009096,0.42376933,2.9166667,0.36649215
93.080894,-0.005131543,0.0009736093,0.07560341,0.3203662,0.19460534,0.7740238,0.24123515,0.010530022,0.07126687,0.20986572,0.17138296,9.582449,-0.16451295,-0.09372038,10.566762,-0.1263159,-0.059120253,6.9916086,-0.13979991,-0.08886131,0.5136602,0.48102844,0.43209317,2.5648227,-0.324328,-0.22411054,1.5175467,-0.06189104,-0.086061954,0.38575828,0.2348675,0.19820412,11.661654,-0.010083025,0.00280614,11.733697,0.33021817,0.30685014,289,0.042375963,-0.016540317,0.85172915,-0.23803166,-0.24857162,1.0147859,-0.22016694,-0.22483937,0.16925095,-0.55598557,-0.4303063,0.06462823,0.24883264,0.23401009,1.38037,0.18592906,0.36465055,11.078951,-0.045040358,-0.014855057,0.09767582,0.27242535,0.3140894,2.925,0.36753926
66.03691,-0.005046044,0.00097611867,0.10072823,0.31320682,0.21468404,0.8368152,0.26238456,0.0657714,0.09707834,0.20596355,0.16211338,5.9556823,-0.16344315,-0.09112295,6.9247303,-0.124526486,-0.056996632,4.8032165,-0.13511693,-0.08381852,0.42321897,0.48240027,0.47633967,2.3500218,-0.32251847,-0.20791636,1.5401386,-0.07002897,-0.10382637,0.43617114,0.2278202,0.16086102,11.1220875,-0.009189673,0.0046875053,2.445166,0.29398504,0.33062991,300,0.030079661,-0.04686423,0.8586079,-0.24101226,-0.22521777,1.015167,-0.22270408,-0.20487316,0.15494874,-0.54907477,-0.4394332,0.08349318,0.23541415,0.21379162,0.013865081,0.1609441,0.2398162,9.36007,-0.045034137,-0.012302741,0.12037095,0.24435672,0.28934327,2.9333334,0.3685864
63.730427,-0.00483407,0.00042934093,0.08616534,0.29406476,0.2554097,0.65827143,0.27663127,0.12147535,0.10298498,0.19645616,0.19932795,5.3310776,-0.16048928,-0.103350356,5.529224,-0.12169458,-0.065013476,4.1943173,-0.12778349,-0.091471195,0.37351418,0.48903042,0.3957727,2.6036654,-0.3150622,-0.18822898,1.5278053,-0.080232285,-0.091764554,0.39426103,0.21251889,0.12732993,10.668919,-0.0081589855,0.0055250656,9.4729595,0.27646124,0.5695015,334,0.019171653,-0.026648289,0.85959476,-0.24463038,-0.1960908,1.0152127,-0.2257079,-0.18046567,0.17550673,-0.53693557,-0.46618274,0.09929439,0.21663943,0.27746716,-1.2242956,0.116609365,-0.06313486,10.588407,-0.044091318,-0.00795552,0.13089636,0.20743491,0.28394175,2.9416666,0.3696335
81.10103,-0.00452803,0.001166233,0.100005046,0.27039123,0.30036217,1.0497644,0.28990152,0.36613405,0.08726556,0.18382026,0.18891756,7.8969517,-0.15596311,-0.09655358,9.989806,-0.11699686,-0.057150863,7.233896,-0.118538015,-0.062017407,0.56104636,0.5027511,0.5656016,2.26718,-0.30951232,-0.18616705,1.5414101,-0.09405091,-0.0956692,0.4449094,0.20152925,0.12187766,10.47857,-0.0070284745,0.004442661,2.4472976,0.22223869,0.603608,329,0.004892077,-0.023891568,0.8457195,-0.24880594,-0.19853953,1.0144957,-0.22912134,-0.18179911,0.12808552,-0.5184595,-0.5130446,0.06898351,0.1866181,0.2228543,0.5599186,0.13968325,-0.0049283924,9.3033495,-0.043604076,-0.007762897,0.09526428,0.16496861,0.12789032,2.95,0.37068063
75.07138,-0.004179712,0.0003579326,0.09919739,0.24627331,0.36973935,0.9171012,0.28674936,0.43582314,0.09174226,0.16967678,0.22883552,6.6066747,-0.15105775,-0.10992414,8.271811,-0.11213387,-0.062453087,5.6036296,-0.11116534,-0.07399428,0.30330807,0.49298626,0.36093566,2.1793926,-0.30353922,-0.21448758,1.543519,-0.10757483,-0.07650237,0.4701198,0.19041343,0.18915115,10.574599,-0.0057597063,0.0022239464,1.8173382,0.16734168,0.27069733,325,-0.00773477,0.009189065,0.8407654,-0.25226444,-0.2192338,1.014205,-0.23206706,-0.19869164,0.3028032,-0.48874623,-0.4313744,0.07327432,0.15951093,0.24558151,0.55733204,0.15709639,-0.17616157,8.631233,-0.0428509,-0.015915072,0.10816406,0.13122037,0.15540618,2.9583333,0.37172773
79.97941,-0.0037752914,0.0009836981,0.07919622,0.21307065,0.3064253,0.84910166,0.26841116,0.44180757,0.08845944,0.1527557,0.21203247,7.5844064,-0.1443745,-0.10260606,9.499607,-0.10563258,-0.05650413,7.193181,-0.102433115,-0.053371277,0.53474045,0.5007034,0.4694425,2.1684434,-0.29575318,-0.22782956,1.5324881,-0.124517985,-0.08214826,0.46656364,0.17662643,0.21338741,10.49261,-0.004375913,0.00093916245,1.8927695,0.112958424,0.25215232,339,-0.020427726,0.045026418,0.8528753,-0.25111663,-0.2300542,1.0148469,-0.23115838,-0.2079993,0.13617192,-0.4631619,-0.44285685,0.070625275,0.12778544,0.2117568,0.40542358,0.17029902,-0.094697766,8.952348,-0.0418781,-0.017273001,0.09327061,0.09940136,0.084308475,2.9666667,0.37277487
84.9749,-0.0032539412,0.0019371896,0.06704431,0.1759373,0.25020066,0.7076285,0.23501664,0.46584803,0.074303985,0.13170919,0.15611723,9.051595,-0.13500912,-0.08588927,11.044975,-0.09793645,-0.04376062,7.0987287,-0.09419951,-0.028309107,0.42842132,0.48781607,0.52286536,2.4414058,-0.28460222,-0.23975204,1.494986,-0.1433407,-0.10636788,0.41794658,0.15747036,0.23227528,11.955837,-0.0025629918,0.0035658085,1.1523838,0.05476721,-0.027184976,283,-0.03933494,-0.001837813,0.8424528,-0.25181168,-0.2624099,1.0142815,-0.23179843,-0.23507664,0.24414828,-0.42289189,-0.40088096,0.060893714,0.09434125,0.110816374,0.4411086,0.18548606,0.25178984,9.452871,-0.040455315,-0.021054925,0.09474508,0.0730444,-0.010534392,2.975,0.373822
79.191376,-0.002696239,0.0018514808,0.07486843,0.13707381,0.17628743,0.8010254,0.1893425,0.34469408,0.083183825,0.11047561,0.14815967,7.3749876,-0.12516764,-0.08823453,9.2397585,-0.089825034,-0.04549352,6.563684,-0.087293,-0.034092367,0.40931517,0.47588664,0.37523574,2.3767648,-0.27315688,-0.23169997,1.5188928,-0.16297112,-0.12298496,0.43267712,0.1379443,0.22252074,11.701944,-0.0009286334,0.0060627577,0.7173561,0.0001627936,-0.08526235,334,-0.05645721,0.0027567195,0.8562629,-0.25066048,-0.24250905,1.0150299,-0.23086023,-0.21954186,0.20416449,-0.38049576,-0.35435697,0.06639564,0.061004955,0.104013875,0.39590093,0.1968034,0.21766596,9.668286,-0.038874824,-0.019839495,0.093465745,0.056010697,-0.015252838,2.9833333,0.3748691
83.37838,-0.0020905174,0.0022243145,0.077539735,0.09694547,0.1126039,0.6649657,0.13177255,0.22188577,0.0788815,0.08680186,0.12308687,8.466586,-0.11381251,-0.0798777,11.02451,-0.08133359,-0.039133724,5.727412,-0.08080101,-0.033024244,0.4424186,0.46635252,0.51058584,2.4562705,-0.26158753,-0.21135561,1.4950134,-0.1829996,-0.15878075,0.40832722,0.11760095,0.17324468,11.662845,0.00071053946,0.008283903,2.706941,-0.051092017,-0.055396724,301,-0.07642217,-0.019297037,0.8484944,-0.25131303,-0.22792049,1.0146027,-0.23141079,-0.20797767,0.22543845,-0.33572432,-0.40166727,0.06057929,0.02918933,0.070643574,0.53774977,0.20377412,0.21359186,10.006525,-0.037259955,-0.015259057,0.11660712,0.04889824,0.0068975277,2.9916666,0.37591624
88.450584,-0.0014296038,0.0026045167,0.06614706,0.056587566,0.07423334,0.63435197,0.08181424,0.117287084,0.076185234,0.06086476,0.09915761,8.73529,-0.101667404,-0.07470662,9.981244,-0.07305224,-0.038020957,6.382162,-0.072879516,-0.040022526,0.4235364,0.46232593,0.40238786,2.5062685,-0.24793036,-0.18653297,1.498112,-0.20196559,-0.1841493,0.4123883,0.09383479,0.13004296,12.423378,0.0023683193,0.012224665,1.1021161,-0.07977477,-0.081940435,280,-0.09896539,-0.07351252,0.8522901,-0.2515902,-0.22902508,1.0148622,-0.23161079,-0.20753406,0.24196368,-0.29355913,-0.33697322,0.06667507,-0.00092825707,0.06026001,0.29329777,0.22603676,0.19026406,9.734111,-0.035140302,-0.012655377,0.10427502,0.034972746,0.035767592,3.0,0.37696335
94.40501,-0.0007044996,0.0030277574,0.05625624,0.019196272,0.042511407,0.47936743,0.043624617,0.0061073727,0.07409404,0.034869425,0.09874831,9.979018,-0.08856564,-0.070539586,14.361482,-0.06282747,-0.03035855,6.3004117,-0.06163239,-0.046911206,0.40355045,0.4556144,0.3781893,2.7912903,-0.23244621,-0.16082425,1.4609181,-0.22049816,-0.20929052,0.3642085,0.06746375,0.08718989,12.463155,0.004368577,0.013260116,3.0610147,-0.10624167,-0.017864132,261,-0.12488018,-0.09372846,0.8501483,-0.25093132,-0.21449968,1.0147096,-0.23119843,-0.19508694,0.33583534,-0.24755098,-0.2809045,0.051483948,-0.034019575,0.03552539,0.771462,0.24121377,0.25899413,11.106985,-0.032608848,-0.007146316,0.11735515,0.015499491,0.095085114,3.0083334,0.37801048
110.87733,0.00020335561,0.004449882,0.05975238,-0.01625201,-0.0019367805,0.6113874,0.016431296,-0.0862601,0.06370176,0.007714904,0.060766913,11.893723,-0.072018154,-0.050236303,16.213211,-0.051742703,-0.014247188,7.7522984,-0.045692813,-0.03665465,0.410571,0.44220954,0.3794112,2.662189,-0.21475746,-0.13985191,1.4861269,-0.23660417,-0.23347077,0.3775055,0.038788404,0.04319369,12.298182,0.00681373,0.014477057,2.0956516,-0.12028772,0.028407827,293,-0.14841503,-0.13140363,0.84735656,-0.2512403,-0.23131056,1.0145415,-0.23161021,-0.20928827,0.34708005,-0.19710702,-0.19350839,0.046730474,-0.061890237,-0.016166678,0.28248397,0.20251724,0.23539771,11.174641,-0.029511156,-0.0021293724,0.09773244,-0.012887515,0.10627878,3.0166667,0.3790576
101.619965,0.0009474865,0.0052685984,0.06575899,-0.04358112,-0.0365776,0.75687176,-0.00027532296,-0.04149517,0.062175523,-0.015492442,0.028197655,12.853312,-0.057359334,-0.03052616,18.000824,-0.04270718,0.0018707821,9.198174,-0.031351104,-0.0067054406,0.4600525,0.43847924,0.39656842,2.6379027,-0.19946373,-0.12650597,1.4828829,-0.2500949,-0.24242269,0.38636544,0.014667989,0.025680443,13.162364,0.009116018,0.017537627,0.6164141,-0.13682161,-0.041775063,265,-0.172016,-0.16448426,0.85324186,-0.25161088,-0.22234957,1.0148622,-0.23196356,-0.20174147,0.33910888,-0.15933508,-0.123996355,0.044395823,-0.082692295,-0.058706723,0.037918914,0.1692922,0.13140783,10.255585,-0.027074298,-0.0012998764,0.086882606,-0.036725294,0.028296558,3.025,0.38010472
133.66942,0.0015699764,0.007298104,0.044832576,-0.06640272,-0.09925203,0.52648294,-0.017476307,-0.094035216,0.04395509,-0.03338979,-0.03463685,18.119307,-0.04567976,0.01163749,19.700338,-0.036163315,0.024325633,9.352794,-0.020191947,0.018928146,0.3785609,0.41972536,0.35280868,2.7997663,-0.18596306,-0.10494039,1.4648927,-0.26034763,-0.26693752,0.35810792,-0.005238052,-0.017605048,13.943908,0.010974463,0.020641081,0.641434,-0.14904657,-0.057241023,251,-0.19277427,-0.19113255,0.8445996,-0.25362659,-0.23686554,1.0144039,-0.23366179,-0.21506703,0.4178749,-0.12379964,-0.01642265,0.04042752,-0.09697388,-0.12770131,0.3100307,0.15003923,0.13488911,11.284737,-0.024948845,0.003864516,0.085154854,-0.055050027,-0.021865172,3.0333333,0.38115183
106.37635,0.001979827,0.0078354,0.05311987,-0.081096746,-0.1084744,0.5057088,-0.020158658,-0.08120503,0.06330005,-0.0442911,-0.055680353,11.529112,-0.038624447,0.01860227,15.421819,-0.032069672,0.02677542,6.947738,-0.010390215,0.024513928,0.41508296,0.41510004,0.36402947,2.5989177,-0.17364399,-0.11907549,1.463096,-0.2694049,-0.26533023,0.3932427,-0.02157821,0.005548067,12.338637,0.012621644,0.020386936,1.2725683,-0.15796027,-0.1172825,281,-0.20910323,-0.17275442,0.8556857,-0.2551729,-0.22641362,1.0150146,-0.23498105,-0.20619513,0.31471044,-0.106416315,-0.02934102,0.04732213,-0.104832076,-0.1386411,0.4298769,0.12564182,0.06382228,10.314339,-0.023055641,0.0012245883,0.10504042,-0.07273725,-0.05417285,3.0416667,0.38219896
110.00022,0.0023217434,0.0077960347,0.05869294,-0.09212561,-0.11158964,0.70037866,-0.010914535,-0.0378598,0.055348527,-0.054055918,-0.071965456,13.065658,-0.032009274,0.02386793,14.025964,-0.028546631,0.021722037,8.629475,0.00064537313,0.032083083,0.46853805,0.41279104,0.42042956,2.5362527,-0.16121155,-0.12832902,1.4834872,-0.27583957,-0.26727825,0.39960027,-0.037994675,0.023167374,12.430438,0.014373635,0.020656876,1.2412117,-0.16808827,-0.14596765,299,-0.22847322,-0.16724098,0.8509096,-0.25988978,-0.21970722,1.0147401,-0.23901765,-0.20042099,0.2546268,-0.09149146,-0.08587826,0.051559012,-0.11044129,-0.12594876,0.26398784,0.09462221,0.059974153,10.241848,-0.021226289,-0.0018820976,0.083801724,-0.09581203,-0.090720065,3.05,0.38324606
92.4108,0.0025779922,0.00738271,0.07832786,-0.10356141,-0.07463138,0.7825536,-0.0062997285,-0.025350884,0.069416866,-0.05984403,-0.057848044,9.803661,-0.027052704,0.010165441,10.302995,-0.025160702,0.0039370866,6.7990956,0.010600581,0.0113814315,0.45488843,0.40604004,0.4154051,2.7153392,-0.1486507,-0.12263916,1.4927584,-0.28223047,-0.25999045,0.3722332,-0.054128595,0.011897713,11.80101,0.016135106,0.017878307,2.0218658,-0.17954798,-0.098784015,274,-0.24652101,-0.15897082,0.84829795,-0.26455772,-0.22903898,1.0146027,-0.24302593,-0.20796777,0.22565101,-0.07576006,-0.15526031,0.066052586,-0.11486358,-0.06902154,0.56644857,0.06355794,0.16993482,11.148215,-0.019404447,0.0010908268,0.10009264,-0.11629063,-0.056063563,3.0583334,0.3842932
132.65356,0.002844103,0.007337116,0.046403915,-0.11978905,-0.070010915,0.782316,-0.009647317,0.0992584,0.054852605,-0.06518482,-0.03660272,14.485349,-0.021880098,-0.0061624204,23.946262,-0.020369312,0.0137468055,13.395343,0.021242656,0.046264585,0.38304442,0.3942469,0.41976744,2.9842165,-0.13679741,-0.10908617,1.4643574,-0.2897308,-0.26038557,0.34396085,-0.06870076,0.00061623566,16.245802,0.018115576,0.02257655,0.57795197,-0.19317193,-0.10091522,209,-0.26397383,-0.1975649,0.85354847,-0.26801363,-0.21214779,1.0148774,-0.24604194,-0.19419865,0.41151467,-0.053909827,-0.15914975,0.033180922,-0.12440567,-0.08807002,0.16899864,0.02818235,0.14059308,11.914426,-0.017900866,0.0031880199,0.059316073,-0.13684687,-0.123851575,3.0666666,0.3853403
187.11407,0.002941304,0.010960776,0.036065433,-0.13045925,-0.12015885,0.627892,-0.015007737,0.15877049,0.036455855,-0.068681195,-0.08893702,25.326078,-0.018033292,0.0558292,28.02093,-0.019029701,0.0428556,16.074188,0.02687391,0.12501673,0.33185184,0.38696367,0.3387862,3.3671038,-0.1289971,-0.052641567,1.4403434,-0.29635614,-0.27717635,0.2946629,-0.078087814,-0.07799552,17.532463,0.019402185,0.033177327,1.2392925,-0.20498316,-0.102032356,224,-0.27514628,-0.24994257,0.8328679,-0.27281857,-0.2552168,1.0137757,-0.25008082,-0.23022734,0.5914319,-0.04265351,0.0100717265,0.03294979,-0.12653588,-0.12584932,-0.30244362,-0.004495846,-0.011766311,14.109227,-0.017040046,0.015826978,0.057438906,-0.14813617,-0.24873409,3.075,0.38638744
85.07773,0.0027302748,0.009842208,0.060109086,-0.13710336,-0.11599472,0.48526493,-0.022145681,0.053994477,0.06992356,-0.06675015,-0.06052216,10.026093,-0.020462723,0.04217203,10.934142,-0.020381624,0.0357123,5.659708,0.027046474,0.09939061,0.40714353,0.38661236,0.2790513,2.6354795,-0.12468741,-0.045350607,1.4807584,-0.3017039,-0.27919015,0.38816774,-0.08276405,-0.08711232,13.066103,0.020063203,0.034474738,0.82460326,-0.21472715,-0.116018675,256,-0.28605428,-0.28945553,0.8484955,-0.27343893,-0.2597734,1.0146179,-0.250634,-0.23377986,0.29391655,-0.048622057,0.034098294,0.064116605,-0.12558222,-0.092840284,0.31680927,-0.011392679,-0.00077680155,10.147346,-0.017008316,0.015512236,0.1238686,-0.14938201,-0.1436187,3.0833333,0.38743454
86.87779,0.0026380527,0.009593876,0.054865673,-0.14513074,-0.18498439,0.58192194,-0.017191958,-0.04372771,0.07267831,-0.06671211,-0.054163784,9.849257,-0.021452885,0.0423769,13.744052,-0.020173423,0.04366247,7.592282,0.031456575,0.10623501,0.38844606,0.38825083,0.21440499,2.7806854,-0.11973962,-0.04054912,1.4840461,-0.30805263,-0.2856196,0.37484056,-0.08892732,-0.08503311,12.482797,0.020564,0.03586629,1.0078876,-0.21857657,-0.15005982,248,-0.29259908,-0.31334713,0.8524024,-0.27384713,-0.25202626,1.0148164,-0.2510704,-0.22756404,0.3273813,-0.049635112,0.09630868,0.052082703,-0.1294972,-0.12956168,0.3146217,-0.014568849,-0.053169426,10.5140295,-0.016649641,0.0134000685,0.094283566,-0.16514924,-0.1588588,3.0916667,0.38848168
115.179344,0.0027904753,0.008809601,0.051120352,-0.15363546,-0.17111588,0.6361746,-0.007631092,-0.11490917,0.05224327,-0.071766905,-0.059250835,14.295673,-0.018242797,0.04152466,16.147936,-0.016347917,0.025645334,9.294317,0.039329898,0.070847265,0.4371288,0.39447987,0.26702738,3.2230332,-0.11334,-0.0230014,1.4201139,-0.31741893,-0.31826994,0.3107673,-0.09770516,-0.111503094,15.839995,0.021771563,0.035038024,0.61380374,-0.22628045,-0.14885621,230,-0.30013552,-0.29405007,0.84012324,-0.27634704,-0.2773666,1.0141591,-0.25323418,-0.24845465,0.3097239,-0.041909114,0.03406132,0.04625066,-0.13874345,-0.09520642,-0.07848714,-0.025708245,-0.10465888,12.598409,-0.015813878,0.015678087,0.080355845,-0.18577239,-0.10366099,3.1,0.38952878
104.71774,0.003167958,0.005111499,0.057527345,-0.16726553,-0.10800794,0.65891474,-0.00513663,-0.09979884,0.06087217,-0.08016272,-0.011649827,12.639975,-0.0108421,-0.015475702,16.595839,-0.01022518,-0.0007510263,8.812922,0.05010565,0.00818979,0.43695086,0.39342946,0.36928537,2.77639,-0.10871912,-0.06640573,1.4812596,-0.3233573,-0.28807497,0.36723098,-0.10414888,-0.0536342,13.492993,0.022911988,0.026793329,0.9439951,-0.23428403,-0.15876989,233,-0.30747363,-0.28577992,0.8432566,-0.2771141,-0.2577578,1.0143274,-0.2539638,-0.23240988,0.33247185,-0.022876617,-0.12429864,0.04636239,-0.15147296,-0.059949916,0.041317735,-0.021990964,-0.033139277,10.895741,-0.0150618395,0.004975504,0.0873062,-0.20951301,-0.025304189,3.1083333,0.39057592
111.72941,0.0038367491,0.0063076764,0.040482093,-0.18567315,-0.16572037,0.46188834,-0.013435387,-0.11118495,0.057521682,-0.09158874,-0.035827994,13.606293,-0.00088148256,0.0006106169,18.042564,-0.0027446977,0.015672168,8.929876,0.06044184,0.036408074,0.4602453,0.39537463,0.4209517,2.7183504,-0.07819097,-0.06031654,1.4489172,-0.3324295,-0.31157285,0.37136588,-0.12210542,-0.06703272,13.228721,0.0251495,0.027125238,1.272925,-0.23754673,-0.1437189,284,-0.31322512,-0.26005054,0.84595203,-0.27576995,-0.2625587,1.0144651,-0.25288138,-0.23685409,0.32241154,-0.0076880427,-0.10687331,0.043378357,-0.16687678,-0.11446271,0.12953001,-0.010395762,-0.072102755,10.782474,-0.006514375,0.00709081,0.087644756,-0.23172708,-0.12033738,3.1166666,0.39162305
104.79077,0.008759049,0.0071116444,0.055148743,-0.20654719,-0.16488801,0.66305125,-0.0049215457,-0.071669064,0.063327745,-0.10905784,-0.054057464,11.811537,0.025178244,0.009427403,17.470366,0.02337143,0.024281386,8.993152,0.10544088,0.04849618,0.39072007,0.37860107,0.42316425,2.849822,-0.020858979,-0.05523653,1.4693298,-0.33745968,-0.32243302,0.36290595,-0.15111871,-0.07654987,13.551323,0.031323187,0.029306136,0.5369832,-0.24339065,-0.15952805,256,-0.3245298,-0.2526993,0.8579119,-0.26691127,-0.25215942,1.0151213,-0.24426867,-0.22798768,0.35727793,0.023622666,-0.08859085,0.042815246,-0.18728462,-0.13882326,0.3494929,0.008944691,-0.0648478,10.893917,0.013611617,0.008356033,0.08317418,-0.26888847,-0.14948283,3.125,0.39267015
119.52047,0.021050109,0.007306482,0.054457277,-0.231699,-0.15507591,0.87034553,0.0022299879,0.04238916,0.047437984,-0.1310298,-0.06342564,16.118734,0.059933003,0.01761866,18.536345,0.0702237,0.029799527,12.220613,0.17123277,0.07374719,0.4111007,0.35721332,0.3978397,2.748507,0.048917614,-0.090103656,1.447302,-0.33360818,-0.30236906,0.36440003,-0.18627833,-0.033780817,14.96041,0.05041281,0.027510872,0.7236905,-0.24836317,-0.15583894,233,-0.33940434,-0.24994257,0.8438878,-0.25517264,-0.2450537,1.014358,-0.23239209,-0.2222007,0.35353962,0.064436294,-0.061796553,0.04125087,-0.20998318,-0.15196575,0.19839421,0.023219,-0.0072425865,11.275415,0.046618834,0.0039497768,0.06256972,-0.31474432,-0.19614471,3.1333334,0.3937173
175.19511,0.060343035,0.010469638,0.03601175,-0.2666796,-0.2183417,0.7234886,-0.007844649,0.0738413,0.039773367,-0.1570485,-0.10455896,21.185139,0.12288568,0.05601323,26.572718,0.14531586,0.052849963,16.928213,0.2506634,0.14377405,0.3655152,0.3243604,0.32833502,3.32828,0.13549004,-0.049552023,1.4441521,-0.33224252,-0.3297533,0.30585518,-0.2326011,-0.08272448,17.996502,0.09405239,0.036702685,0.18153301,-0.25935435,-0.18143621,191,-0.36267477,-0.28853664,0.849457,-0.2364314,-0.23335017,1.0146638,-0.21420844,-0.21242084,0.47708914,0.12566885,0.026640186,0.031709377,-0.24043892,-0.19048284,0.09264828,0.035094943,0.0034367421,13.474867,0.09982072,0.01253961,0.04977515,-0.36749136,-0.29460737,3.1416667,0.3947644
99.60687,0.12944253,0.009925556,0.05354719,-0.30632693,-0.17992426,0.719187,-0.03445194,0.19916445,0.061860576,-0.18759045,-0.09610004,12.627465,0.21573168,0.05161523,14.412101,0.24870726,0.044462193,10.491446,0.33481264,0.15724882,0.43395984,0.29132524,0.30276012,2.721127,0.23349045,-0.04934801,1.4562856,-0.339911,-0.32431567,0.37334388,-0.28589362,-0.08114714,12.65458,0.15911758,0.035530843,1.7319402,-0.2711665,-0.16602622,285,-0.39130002,-0.28761774,0.85135174,-0.21772303,-0.22315806,1.0147554,-0.19585913,-0.20398019,0.34718245,0.19737856,0.04178815,0.054200448,-0.27537403,-0.16203578,0.5631344,0.03913995,0.0936482,10.55411,0.17310812,0.011779036,0.074455164,-0.42091218,-0.32921025,3.15,0.39581153
155.17975,0.20069195,0.0121871075,0.04158486,-0.3514345,-0.21980835,0.5441554,-0.07784476,0.14125355,0.0447503,-0.2227658,-0.13231784,19.887165,0.31854382,0.08790011,29.791317,0.3602534,0.07292833,11.645457,0.42184582,0.18013556,0.38661364,0.2512286,0.2987647,3.179111,0.34868073,-0.025152586,1.4276174,-0.3489159,-0.35509822,0.31850505,-0.349575,-0.11655431,17.006048,0.22843166,0.042582054,-0.025087528,-0.28672254,-0.18489598,216,-0.4301061,-0.324374,0.8346327,-0.192954,-0.2670979,1.0138677,-0.17109488,-0.24043263,0.503343,0.27447703,0.13111022,0.029873021,-0.31577018,-0.19605586,0.13758741,0.020294696,0.04956123,12.865118,0.25703096,0.018344166,0.076420926,-0.4708036,-0.3469274,3.1583333,0.39685863
173.08559,0.2771193,0.01459121,0.031772733,-0.40097946,-0.2865114,0.5354554,-0.13039881,-0.021862268,0.035319943,-0.25929335,-0.15594265,23.484064,0.45587504,0.120993525,25.489958,0.5128648,0.088993855,13.978544,0.52050555,0.19530477,0.38505268,0.20109314,0.2734208,3.3330956,0.4870804,0.017801676,1.4407587,-0.3591921,-0.35992697,0.30343077,-0.42076918,-0.16517383,17.241846,0.30428496,0.047238544,0.47542068,-0.29969594,-0.19323087,212,-0.46864775,-0.34367102,0.84967226,-0.15882592,-0.25617963,1.0146638,-0.13812037,-0.23154262,0.4444031,0.35138813,0.18667533,0.032540493,-0.35694727,-0.21895204,0.37951428,-0.0066625853,0.08724329,13.544843,0.3535024,0.025902541,0.05933778,-0.52692336,-0.3554064,3.1666667,0.39790577
201.94313,0.35897884,0.01579171,0.0380392,-0.4507752,-0.28054976,0.49073917,-0.18504392,-0.13522814,0.035578106,-0.29624113,-0.16412155,21.699509,0.6007443,0.12330466,25.390924,0.6829239,0.086263455,9.959833,0.6251666,0.13517462,0.5043503,0.15096693,0.408503,7.5156703,0.64103496,0.32548183,1.4396131,-0.3705163,-0.36327663,0.14390297,-0.49901783,-0.29432145,22.7235,0.38809484,0.0568865,2.3674538,-0.31455255,-0.11984541,209,-0.5097015,-0.3271307,0.8479156,-0.11634588,-0.2590892,1.0145874,-0.096238434,-0.23376365,0.26767713,0.42558065,0.05861514,0.030405646,-0.4003355,-0.22237904,0.10163512,-0.051541008,0.089113,45.669987,0.46233535,0.13312906,0.07751409,-0.584644,-0.28263333,3.175,0.39895287
1557.3037,0.44166857,0.081215866,0.009935014,-0.49974895,-0.4087897,0.72401404,-0.23414034,-0.13287704,0.014093464,-0.32910305,-0.2572463,64.13538,0.7420399,0.35473666,126.66161,0.85663825,0.34560305,65.87096,0.7336797,0.61304444,0.16743751,0.0917969,0.1491852,7.6201267,0.7606465,0.6854495,1.4914907,-0.3793875,-0.33729622,0.15363155,-0.56226707,-0.46952945,43.002956,0.47300932,0.11882857,0.3507204,-0.33943257,-0.16621554,185,-0.54883814,-0.41902137,0.90181637,-0.065274775,-0.16383637,1.0181261,-0.045572877,-0.13574333,0.7364522,0.50774884,0.29666242,0.0071362564,-0.44366482,-0.3460925,0.43638918,-0.10373132,0.06274364,62.10965,0.56900394,0.30483586,0.013722129,-0.6464514,-0.44196635,3.1833334,0.4
2618.482,0.51725835,0.19177346,0.0105735855,-0.54184645,-0.49997717,0.5029845,-0.29436582,-0.15293024,0.023259848,-0.35022202,-0.29914314,40.81788,0.8512195,0.44878116,141.03033,0.9969574,0.602608,45.163715,0.79279035,0.90227354,0.2564181,0.0523286,0.02250907,5.1755786,0.83804595,0.83214545,1.615415,-0.38020965,-0.19870704,0.24823806,-0.6074937,-0.52556336,110.38164,0.55232847,0.30941132,-0.6258619,-0.35714686,-0.18638466,184,-0.5666876,-0.44842637,0.8908359,-0.016410572,-0.057751857,1.017346,0.0030347735,-0.034598835,0.69299954,0.56948537,0.4126417,0.0067320103,-0.47850165,-0.4069212,-0.15612687,-0.17027117,0.0016363369,67.14015,0.6600669,0.4856,0.021021692,-0.6926423,-0.5873062,3.1916666,0.4010471
9272.118,0.58477473,0.600155,0.013350391,-0.57466984,-0.55414736,0.44544435,-0.3426106,-0.19677214,0.0094864275,-0.36475936,-0.34950706,105.30792,0.946802,0.8164267,171.6378,1.1034106,0.94026583,33.332138,0.83348453,1.0692757,0.26489288,0.017528692,-0.094402604,5.470246,0.9071106,0.98917854,1.3828022,-0.38904226,-0.24147718,0.19351576,-0.64840084,-0.6132143,194.3982,0.6147946,0.6709934,-1.3548104,-0.37116846,-0.24782895,130,-0.57224077,-0.5237767,0.8909055,0.033050925,0.020076577,1.0171354,0.05235458,0.037273295,0.734103,0.6165655,0.58979976,0.005820372,-0.5059334,-0.477158,0.091133095,-0.2271003,-0.05836141,99.21568,0.738474,0.7709285,0.029970951,-0.72752506,-0.66435003,3.2,0.40209424
10281.058,0.6013119,1.0525244,0.012616646,-0.599113,-0.6289014,0.32680485,-0.36721975,-0.27662006,0.008958075,-0.3600054,-0.40140432,109.8643,0.98197865,1.2125629,183.96901,1.1584352,1.3066422,25.492704,0.86628383,1.2033089,0.39640796,-0.010946525,-0.19942707,5.301718,0.9484258,0.8265022,1.2755378,-0.37118483,-0.36256003,0.19759412,-0.66610825,-0.5703987,176.18407,0.63387245,0.9842116,-1.1796253,-0.37507287,-0.36691102,77,-0.5461938,-0.64507234,0.8657804,0.0847631,0.053796843,1.0156385,0.10609658,0.06783681,0.58776474,0.63955337,0.7855406,0.005349666,-0.5240703,-0.5430204,0.041540988,-0.28519794,-0.07086401,100.94098,0.78484774,0.9550097,0.038606055,-0.7581456,-0.7664252,3.2083333,0.40314135
843.92474,0.56515336,1.0205066,0.019674964,-0.6201899,-0.6002615,0.45329905,-0.37727222,-0.4084779,0.018833643,-0.3501921,-0.39216307,46.174202,0.97195023,1.131861,63.662743,1.1834859,1.1610906,20.035704,0.91311234,0.8077965,0.35344553,-0.053249523,-0.018447166,5.8336053,0.98889625,0.6952326,1.4063069,-0.3304275,-0.4254232,0.18046695,-0.6788592,-0.548999,43.52111,0.6181615,0.9852692,1.2556843,-0.3732178,-0.3365297,160,-0.50626385,-0.66804504,0.90326226,0.13680965,0.05652599,1.0182458,0.16170073,0.07131804,0.51618296,0.66412354,0.65084094,0.013659928,-0.5374825,-0.52587223,-0.49480557,-0.34737638,-0.26459923,57.610893,0.80243444,0.9400265,0.04340394,-0.79083675,-0.688555,3.2166667,0.40418848
1981.1188,0.52973616,0.9919006,0.006109721,-0.6366428,-0.6133873,0.23360197,-0.36587775,-0.5396868,0.0066186865,-0.3325169,-0.42460597,137.1083,0.94516087,1.5645068,276.33942,1.2009481,1.4737066,34.6969,0.9968817,0.71747833,0.23219627,-0.10441501,-0.042014252,7.664295,1.0066861,0.878098,1.3469247,-0.2696757,-0.6235613,0.13340978,-0.67536616,-0.64056796,69.66743,0.60015035,0.9021701,-0.103618264,-0.37192222,-0.318997,188,-0.44993886,-0.6643694,0.89261466,0.18705325,0.05988341,1.0172106,0.21542884,0.067381114,0.6752806,0.6956305,0.6400054,0.0032839212,-0.5436354,-0.53493595,-0.50166255,-0.39243335,-0.33648798,70.257515,0.80773205,0.95040894,0.026154408,-0.8238242,-0.67508936,3.225,0.4052356
2074.9375,0.49177727,0.6688778,0.011170702,-0.6456588,-0.6197966,0.37247238,-0.33945793,-0.57522947,0.015225331,-0.30768532,-0.41341767,56.0784,0.85025567,1.3433119,132.7662,1.1420678,1.3838983,28.469244,1.0731905,0.67551637,0.33311716,-0.14460084,0.024365826,6.1821036,0.9897671,0.9304037,1.441402,-0.1913883,-0.5803165,0.1751881,-0.6570628,-0.65518326,77.215614,0.5810215,0.66299653,-0.35891384,-0.3723353,-0.28556287,156,-0.38898623,-0.64047784,0.9268211,0.23477726,0.12767483,1.0198243,0.26787552,0.14557578,0.52069503,0.72114384,0.5095016,0.0064309454,-0.5438125,-0.533331,-0.18361382,-0.41782978,-0.39364913,68.71241,0.8012878,0.84881717,0.029990688,-0.8481134,-0.67503756,3.2333333,0.40628272
580.9754,0.46170563,0.23351997,0.02266257,-0.6514524,-0.5902569,0.4877825,-0.3057071,-0.49682164,0.04111642,-0.27999517,-0.35072312,19.662806,0.7445305,0.93802446,54.70303,1.0607339,1.0852442,17.401146,1.1592269,0.6056943,0.4342884,-0.18692277,0.061222304,6.2077494,0.95339686,0.99697685,1.4447837,-0.1103075,-0.45541796,0.17764816,-0.6289224,-0.671089,40.085293,0.56493646,0.3852143,0.08667908,-0.37276667,-0.24305068,214,-0.3245959,-0.51458764,0.9221101,0.27329335,0.23399803,1.0194385,0.3105059,0.25607973,0.37417576,0.75011027,0.37888706,0.014779148,-0.5390417,-0.50854456,-0.254672,-0.4234293,-0.45527628,70.95078,0.7871563,0.7489342,0.046460398,-0.8695223,-0.6544317,3.2416666,0.40732986
592.8042,0.4347151,0.22224921,0.013780393,-0.65507907,-0.6075897,0.6547579,-0.2687689,-0.3986965,0.05927805,-0.25364283,-0.27187443,14.942593,0.64136887,0.79769665,47.83272,0.9741835,1.0486706,42.086132,1.2483712,0.79596746,0.17408586,-0.23931648,-0.11328898,5.089111,0.9156603,0.942273,1.6876858,-0.017636122,-0.24776843,0.24478291,-0.5973921,-0.6198007,31.587582,0.5497437,0.36085755,2.0766585,-0.36406654,-0.21548904,408,-0.25352857,-0.28669882,0.9398181,0.3015805,0.30299792,1.0207114,0.34248823,0.32777983,0.71168184,0.79041904,0.49843907,0.018518029,-0.5310722,-0.49577448,-0.07437505,-0.4071669,-0.36780563,44.986137,0.7644851,0.7068872,0.021046545,-0.8878834,-0.7130863,3.25,0.40837696
2391.6924,0.415389,0.2406765,0.012384709,-0.6594914,-0.5891383,0.6996586,-0.2235296,-0.17169313,0.032857273,-0.23645863,-0.22072081,27.604816,0.55766404,0.3056828,74.49911,0.9077609,0.58234185,51.2409,1.3606588,0.9387257,0.19307323,-0.290127,-0.15135448,6.0337067,0.8932972,0.822461,1.6086152,0.06317205,-0.054648343,0.20760086,-0.5709866,-0.56063753,83.14971,0.5437322,0.38837534,-0.42403764,-0.3675242,-0.22624612,298,-0.2103593,-0.18561912,0.92859435,0.32510275,0.37091032,1.0199429,0.36943963,0.4072334,0.7139458,0.8321871,0.5220837,0.012174898,-0.5264268,-0.47240356,-0.10843866,-0.37656903,-0.28599533,67.87456,0.7494254,0.6989507,0.017701076,-0.90853626,-0.7352636,3.2583334,0.4094241
1119.9238,0.3959199,0.19781372,0.0141584445,-0.66523623,-0.580353,0.72432345,-0.19038776,-0.00031610613,0.11710819,-0.22270265,-0.022094356,6.934192,0.4873272,0.0848713,36.06969,0.8676903,0.35893568,41.543217,1.4782579,1.051541,0.21481714,-0.33890674,-0.26645666,3.3058357,0.8688632,0.6111193,1.8277004,0.14209719,0.23042873,0.42024854,-0.54304385,-0.36521587,54.434933,0.541031,0.34187922,0.30558255,-0.371626,-0.20393774,505,-0.1821307,0.13507925,0.9561399,0.3441571,0.42625013,1.0222241,0.39130935,0.47701684,0.59723353,0.87542766,0.5688887,0.022513378,-0.5238625,-0.43012908,-0.08840581,-0.33836272,-0.2661873,46.648773,0.7320956,0.6254673,0.019547129,-0.929253,-0.7626623,3.2666667,0.4104712
2499.4497,0.40346915,0.2839184,0.0060584964,-0.67182106,-0.6291766,0.36356333,-0.16890226,-0.060819868,0.016321024,-0.23507524,-0.07043441,58.17961,0.45720392,0.25793248,173.12006,0.8589247,0.6325246,56.98144,1.5997708,1.3930794,0.21712561,-0.38717487,-0.4777492,7.1263843,0.8683032,0.6786185,1.5439835,0.18736254,0.30363527,0.17428051,-0.5388324,-0.36790138,78.27568,0.5570825,0.4198271,-0.41232517,-0.38007787,-0.22069024,173,-0.1922454,0.09740409,0.88481027,0.35344332,0.35584605,1.0175864,0.4009445,0.42315933,0.7324252,0.93209666,0.7879664,0.005484927,-0.5261341,-0.45455998,-0.24208708,-0.2900874,-0.263569,62.13937,0.72895056,0.5961207,0.016664213,-0.94856966,-0.84083253,3.275,0.41151834
1839.8999,0.4323104,0.3398904,0.00893026,-0.6770517,-0.6434383,0.8260213,-0.14617714,0.022597827,0.03513287,-0.24892502,-0.11750681,27.67751,0.44934362,0.31515217,70.31967,0.85374254,0.6844781,89.94308,1.7075815,1.8060371,0.13822606,-0.42553693,-0.51263964,4.9524403,0.8622973,0.66857624,1.7379371,0.21599187,0.34071922,0.26599285,-0.53474873,-0.35098767,57.455105,0.5867845,0.4726236,0.5726536,-0.3903855,-0.2711825,283,-0.2103593,-0.017459223,0.9405798,0.3621307,0.35728374,1.0207558,0.406939,0.42444584,0.83416426,0.98329824,0.8628672,0.013828141,-0.5284809,-0.4668879,-0.5771806,-0.22478329,-0.36817777,50.764465,0.7339472,0.61536556,0.010811174,-0.9641141,-0.867685,3.2833333,0.41256544
2944.276,0.4531223,0.36469138,0.007831879,-0.67462397,-0.6568257,0.37044728,-0.14503719,-0.13775197,0.022489564,-0.25595006,-0.13771924,42.826885,0.4406966,0.38354698,94.37449,0.8375877,0.7303979,45.557297,1.7240347,1.7569933,0.24466394,-0.43934605,-0.4624435,6.0378723,0.85497075,0.6688823,1.6009113,0.22520487,0.33503392,0.20214532,-0.53236216,-0.35533816,114.10083,0.60865366,0.53579587,-0.8135923,-0.37303188,-0.28426057,230,-0.22106898,-0.079944864,0.93020314,0.36603373,0.3603203,1.0198836,0.40784943,0.4227224,0.71849406,0.999356,0.86564857,0.010205703,-0.52528536,-0.47206414,-0.02067404,-0.17882147,-0.34991834,76.14697,0.7330184,0.642917,0.021141684,-0.9628577,-0.85865855,3.2916667,0.41361257
6654.097,0.4641351,0.6130754,0.0066858316,-0.6716874,-0.6787986,0.42777908,-0.14741564,-0.2821906,0.01670168,-0.263547,-0.33346748,55.075962,0.45740244,0.5998544,114.00939,0.84836274,0.9104686,58.855408,1.7248616,1.9063802,0.2487138,-0.4488588,-0.42946312,5.606091,0.8446025,0.8379,1.4953588,0.22493434,0.08977548,0.21554257,-0.52637255,-0.5185794,159.59608,0.61336344,0.7504333,-1.2000048,-0.3465251,-0.33480597,152,-0.22966318,-0.40431887,0.92944205,0.36659405,0.30992752,1.019854,0.40534267,0.35380104,0.6711473,1.0081576,0.9108485,0.008068292,-0.5225399,-0.5100346,0.3812661,-0.13250163,-0.25220302,90.16174,0.7214406,0.78783786,0.015629169,-0.95892406,-0.8689373,3.3,0.41465968
2005.8893,0.4429714,0.5909235,0.018124107,-0.66499704,-0.64332014,0.5797332,-0.15008472,-0.1769002,0.036559574,-0.26593134,-0.29401127,25.586115,0.46152166,0.45340747,54.734882,0.84794235,0.6369533,29.921064,1.6830088,1.6728761,0.21114103,-0.45401204,-0.43528593,4.6592526,0.8283269,0.6566206,1.6711683,0.23346652,0.18363431,0.26949137,-0.516293,-0.44265422,64.01591,0.5878823,0.7213286,1.1805235,-0.30437294,-0.28133103,320,-0.21571414,-0.2692396,0.9135122,0.36866707,0.3641029,1.0187238,0.40509632,0.38687852,0.7242764,1.0081142,0.9058653,0.017089969,-0.5167817,-0.4795295,0.6346949,-0.12020724,-0.069788404,58.774097,0.6896248,0.77662975,0.03126284,-0.9467357,-0.8306379,3.3083334,0.4157068
2229.9866,0.4127482,0.60843134,0.013696173,-0.6586062,-0.6293062,0.83267784,-0.16089438,-0.17365797,0.03527916,-0.2685891,-0.2937261,26.16416,0.4652912,0.44660777,81.98206,0.84800994,0.6638979,56.11808,1.6349801,1.3810002,0.20479754,-0.44169557,-0.37051398,5.2650766,0.8253745,0.6795925,1.6574636,0.22627047,0.12424719,0.24809994,-0.5138372,-0.45692283,87.75949,0.55343896,0.7831809,-0.6904137,-0.25423032,-0.32373458,209,-0.2096321,-0.3372387,0.93925345,0.37381622,0.36159942,1.0206672,0.40837917,0.38430518,0.718252,0.98865265,0.83498234,0.011259166,-0.5116585,-0.48628235,0.23168033,-0.14738788,0.09849524,61.24857,0.6533399,0.8115473,0.016448345,-0.93222314,-0.81584877,3.3166666,0.41675392
2116.3606,0.37435412,0.5712729,0.007531165,-0.6536628,-0.63019043,0.5361157,-0.19343878,-0.092965424,0.016585259,-0.2708182,-0.30523685,55.89976,0.47735667,0.50534594,155.88231,0.85699624,0.80600464,65.997665,1.5760118,1.5573801,0.16059566,-0.43524304,-0.45230976,6.527194,0.83881,0.7155467,1.5658762,0.21273401,0.09839237,0.19331251,-0.51766473,-0.4639665,80.2858,0.5055588,0.7141633,-0.4602513,-0.1935995,-0.31187227,186,-0.1915182,-0.3776706,0.9301899,0.37479028,0.3615745,1.0198836,0.406971,0.38430518,0.7665164,0.97130305,0.86434907,0.0059475126,-0.50626516,-0.49747548,0.37277222,-0.18613568,0.1803518,58.651863,0.6116133,0.75327945,0.014047649,-0.91661817,-0.83445996,3.325,0.41780105
2139.0498,0.34101573,0.3686292,0.010765407,-0.64837337,-0.6181946,0.65612036,-0.22481596,0.01825334,0.027562335,-0.27213174,-0.28406337,33.425518,0.5048707,0.4080676,76.21729,0.8720582,0.71869034,56.149666,1.5215931,1.5340323,0.17251731,-0.4290799,-0.5264465,5.345202,0.85602725,0.69637716,1.6301782,0.196302,0.19788517,0.24025275,-0.52237236,-0.44426155,52.519157,0.45948192,0.4956157,0.35835108,-0.13315667,-0.25955534,300,-0.16705781,-0.24167241,0.942312,0.371787,0.38586682,1.0209179,0.40205604,0.41524273,0.74876803,0.95449746,0.9118159,0.012087616,-0.5001947,-0.48691022,0.3057767,-0.2449168,0.16464621,56.29985,0.5736681,0.6405017,0.016407672,-0.9009307,-0.83241755,3.3333333,0.41884816
1945.379,0.29854944,0.36591336,0.006273128,-0.6125422,-0.65304196,0.4372331,-0.22017552,-0.051154554,0.012536906,-0.23850931,-0.33089694,75.62242,0.5138632,0.6328874,182.38554,0.8674064,1.0136125,66.07996,1.4269525,1.8460475,0.18841034,-0.42162913,-0.54856277,7.9921284,0.8451191,0.9412695,1.4949192,0.2010912,0.0678184,0.14877863,-0.49933094,-0.54052305,80.85458,0.40813905,0.529984,-0.3308194,-0.061781175,-0.31029394,148,-0.11383995,-0.39972433,0.898993,0.36944696,0.35846168,1.0176314,0.39825618,0.3834751,0.7596608,0.91139203,0.9334543,0.0051981704,-0.4792686,-0.51816916,0.44457057,-0.32820255,0.12509082,59.04975,0.5233854,0.64141977,0.014347332,-0.8692564,-0.87679535,3.3416667,0.4198953
110.31587,0.25670087,0.2707786,0.036490176,-0.5743464,-0.586017,0.5560184,-0.22044437,-0.1859078,0.102932096,-0.2033931,-0.19900367,6.7380247,0.5059523,0.5456032,15.386152,0.84229684,0.85975033,10.568093,1.2962073,1.4529966,0.2961987,-0.39842072,-0.45963234,3.8387432,0.81285805,0.83646566,1.6989927,0.20123024,0.09846577,0.32243147,-0.47140962,-0.48124787,13.728459,0.35428038,0.37888414,10.11205,0.010626765,0.05236497,518,-0.05427561,-0.115782216,0.93917334,0.3632105,0.35831043,1.0206082,0.3935362,0.3817588,0.39736032,0.8508959,0.7372217,0.045076832,-0.45733204,-0.42927563,-1.7616621,-0.42483333,-0.2896244,17.927095,0.47614083,0.49713668,0.06562764,-0.8302423,-0.7477735,3.35,0.4209424
581.1627,0.21978593,0.20187606,0.012099108,-0.5319945,-0.57258517,0.40252814,-0.20213573,-0.25097463,0.03404457,-0.16985999,-0.16496573,27.267235,0.50377315,0.4169534,63.567833,0.82549137,0.64646834,30.88388,1.2110267,1.1499997,0.32243428,-0.38682607,-0.30216852,3.8758519,0.7778074,0.6416509,1.6738981,0.2070693,0.17818283,0.33263355,-0.43357515,-0.37014732,32.21583,0.30584946,0.2807717,1.8590624,0.03324346,0.13022867,304,-0.008594189,-0.007351252,0.94073594,0.35745394,0.3782162,1.0207704,0.3894935,0.40754882,0.605867,0.80589336,0.63898104,0.014603319,-0.43459255,-0.4065229,0.4807148,-0.45951957,-0.2671669,35.327103,0.43426162,0.41945308,0.030057793,-0.79494727,-0.70577097,3.3583333,0.42198953
310.99854,0.1882669,0.11982971,0.020976437,-0.47008008,-0.54256004,0.4744314,-0.15927842,-0.33947033,0.057513,-0.11890651,-0.10657521,14.991525,0.4988222,0.334127,32.412556,0.80396485,0.5452625,19.500847,1.1193547,0.83375704,0.23057266,-0.3857806,-0.24568251,3.9898925,0.74349856,0.54206586,1.7173215,0.21506657,0.24249211,0.3259929,-0.3841174,-0.3017744,19.727873,0.26529858,0.21384358,3.7407668,0.047160022,0.24378268,489,0.052424554,0.16632208,0.9443067,0.34936154,0.38198113,1.0210651,0.38239732,0.4118308,0.6316349,0.7523212,0.56735146,0.026601033,-0.3996049,-0.36837277,-0.9925916,-0.50411695,-0.53729266,22.841824,0.3952066,0.3080204,0.04421385,-0.7483092,-0.6328215,3.3666666,0.42303663
355.5599,0.17461628,0.04847566,0.012087492,-0.3821934,-0.5254631,0.42928827,-0.085776865,-0.34334004,0.029939068,-0.057793923,-0.0726487,30.423637,0.5027904,0.13104281,57.505634,0.791903,0.25674188,32.349102,1.0422505,0.5426934,0.25352398,-0.38093585,-0.18232901,5.456739,0.7054795,0.35577103,1.5973691,0.21537624,0.31809714,0.23067266,-0.3206006,-0.23646861,21.972033,0.24203716,0.09366231,5.227318,0.04325483,0.43037975,307,0.09850263,0.3124282,0.9298123,0.33748102,0.44015312,1.019854,0.37044,0.47646093,0.6573314,0.679793,0.5047747,0.015839411,-0.3520733,-0.34040108,-0.7251875,-0.49126637,-0.780661,26.994621,0.36761582,0.20126013,0.028157052,-0.6935177,-0.5965917,3.375,0.42408377
1093.6053,0.16498357,0.09260752,0.006372071,-0.2788108,-0.6140242,0.36341852,0.019153858,-0.43715015,0.014515211,0.016260168,-0.24502248,63.14496,0.49719062,0.38448673,166.19223,0.77069414,0.60516196,52.27433,0.9498393,0.90257657,0.14638065,-0.37830088,-0.32809722,8.326663,0.6482731,0.6855334,1.5062302,0.2301125,0.17584392,0.14372844,-0.2398781,-0.37897408,45.016582,0.22305882,0.15752243,0.41849524,0.045462113,0.10494897,192,0.15773642,0.012864691,0.90489596,0.3245917,0.37545398,1.0181711,0.3576507,0.40558848,0.7701817,0.59883744,0.7327634,0.0055150734,-0.29373485,-0.44439358,-0.12135125,-0.42126077,-0.4393941,53.642273,0.34564376,0.32021028,0.017533699,-0.6303195,-0.7227661,3.3833334,0.4251309
3557.15,0.17502272,0.22617537,0.0044086166,-0.17423762,-0.63663787,0.40732852,0.13595875,-0.43481204,0.007222054,0.09169721,-0.29731452,132.16327,0.53278005,0.85579866,271.3687,0.7959711,1.085262,88.1889,0.8567213,1.3970617,0.12371944,-0.36557811,-0.52144045,7.6865726,0.57360476,0.9655367,1.4678732,0.242033,0.023803469,0.16393986,-0.15389897,-0.51349765,90.696884,0.22684422,0.27688423,-0.565932,0.04027849,0.023537373,170,0.21062374,-0.11026878,0.8995932,0.29763454,0.29779625,1.0179913,0.33545044,0.32477266,0.8307708,0.51282257,0.87029713,0.0035173185,-0.23502256,-0.47353435,-0.28749514,-0.34042057,-0.5992203,66.015495,0.33488232,0.42241862,0.010823246,-0.5668183,-0.7732279,3.3916667,0.426178
59.74814,0.18609862,0.21489878,0.16013162,-0.06818963,-0.2274573,1.6603866,0.2519431,0.14283423,0.20164548,0.16815342,-0.01631999,2.4064374,0.5556512,0.79925215,5.7108617,0.7894566,1.0235708,5.0314736,0.712883,1.2722055,0.14978862,-0.3398955,-0.60004073,2.4321938,0.48299763,0.8510805,1.8376781,0.24734214,0.1126231,0.53584284,-0.06643615,-0.34615436,11.837787,0.2342571,0.2607803,4.4513764,0.034573983,0.047393866,530,0.25795788,-0.072593614,0.9338522,0.26981953,0.27806324,1.0201945,0.31280434,0.29945645,0.3354586,0.41557077,0.68917865,0.084969185,-0.17570196,-0.32010716,-0.69629145,-0.23551002,-0.53757495,11.835277,0.3266042,0.38576108,0.09644237,-0.49822518,-0.63620645,3.4,0.42722514
1600.9785,0.21409826,0.2707955,0.018315094,-0.023266876,-0.20914528,0.36472294,0.28559986,0.111386225,0.020024788,0.19527593,-0.03564845,40.579636,0.6792923,0.84488446,76.82082,0.8825946,1.0681963,16.181917,0.6312387,1.1326988,0.39920333,-0.30913138,-0.45829934,5.098008,0.4369229,0.82472175,1.3571035,0.21171431,-0.064686015,0.2069131,-0.019500654,-0.36510125,64.91378,0.2587439,0.34842587,0.13223056,0.0044821533,-0.12365773,219,0.2600734,-0.15345739,0.88163865,0.23007338,0.18713458,1.0171956,0.28072697,0.22215058,0.41339517,0.3581472,0.54000616,0.010577842,-0.14417587,-0.3339378,0.37083992,-0.092134774,-0.3095463,69.28617,0.34388608,0.52661395,0.050216455,-0.46015492,-0.5783336,3.4083333,0.42827225
55.448853,0.23877242,0.2242011,0.08483747,0.02300182,0.021579234,0.8391832,0.32923365,0.3431182,0.15878522,0.22342262,0.24561419,3.5958188,0.80774295,0.5773222,7.06392,0.98728675,0.70054865,5.64777,0.57724243,0.7303581,0.27764803,-0.29752633,-0.33058032,2.2338402,0.41135803,0.37703463,1.7688369,0.19222063,0.1291101,0.54876924,0.022896549,-0.042104382,9.95787,0.27927196,0.27686983,1.250702,-0.017814206,-0.095718995,543,0.2544541,0.1690788,0.94165105,0.19549546,0.25651047,1.0208147,0.25143573,0.29902747,0.2933148,0.3163444,0.24839124,0.08082805,-0.1119328,-0.13596927,0.5833991,0.065202974,-0.16292284,8.623714,0.34740403,0.37667874,0.10109528,-0.42653376,-0.3591099,3.4166667,0.42931938
49.679832,0.26359147,0.0667793,0.11421181,0.055301268,0.34445137,1.1655761,0.35705334,0.7124398,0.17705461,0.23058683,0.5767125,3.1010222,0.94033724,-0.0025718054,6.261545,1.0951113,0.08804905,5.6032724,0.5275233,0.017726593,0.23986258,-0.28255707,-0.21757673,1.8444557,0.40230384,-0.05223115,1.7880764,0.16035153,0.36541086,0.6623321,0.037366506,0.35533494,8.339134,0.3006297,0.108774886,1.3165172,-0.018531617,-0.032521658,610,0.22754768,0.57339764,0.93236274,0.15410025,0.31836367,1.0200614,0.21442203,0.3592218,0.30918774,0.28620288,-0.07056859,0.08768608,-0.092285976,0.08527766,0.41737533,0.17793918,-0.016274441,6.894833,0.35328862,0.17977612,0.097987436,-0.4004807,-0.13043477,3.425,0.4303665
33.294342,0.2899733,0.065592006,0.16517138,0.05855103,0.3592706,1.4335542,0.34468874,0.6019559,0.17498557,0.20245832,0.5247375,2.6012578,1.084022,-0.0016964519,3.9417567,1.2144408,0.08396173,3.9506168,0.49437916,0.008399881,0.2701786,-0.25719026,-0.100441106,1.7203901,0.41433594,-0.104532905,1.7925614,0.113051705,0.332116,0.6773982,0.011426698,0.46821728,7.135438,0.32575274,0.099177234,2.0953686,-0.019869244,-0.11161724,600,0.15733977,0.6377211,0.9285104,0.108857155,0.308281,1.0197353,0.17333986,0.34586927,0.18500401,0.2742573,-0.16257499,0.115477085,-0.09183919,0.16547108,0.90687907,0.28917146,0.31726545,5.8070793,0.36626276,0.15969908,0.1152181,-0.38767013,-0.08117665,3.4333334,0.43141362
69.10443,0.3173324,-0.0031613568,0.08355623,0.0075356527,0.5511097,1.2146862,0.27360848,1.0159497,0.12097587,0.14392933,0.72154737,5.552436,1.2348526,-0.15907836,8.9333105,1.3423104,-0.07288457,9.7648945,0.47645682,-0.04697261,0.26231968,-0.23546411,-0.23362458,2.8756766,0.45376265,-0.2678249,1.7989107,0.05398479,0.6581571,0.48673955,-0.057798382,0.69136286,11.457652,0.35334548,-0.009928535,11.533025,0.0074394923,0.2711287,493,0.061349288,0.8895015,0.9379474,0.06483309,0.41456473,1.0205492,0.13392092,0.44339183,0.40939105,0.2990464,-0.16502361,0.07519169,-0.1218772,0.33531576,1.1715689,0.38908672,0.4838572,19.860481,0.38531718,-0.004914202,0.06878832,-0.3993327,-0.032453388,3.4416666,0.43246073
6634.7983,0.34781834,0.2921321,0.0050029266,-0.07105247,0.31635925,0.24772713,0.15094407,0.72786766,0.0041871136,0.0604906,0.42014953,228.01999,1.4040457,0.8492896,511.3291,1.4902065,1.0921621,47.275604,0.48142007,0.312234,0.24129266,-0.20073338,-0.26899722,8.313508,0.52814084,0.17889564,1.3012563,-0.032653634,0.31309614,0.12944956,-0.16050334,0.35697943,169.84781,0.3852063,0.31641224,-1.2039633,-0.008841439,0.18872102,79,-0.061613724,0.46312886,0.7566748,0.015629666,0.065418765,1.0107558,0.089422844,0.15088291,0.713453,0.33669207,0.091900386,0.0018671843,-0.17368661,0.12775835,0.14296515,0.44825515,0.39222485,95.20878,0.41514027,0.2834592,0.020195313,-0.42493847,-0.24469435,3.45,0.43350786
5349.86,0.34297377,0.5300141,0.008662645,-0.14350599,0.005995922,0.25410914,0.05237894,0.2839171,0.005549529,-0.014217495,0.085790545,168.93588,1.45113,1.5944079,208.40834,1.49046,1.5591991,27.500956,0.47294924,0.5011892,0.28382632,-0.17266932,-0.22622187,6.0394177,0.5823771,0.48713213,1.2436877,-0.087559365,-0.088647015,0.15999582,-0.2541854,-0.043605056,127.81146,0.38006905,0.5602593,-0.8641091,-0.01287763,0.11551332,70,-0.15806697,-0.033080634,0.8620527,0.00743215,-0.067292765,1.015866,0.07813008,0.028885784,0.65368825,0.3710479,0.30257025,0.00449845,-0.21990179,-0.09090956,0.4237406,0.50953346,0.39354914,84.27154,0.41911137,0.5411639,0.034090254,-0.447174,-0.41232854,3.4583333,0.43455496
3725.1777,0.31729186,0.6957127,0.0037697,-0.20517781,-0.46859962,0.21324593,-0.015612917,-0.31046158,0.0034537376,-0.07079317,-0.2486206,284.2827,1.4335705,2.8600404,494.55725,1.4668034,2.6927097,55.541008,0.49128404,0.94636273,0.20429562,-0.15873921,-0.2903239,7.360553,0.62630355,0.90155876,1.2638676,-0.102519736,-0.47880772,0.13684213,-0.32795036,-0.4746676,96.84528,0.3542896,0.7433601,-0.4681238,-0.012983415,0.029452082,76,-0.22199452,-0.51458764,0.82882303,0.013776427,-0.2554546,1.0145415,0.08051195,-0.122148015,0.77754223,0.40521353,0.6649208,0.0019852866,-0.25596207,-0.38923538,0.4933232,0.55484,0.3075088,79.48386,0.40191704,0.78654593,0.017677711,-0.46772918,-0.66822565,3.4666667,0.4356021
127.75098,0.2699593,0.6983448,0.03708904,-0.21568027,-0.6052346,0.5892908,-0.0071374914,-0.6150745,0.035241146,-0.084124446,-0.41576535,20.470604,1.2351294,2.9270697,36.10979,1.2694918,2.755498,11.462115,0.4483866,0.961008,0.31878898,-0.15210561,-0.23538107,5.815301,0.6142525,1.1175559,1.5272189,-0.05964686,-0.6793084,0.18726653,-0.35701436,-0.71348023,19.830767,0.3050439,0.76044995,3.4761574,0.0034719594,-0.241032,173,-0.22655605,-0.80863774,0.90611535,0.04630871,-0.3155381,1.0182159,0.104750365,-0.18999821,0.40261856,0.40335828,0.66077924,0.019978171,-0.26536784,-0.53437024,1.0926789,0.5782598,0.29109573,19.150297,0.35293293,0.7841807,0.06293843,-0.457499,-0.6835728,3.475,0.4366492
49.75827,0.22669798,0.40279597,0.06331525,-0.2161663,-0.43376946,0.6514647,0.009277533,-0.41842502,0.056303285,-0.086017236,-0.31416187,13.319819,1.0379813,1.962393,16.32373,1.0742955,1.6118449,7.7163987,0.40499383,0.6196516,0.31023178,-0.13946629,-0.16830549,3.5361786,0.5796116,0.76652825,1.6024876,-0.014080876,-0.4570084,0.29646674,-0.36789683,-0.58029354,12.295072,0.26056606,0.43887946,0.36402303,0.002353114,-0.18839177,246,-0.20949988,-0.65518034,0.8889503,0.07893401,-0.065865725,1.0169847,0.13036889,-0.008863909,0.43971783,0.3957792,0.493384,0.04594229,-0.26533484,-0.41851392,0.387107,0.57246965,0.34188947,9.701017,0.31279883,0.49939528,0.09718907,-0.44241944,-0.48157978,3.4833333,0.43769634
48.688686,0.18396884,0.16486953,0.07102765,-0.2186491,-0.25038752,0.732086,0.026336784,-0.18561558,0.05374388,-0.07746069,-0.22020423,13.371433,0.84171647,1.2634212,13.53374,0.8817066,1.1616095,7.406988,0.3634416,0.44626072,0.31532794,-0.13023885,-0.13765542,3.5259776,0.55374026,0.58184624,1.6077485,0.030840432,-0.18834206,0.2994547,-0.3726111,-0.4690831,12.180298,0.21691938,0.20287235,0.5447655,0.01190362,-0.14109322,261,-0.17551978,-0.47966918,0.89284503,0.11740184,-0.0077445833,1.0172256,0.16296872,0.030672144,0.40330482,0.38659102,0.34026885,0.053099345,-0.26353785,-0.29076108,0.26834485,0.5858843,0.30955938,9.559203,0.28171435,0.25056428,0.09702091,-0.43261075,-0.3164813,3.4916666,0.43874344
87.322075,0.14153105,0.0015957868,0.037950244,-0.22037114,-0.14988093,0.6443451,0.052000903,0.024361005,0.06305439,-0.05511653,-0.104009345,12.3984,0.6447236,0.04180843,23.40563,0.69161946,0.0730679,13.273484,0.32416058,0.08153421,0.25444868,-0.12481414,-0.088858075,4.274591,0.52297187,0.35509664,1.6432183,0.08124409,0.09160773,0.28694466,-0.35860655,-0.3493849,12.723784,0.1734884,0.031177536,11.036459,0.026496759,0.24513714,321,-0.118269265,-0.2545371,0.92258096,0.16499674,0.16922522,1.019275,0.20588036,0.16831814,0.52732486,0.37305862,0.18725526,0.033401087,-0.26127023,-0.20818116,2.1615157,0.61229247,0.65662706,15.442065,0.25158685,0.037271757,0.058897387,-0.4303004,-0.20834152,3.5,0.43979058
844.0449,0.09882763,0.033744395,0.017115274,-0.1930552,-0.20861302,0.46410197,0.10375634,-0.036615048,0.024042213,-0.017696442,-0.1258423,37.69832,0.4442709,0.11921486,72.77113,0.4965855,0.15776972,24.576836,0.276187,0.19470114,0.46877807,-0.11460436,0.057076573,6.4489493,0.4713512,0.40165573,1.474231,0.1398182,0.052504122,0.16900049,-0.31779754,-0.36395103,32.362534,0.12909126,0.05675529,1.7298281,-0.010628636,0.1865096,271,-0.04330149,-0.16448426,0.90416116,0.21325366,0.16553661,1.0185895,0.24970123,0.1791834,0.43757293,0.33913472,0.20863064,0.012454815,-0.24154805,-0.22795713,0.7466088,0.57828444,0.58462715,59.96076,0.21782309,0.17319186,0.03687826,-0.411465,-0.27671033,3.5083334,0.4408377
183.12445,0.051467687,0.039730117,0.034317,-0.14250478,-0.29388127,0.84962153,0.18539603,0.05990172,0.059740946,0.038300082,-0.11914039,13.741714,0.22457214,0.121110484,27.743471,0.27954766,0.18415372,20.324936,0.20785423,0.30350024,0.23487471,-0.13256378,-0.016243462,4.7537065,0.382961,0.49111697,1.7019229,0.22209182,0.12588449,0.26981246,-0.2496659,-0.38520628,22.319307,0.078737,0.0772151,1.6987177,-0.012724557,0.23131779,367,0.050639607,-0.053296577,0.94035196,0.26667422,0.26255816,1.0206968,0.29718548,0.28712776,0.5860683,0.3036137,0.29812726,0.029590493,-0.2036234,-0.27093965,0.5275016,0.55807966,0.6138362,23.381344,0.16323498,0.21875447,0.040390927,-0.372277,-0.42572019,3.5166667,0.44188482
69.36546,0.022663413,0.04065813,0.066843174,-0.090912,-0.30618557,1.0112472,0.23559949,0.19587344,0.14070529,0.090677895,0.05039586,4.9864793,0.071928374,0.08343576,11.239286,0.14531524,0.17885265,10.614625,0.14666945,0.33117893,0.22910443,-0.1473766,-0.100136206,2.5769014,0.3027275,0.42138097,1.781887,0.28064948,0.25439373,0.49740785,-0.18079634,-0.22734995,12.96976,0.04649476,0.07882641,0.29022634,-0.026844889,0.22277243,462,0.12309523,0.13140363,0.9422122,0.29304978,0.3557396,1.0208883,0.3205898,0.39363912,0.47251958,0.2653036,0.34045365,0.062426027,-0.16246459,-0.24642342,0.22492327,0.5228037,0.60480237,9.690448,0.12111754,0.21919158,0.06609974,-0.31906298,-0.50684184,3.525,0.44293195
41.34499,0.009315838,0.038594592,0.10333979,-0.05071775,-0.113910064,1.0430138,0.2450621,0.39005408,0.13158673,0.115793034,0.18400358,4.513403,-0.026115242,0.048007414,8.673418,0.047024164,0.14481556,5.994303,0.093027875,0.26836687,0.14789948,-0.15891476,-0.20380521,2.4322715,0.24370399,0.28601143,1.7938447,0.30249324,0.3655517,0.5039637,-0.13811426,-0.054289714,9.107359,0.029289173,0.07144517,0.732682,-0.043426633,-0.12314463,520,0.16090967,0.31426603,0.9357573,0.30571455,0.38061017,1.0203128,0.32978746,0.42381957,0.44600448,0.23751801,0.2907244,0.06847403,-0.13440374,-0.1542303,0.43584904,0.49202195,0.24577717,7.6936793,0.09532191,0.19338542,0.09907807,-0.26116404,-0.4014279,3.5333333,0.44397905
36.49152,0.0068207956,0.0023500898,0.10596189,-0.0387972,0.14734004,1.0502701,0.20895675,0.6755605,0.13677293,0.114912756,0.40377855,4.376372,-0.0318708,-0.10171256,7.272233,0.036352728,-0.006512109,5.9328814,0.069727845,0.107488155,0.3296586,-0.16317512,-0.33916405,2.5549245,0.22208333,-0.000112889764,1.7487345,0.28600287,0.5681273,0.47922987,-0.13045084,0.19310047,9.845834,0.024150962,0.025487825,0.32539374,-0.03897447,-0.1702941,454,0.15363766,0.4824259,0.9313449,0.3005002,0.43192,1.0199577,0.32267013,0.4636039,0.2689106,0.22843942,0.18758357,0.08230886,-0.1216367,0.029388813,0.15015931,0.4852244,0.12168576,7.833121,0.08649101,0.019773224,0.10089014,-0.21504553,-0.2334928,3.5416667,0.4450262
224.72227,0.004603552,0.004217078,0.03180577,-0.050983816,0.13995585,0.4829288,0.143237,0.49695453,0.03267269,0.089366026,0.35100743,25.786627,-0.029060272,-0.04759315,40.21816,0.03273797,0.022309227,12.792537,0.051692102,0.042491082,0.29095656,-0.17678191,-0.2845982,6.382669,0.22183695,0.11957966,1.4238342,0.2507314,0.36290592,0.14987992,-0.1471096,0.097461104,20.751118,0.020174913,0.022287095,3.4202864,-0.025255214,-0.11249783,205,0.12157472,0.33356306,0.88353854,0.28856552,0.32468358,1.0168037,0.3081432,0.35039866,0.5515619,0.23997045,0.16648215,0.020948708,-0.12699035,0.0066729193,1.2850889,0.49011198,0.27930194,50.47228,0.080007404,0.110000156,0.06586015,-0.1790451,-0.16667432,3.55,0.4460733
146.59193,0.0013197494,0.007683146,0.031648595,-0.050601427,0.03646753,0.5548166,0.0865401,0.27463976,0.034475252,0.0695325,0.1439059,21.38098,-0.03396699,0.02606954,34.848816,0.020537412,0.07685633,12.922009,0.026931737,0.062401507,0.33299378,-0.18408814,-0.18351719,4.345226,0.18512075,0.24951221,1.532055,0.23301919,0.17853704,0.2573956,-0.14167777,-0.09393495,17.609125,0.013327123,0.031756196,1.6365576,-0.027952371,-0.06729898,264,0.10174198,0.15161957,0.92720115,0.27831042,0.29634994,1.0197798,0.29465422,0.3181625,0.40412086,0.23820761,0.1246548,0.021151783,-0.1232741,-0.10182101,0.8596735,0.4565772,0.4113618,16.42123,0.05419401,0.13241717,0.057043344,-0.12886,-0.19043379,3.5583334,0.44712043
51.18169,-0.0025865156,0.008124636,0.055967417,-0.032290123,-0.10282915,0.6320376,0.039434325,0.07446447,0.064887054,0.06025324,0.013871062,11.452924,-0.046101287,0.05724974,15.102627,1.7613941e-06,0.09171028,8.392321,-0.0058476855,0.083094,0.3114494,-0.19608356,-0.024388283,3.1570807,0.13379538,0.30276957,1.649814,0.22722237,0.07224654,0.35588855,-0.12194195,-0.21201639,11.199882,0.0045905774,0.036027107,0.8645613,-0.036980785,-0.06287154,310,0.08951178,-0.041350793,0.92200965,0.26334172,0.27040103,1.0192899,0.27545497,0.28841448,0.43169707,0.23526885,0.1159055,0.04920644,-0.10510148,-0.15246803,-0.02630544,0.40054667,0.31521052,9.127445,0.024643915,0.13719235,0.08855077,-0.05820357,-0.21805212,3.5666666,0.44816753
38.337353,-0.006444468,0.0082074795,0.06688541,-0.012469715,-0.21773206,0.6033586,-0.01005566,-0.14321385,0.0672874,0.05229986,-0.12159495,10.084082,-0.058775574,0.08289525,13.100748,-0.019727081,0.10517639,6.1208854,-0.03798522,0.08471629,0.24707912,-0.20923989,-0.10473549,3.5477548,0.086565875,0.37572053,1.6018728,0.21991502,-0.036133073,0.3195393,-0.10355415,-0.33936045,9.414316,-0.0043348814,0.035146367,4.872048,-0.019066721,0.08976814,336,0.08270254,-0.14978176,0.912169,0.24626738,0.23420614,1.0185448,0.25377166,0.24732752,0.43145254,0.23189542,0.21530357,0.05179335,-0.08785652,-0.23268142,1.1081473,0.38456056,0.51452005,8.719731,-0.0040679993,0.14014523,0.11085515,0.01829182,-0.19190893,3.575,0.44921467
30.13714,-0.0078810295,-0.0005258642,0.06884466,-0.0045220237,-0.1088206,0.51546276,-0.06493072,-0.12736745,0.08798774,0.041034646,-0.0137550915,7.6722813,-0.063139014,0.0015050613,8.947178,-0.02867211,0.03292838,5.054448,-0.05816964,0.017944317,0.27628368,-0.207009,-0.11901173,2.630157,0.056883547,0.09999428,1.6499536,0.20706658,0.1307365,0.42282233,-0.093483955,-0.12170449,8.121564,-0.01000923,0.009369019,0.15768346,-0.00031308268,-0.01976354,330,0.071596205,-0.034918446,0.90512925,0.22889689,0.2749591,1.0180513,0.2329731,0.2836034,0.39878306,0.22960678,0.121875845,0.07545024,-0.0778202,-0.08941808,0.053292815,0.3295514,0.25824466,6.2536993,-0.019995525,-0.0071256743,0.13355893,0.07816651,-0.014301259,3.5833333,0.45026177
35.617767,-0.008828796,-0.005506592,0.06801202,-0.0053027333,-0.001895336,0.555276,-0.104202725,-0.12714373,0.070135415,0.02181717,0.055766437,10.572991,-0.063521914,-0.047056682,15.81007,-0.033103023,-0.011058453,6.054223,-0.066905454,-0.04131782,0.22415552,-0.20771827,-0.22490789,2.8490856,0.04410469,-0.009938784,1.6193767,0.19412471,0.19517735,0.38599703,-0.09871071,-0.019152213,8.819565,-0.013494096,-0.008570772,0.5349272,0.02477747,-0.05674733,330,0.06029154,0.025729382,0.9113978,0.21515381,0.24512996,1.0184851,0.21648999,0.2459507,0.5173856,0.24131279,0.19113979,0.04690309,-0.08037779,-0.021727918,0.28218403,0.2886326,0.13809788,6.701218,-0.031594783,-0.039498378,0.122483276,0.11223238,0.15738033,3.5916667,0.4513089
41.382942,-0.0096740145,-0.0059463778,0.061494272,-0.008576873,0.0143561745,0.5159388,-0.12602289,-0.18369228,0.06355679,0.010104228,0.053173013,11.302652,-0.06470339,-0.047731873,14.601261,-0.03851936,-0.012216799,6.027065,-0.07142068,-0.061727617,0.20212212,-0.20189174,-0.33127987,4.089967,0.029455246,0.058607608,1.592188,0.19002269,0.15265098,0.2709067,-0.096895464,-0.086920395,10.202798,-0.016479772,-0.010605852,9.706734,0.048714902,0.24010092,282,0.059432123,0.0,0.8979797,0.20483369,0.19977295,1.0175563,0.20423318,0.19554195,0.5162382,0.24780144,0.2428386,0.049198512,-0.07929962,-0.021748757,1.7449703,0.24619754,0.50661206,10.315382,-0.04258858,-0.03554193,0.11918908,0.1295288,0.2377599,3.6,0.452356
39.53027,-0.010517536,-0.0058928374,0.054258734,-0.0027876047,-0.02277209,0.6294436,-0.12936157,-0.17098702,0.052170243,0.0075588566,0.02370125,14.88021,-0.06799955,-0.026182227,18.044035,-0.04453678,-0.0007959028,9.005733,-0.07585744,-0.03683427,0.19846758,-0.19811718,-0.37857738,3.0581787,-0.0023138423,0.022634655,1.6118001,0.19794817,0.15997696,0.3543394,-0.07409902,-0.05916933,8.416109,-0.019900365,-0.012643226,0.5993568,0.023824148,0.09665869,360,0.08052094,0.022053756,0.90218025,0.20040925,0.18091904,1.0178264,0.19859768,0.17465457,0.5778366,0.2512241,0.33235574,0.043022756,-0.07580526,-0.044803243,-0.12655203,0.15078932,0.2497327,6.811769,-0.05501834,-0.04189644,0.08620112,0.14321543,0.17308006,3.6083333,0.45340315
37.64493,-0.011383601,-0.0055558737,0.063162275,0.014418149,-0.039480925,0.5830601,-0.12169474,-0.13806222,0.052154217,0.018764686,-0.046158265,14.291061,-0.0762115,0.0035568383,15.920238,-0.053211495,0.01531455,6.8803325,-0.08371417,-0.021078713,0.3674462,-0.17777637,-0.28987908,2.807473,-0.0395369,0.035663426,1.5803111,0.21293905,0.10858277,0.38190004,-0.040082622,-0.09180251,8.066979,-0.0231853,-0.012754636,0.40973532,-0.002419173,0.10512055,349,0.108815655,0.03951298,0.8917215,0.20009042,0.15561162,1.0171654,0.19761278,0.14889497,0.37789285,0.23211548,0.3195809,0.046817083,-0.06371577,-0.120068684,-0.0061982386,0.06212719,0.23735557,6.4579268,-0.06735875,-0.041216254,0.10832893,0.16453704,0.10688917,3.6166666,0.45445025
33.20154,-0.011679354,-0.0056643183,0.08194399,0.023026334,0.001485506,0.6631344,-0.119167805,-0.08552733,0.09484975,0.029087583,0.0020237514,6.9485474,-0.08146113,-0.012728274,9.378762,-0.056985244,0.00045575327,5.333529,-0.087255806,-0.027297584,0.27938637,-0.17213444,-0.23614122,2.59206,-0.056469753,0.016777752,1.6837752,0.22154541,0.15610707,0.46049005,-0.017876795,-0.032398585,9.133979,-0.024627933,-0.012112906,0.3885851,-0.018655824,0.10020757,382,0.12699567,0.08729612,0.9234055,0.201624,0.17827639,1.0193493,0.19897465,0.17402786,0.37968162,0.22951363,0.23537181,0.070272386,-0.057324402,-0.058639888,0.1692139,-0.0028481619,0.21385214,6.8930473,-0.069531724,-0.040577363,0.12357071,0.17555173,0.10974206,3.625,0.45549738
31.440916,-0.011623855,-0.0061105355,0.08153263,0.016565042,0.060407538,0.5487375,-0.123048246,-0.06955197,0.076724894,0.026591599,0.027695717,8.830761,-0.08019778,-0.023834815,11.3282585,-0.05475556,-0.007106144,4.5600295,-0.084761135,-0.039956637,0.350805,-0.16640699,-0.091477476,2.7607787,-0.061995227,-0.08088804,1.6275802,0.21899942,0.18222551,0.40172884,-0.011741283,0.0719246,8.285304,-0.025010325,-0.016026577,0.6494655,-0.032082178,-0.20386185,381,0.13565597,0.17826787,0.9043956,0.20217429,0.19038653,1.0180063,0.19953527,0.18711291,0.3267342,0.23449312,0.1194858,0.05980965,-0.06467644,-0.030747328,0.06756844,-0.055712394,-0.1351316,6.489315,-0.06954912,-0.05332016,0.14858219,0.16885158,0.18685487,3.6333334,0.4565445
54.566307,-0.011485996,-0.00543569,0.057272177,0.0008184956,0.06926844,0.58226794,-0.11960472,-0.0925299,0.0855413,0.020996677,0.09275451,8.275394,-0.07723142,-0.053511135,13.960239,-0.050487764,-0.016541284,7.196872,-0.077544354,-0.05556529,0.25925803,-0.16407618,-0.03233031,3.7363064,-0.06610407,-0.031060735,1.6237592,0.21631715,0.19105099,0.3275242,-0.0075450665,0.050541013,10.398978,-0.024917161,-0.011979474,8.32454,-0.046096098,0.055487003,336,0.13816811,0.1562141,0.91777986,0.2049134,0.21983106,1.0189624,0.20252277,0.22014484,0.44863003,0.24827342,0.040473092,0.05070744,-0.07754979,-0.010547277,-0.7538123,-0.108725145,-0.2656332,13.554487,-0.06892022,-0.030863395,0.098360516,0.13911073,0.21875504,3.6416667,0.45759162
43.0701,-0.011456573,-0.0051921983,0.059715766,-0.009186221,0.05913412,0.64590436,-0.1120584,-0.06192018,0.05622629,0.010540215,0.100693256,13.962599,-0.07298602,-0.05498696,15.488757,-0.04680438,-0.017538171,8.491509,-0.071554914,-0.04166244,0.27300358,-0.16513349,-0.12422003,3.4830074,-0.078244045,0.01857604,1.5962011,0.2133577,0.20277733,0.3136605,0.0022649849,-0.0038761164,10.041586,-0.02526843,-0.007949235,0.9585055,-0.09123989,0.073910244,290,0.14286186,0.10199862,0.89926654,0.20444255,0.2340725,1.0176615,0.2019351,0.23456895,0.5120616,0.2627408,0.12252032,0.05068613,-0.08844662,-0.00037705258,0.38194168,-0.11300903,-0.18488061,8.111009,-0.07106969,-0.02535777,0.09245296,0.11434902,0.17710443,3.65,0.45863876
36.6799,-0.011464726,-0.005036083,0.056709558,-0.017248727,-0.01506677,0.6189552,-0.108860135,-0.083438665,0.05619518,0.004088739,0.025333965,13.679921,-0.07081575,-0.024741994,14.849633,-0.043535482,-0.0048983535,8.390457,-0.06790764,-0.015284208,0.31854755,-0.16192386,-0.086117454,2.7918923,-0.092776194,0.03325928,1.6255809,0.21202189,0.15983164,0.39527777,0.01598233,-0.05587917,8.344134,-0.025948623,-0.009561334,0.35348278,-0.09225115,0.07273179,356,0.1503322,0.07810705,0.9082884,0.20444262,0.20553872,1.0182908,0.20183463,0.20378564,0.4501981,0.26767617,0.16564274,0.051768664,-0.09713124,-0.04901614,0.2530479,-0.0922482,-0.16743894,6.3677077,-0.073178075,-0.027107425,0.09162143,0.09763552,0.09328552,3.6583333,0.45968586
41.997047,-0.011488179,-0.004562304,0.06498089,-0.022065587,-0.063736536,0.53917277,-0.11211279,-0.08809741,0.06470588,0.0016385553,0.0019022075,11.5256815,-0.07096597,-0.012633357,17.155207,-0.04064508,0.008564139,6.188033,-0.067444034,-0.001236163,0.2251556,-0.16934776,-0.20837034,2.7331977,-0.10794784,0.0312327,1.6200845,0.2089405,0.15430008,0.39744282,0.030421918,-0.05929702,8.096616,-0.026587028,-0.009946454,0.6359465,-0.09287029,0.07227793,376,0.15410042,0.07351252,0.9079213,0.20345902,0.21219361,1.0182608,0.20067224,0.21118549,0.5206237,0.2753984,0.28421056,0.043472476,-0.10539303,-0.09196022,0.035732236,-0.07238761,-0.17406248,6.6385584,-0.07528832,-0.026610367,0.12051961,0.093395814,0.019663358,3.6666667,0.460733
34.9163,-0.011524229,-0.005444233,0.059657037,-0.029081993,-0.056723945,0.53631973,-0.11495248,-0.11047754,0.071334906,-0.0020188373,-0.025793983,10.120322,-0.07073824,-0.0043438477,13.900365,-0.038020603,0.008425806,6.4902067,-0.06637807,-0.0073339804,0.31907544,-0.17667636,-0.1501699,2.6010857,-0.1147298,-0.0521808,1.6097132,0.20284174,0.14393461,0.42174572,0.03639361,0.015839266,7.9850245,-0.026843624,-0.014873416,0.37346828,-0.06961354,-0.19465442,375,0.14861336,0.10934988,0.906246,0.20039257,0.19042325,1.0181261,0.19727382,0.18686713,0.4028568,0.2811943,0.2562192,0.05193621,-0.11320779,-0.088730276,-0.018878119,-0.021092435,-0.021159299,6.182356,-0.07654205,-0.051163405,0.11123409,0.08495489,0.053437173,3.675,0.4617801
44.159264,-0.011527992,-0.005395349,0.051516607,-0.030504331,-0.080833256,0.53014493,-0.102485806,-0.16686077,0.06497308,-0.009400244,-0.008741622,11.993598,-0.06849114,-0.013190834,19.131567,-0.035050046,0.016842099,8.019186,-0.06345305,-0.01140966,0.22052015,-0.18684076,-0.2012346,2.8050206,-0.119001575,-0.101997755,1.6149353,0.19757037,0.15775989,0.4115009,0.037136413,0.093861386,8.9448395,-0.026873218,-0.017111912,1.0972273,-0.042729598,-0.18999727,340,0.14041583,0.1552952,0.9148977,0.1949628,0.2199273,1.0187536,0.19137776,0.21862932,0.5587408,0.29170564,0.28476462,0.040731683,-0.12081166,-0.11489664,0.052164864,0.02639737,-0.089769416,7.0406485,-0.07736726,-0.054728262,0.09717457,0.07021419,0.06582432,3.6833334,0.46282724
39.0431,-0.011572644,-0.0052892845,0.056866877,-0.024756689,-0.080370665,0.5806642,-0.08432573,-0.18551125,0.05849224,-0.014886024,-0.004263375,12.739227,-0.067154884,-0.017417498,17.606178,-0.03499913,0.023210779,7.6086397,-0.06282686,-0.018155962,0.22707908,-0.18557787,-0.2902305,2.8475308,-0.13221529,-0.09790957,1.622645,0.19810824,0.15559329,0.38815805,0.058825668,0.08818383,8.463749,-0.027046338,-0.016867777,0.17918076,-0.00024130894,-0.19584891,356,0.13558985,0.1552952,0.9116512,0.18448532,0.2262746,1.0185,0.18006612,0.22471412,0.5180668,0.2857175,0.32626787,0.042322982,-0.11565264,-0.13972567,0.16883425,0.07689344,-0.10729008,6.8198285,-0.07737332,-0.053222466,0.09793418,0.06144657,0.08238582,3.6916666,0.46387434
39.656567,-0.011651392,-0.00539433,0.060656115,-0.009230378,-0.0930875,0.6835179,-0.05928224,-0.11520468,0.06517797,-0.015747327,-0.0033429975,11.496525,-0.0677505,-0.017548503,18.993895,-0.037647635,0.027458858,8.443893,-0.06443839,0.0013098577,0.33853322,-0.16809644,-0.17991766,2.61392,-0.14811735,-0.10667383,1.6027454,0.19919714,0.14279754,0.4143319,0.084896475,0.10165191,8.871512,-0.027130058,-0.015286185,0.21722873,0.04374063,-0.20990606,359,0.13129276,0.13967378,0.90449756,0.17237416,0.2198122,1.0179913,0.16722094,0.21687867,0.41078693,0.26282486,0.2591002,0.03945058,-0.10112563,-0.15029767,0.15298013,0.12689543,-0.08289664,6.6860423,-0.07741891,-0.05306432,0.08874108,0.06084206,-0.0009851136,3.7,0.46492147
33.98703,-0.0117526185,-0.005436037,0.07637765,0.016319852,-0.043921173,0.683343,-0.032943167,-0.043593682,0.06710974,-0.016736412,-0.011580194,10.43818,-0.068222575,-0.016120328,11.539379,-0.042957652,0.022004072,6.2673335,-0.069126435,-0.0006133173,0.21993941,-0.14773099,-0.2763739,2.5107176,-0.16315113,-0.113313876,1.6403552,0.2001239,0.16541046,0.43172362,0.1085348,0.109608695,8.111978,-0.027361702,-0.015027068,0.27274436,0.09066742,-0.21328755,369,0.12626848,0.13416035,0.89740974,0.15629366,0.20313361,1.0175112,0.1505414,0.19899961,0.48056415,0.2353296,0.30662,0.060705483,-0.07834722,-0.12724666,0.16075245,0.17164533,-0.045524474,6.2025385,-0.07746296,-0.0529971,0.11177059,0.07485217,0.0004224036,3.7083333,0.46596858
43.24799,-0.011783445,-0.0054769367,0.060301166,0.036991186,-0.01809051,0.6468772,-0.010293347,0.013263414,0.054686695,-0.01120619,-0.03163409,13.809558,-0.07056424,-0.007960975,19.703821,-0.0482213,0.023326198,8.101354,-0.07321818,9.5706826e-05,0.33457866,-0.11424575,-0.16539858,3.9146388,-0.16975568,-0.031781606,1.5734364,0.20212375,0.1347855,0.27146512,0.12515792,-0.002061834,9.54023,-0.027119946,-0.013811856,18.068851,0.16250324,0.3564816,292,0.122037485,0.090052836,0.8972153,0.14478174,0.16975783,1.0175263,0.13881518,0.16330767,0.4206204,0.19724606,0.22215626,0.038327545,-0.055530515,-0.13356622,2.137614,0.20817131,0.38835356,10.148517,-0.07548989,-0.04264628,0.09321887,0.0850549,-0.0099553615,3.7166667,0.4670157
32.54895,-0.011857552,-0.005768406,0.06164073,0.064316615,-0.0040531773,0.49055028,0.022564357,-0.03062862,0.07244893,-0.002574239,-0.0044247136,9.581637,-0.074455045,-0.022148447,11.764687,-0.055580586,0.009830103,5.5244308,-0.07784006,-0.017888937,0.25131547,-0.08704529,-0.14181735,2.6220953,-0.18577167,-0.048346113,1.5984703,0.20857951,0.11694526,0.4169369,0.15209185,0.020887652,8.176339,-0.027011972,-0.014398467,0.31695268,0.14078751,0.36110687,326,0.120252535,0.062485643,0.89721745,0.13500746,0.14251389,1.0175413,0.12889576,0.13543138,0.44286397,0.16136986,0.17616801,0.059005354,-0.02741022,-0.08971474,0.1726173,0.1762385,0.3891406,6.0260544,-0.0748445,-0.045289963,0.12565629,0.09620942,0.062773556,3.725,0.46806282
38.33426,-0.011899054,-0.0058277543,0.057466112,0.08782637,-0.013433259,0.5747032,0.06340467,-0.08362927,0.056745294,0.0011810766,-0.020864705,12.922219,-0.07527575,-0.01574261,18.216513,-0.06030286,0.008034053,7.333288,-0.078063965,-0.027472347,0.24963756,-0.054988373,-0.22831002,2.8537033,-0.19909936,-0.030727377,1.5903921,0.21634996,0.10782883,0.37884915,0.1745505,-0.007407818,8.801101,-0.026707906,-0.014542181,0.38867608,0.11851619,0.36686268,330,0.1185337,0.035837352,0.9010043,0.12595335,0.13592033,1.0177965,0.119748436,0.12976487,0.48363754,0.12949602,0.22071782,0.04025332,-0.0051835743,-0.08760466,0.11760706,0.1464982,0.38178125,6.718614,-0.0739056,-0.045181483,0.09999268,0.091886334,0.09229211,3.7333333,0.46910995
41.262783,-0.011928148,-0.0055012046,0.093035005,0.11564623,0.035547055,0.8989619,0.10889438,0.021392813,0.06239794,0.005912459,-0.030050628,11.630697,-0.07666568,-0.010384472,11.69926,-0.06596257,0.008403438,7.0124683,-0.07896102,-0.021042576,0.39658055,-0.02326426,-0.056443766,2.5859914,-0.21430187,-0.02519643,1.6234176,0.22764137,0.09532933,0.3995351,0.19918235,-0.033076316,9.22499,-0.026506096,-0.012270486,1.4880391,0.0978273,0.4076624,349,0.12064919,0.017459223,0.89118344,0.11526826,0.124168016,1.0171202,0.108954735,0.118393995,0.32915097,0.09711216,0.12812522,0.06203226,0.01940558,-0.08411707,-0.12803076,0.11804021,0.32169986,7.4325767,-0.07300672,-0.04108481,0.1034916,0.090647906,0.07057217,3.7416666,0.47015706
36.793518,-0.011989553,-0.0057908935,0.07573279,0.13171636,0.08092315,0.64675796,0.1322938,0.021334726,0.09209645,0.0105275735,0.042881828,6.867921,-0.0780148,-0.04157418,5.954851,-0.07129565,-0.023361973,5.4016447,-0.08065789,-0.044338368,0.24728295,0.0026636177,-0.14137971,1.2280511,-0.22988778,-0.22260092,1.7604332,0.23571563,0.23332754,0.8000993,0.22580181,0.3884792,8.766147,-0.026592985,-0.013850415,7.5514274,0.07075798,0.05457281,382,0.12488018,0.10016081,0.89721805,0.10509438,0.12417321,1.0175112,0.09881554,0.11795717,0.38522816,0.06734668,0.106482066,0.10621779,0.042111658,0.09433997,0.28182232,0.096564494,-0.06439791,11.216396,-0.07268717,-0.037528217,0.11709602,0.09253777,0.13321383,3.75,0.4712042
33.31105,-0.01202133,-0.005756689,0.08069941,0.14102966,0.13696446,0.70315635,0.15449585,0.12488931,0.057031304,0.007645303,0.012824273,12.531352,-0.076028146,-0.028320719,10.681651,-0.07336175,-0.025864203,6.2271996,-0.078955755,-0.038274176,0.42128548,0.028469764,0.023995722,2.6296356,-0.2305674,-0.22204687,1.5720317,0.23091115,0.2138166,0.39092076,0.20922834,0.36773282,8.451636,-0.026753768,-0.013288526,0.5217674,0.009880626,0.061448824,338,0.12825175,0.11118769,0.88667405,0.09552381,0.10427228,1.016849,0.08946877,0.097825475,0.29339382,0.050342828,0.01507768,0.0669072,0.046358865,0.11511084,0.14030159,0.06954452,-0.0711212,6.5732064,-0.07440483,-0.035705913,0.11476737,0.08556447,0.10464677,3.7583334,0.4722513
40.242004,-0.012015855,-0.0056710658,0.0899159,0.13938712,0.23238184,0.85687584,0.16678837,0.26232785,0.05266679,0.0034613637,0.004873001,14.545885,-0.0727821,-0.021025369,11.720385,-0.0737587,-0.04087276,7.300597,-0.07537042,-0.038556267,0.3700968,0.03341793,0.14119875,2.6199458,-0.23013616,-0.23922284,1.5748161,0.22900163,0.202322,0.38524508,0.19261548,0.37283322,8.368787,-0.02694173,-0.0141708935,0.8732823,-0.05263766,0.07771796,326,0.13274716,0.107512064,0.872472,0.088576466,0.050417006,1.0159721,0.08278966,0.044775374,0.3959883,0.05082213,-0.038521834,0.06536348,0.044380464,0.18111569,-0.060866445,0.04411551,-0.10825264,6.8895144,-0.07612165,-0.035136726,0.10493457,0.07131325,0.11761185,3.7666667,0.47329843
37.30462,-0.011995369,-0.0058487155,0.071080506,0.12634279,0.16782546,0.67456585,0.164091,0.15303066,0.097873256,-0.0011810766,0.07403416,6.795813,-0.06886223,-0.04274915,9.378798,-0.07277902,-0.046233922,6.3121796,-0.0713994,-0.04459906,0.38003474,0.037070867,0.12510021,2.769367,-0.2305297,-0.2257488,1.6774315,0.22825633,0.2421827,0.41569075,0.1781604,0.38571644,9.309885,-0.027013531,-0.013997619,1.4262794,-0.118645236,0.075644575,414,0.14068027,0.16724098,0.91401744,0.08342603,0.0935167,1.0186492,0.07814166,0.089237966,0.28509364,0.049405634,-0.065463886,0.0709183,0.036707733,0.20447364,0.60672635,0.027065514,0.04461369,7.698211,-0.07789449,-0.034252025,0.10537223,0.054238237,0.122545674,3.775,0.47434554
28.734486,-0.011949849,-0.00621042,0.094168134,0.1102871,0.2220339,0.9518026,0.16066156,0.30160952,0.07655292,-0.017628325,0.043731164,8.84636,-0.05910557,-0.033859756,12.156004,-0.07017389,-0.031906873,6.844935,-0.06477907,-0.032144908,0.3006285,0.029901141,0.17700377,2.6890845,-0.23307241,-0.11839532,1.6357163,0.21787198,0.15014529,0.4059847,0.16211031,0.071432576,8.054033,-0.027274635,-0.015451067,0.6064854,-0.19098015,-0.15751012,331,0.13975474,0.12037675,0.9092282,0.070513345,0.11618601,1.0183356,0.065730534,0.113207586,0.37658623,0.06551471,-0.07074863,0.05571031,0.023751514,0.071709126,-0.0074305707,-0.0057403524,-0.015565418,6.3624763,-0.080183715,-0.05041811,0.098936625,0.03327821,0.07490452,3.7833333,0.47539267
39.485794,-0.011823458,-0.0059332857,0.04748719,0.082052514,0.12437464,0.5998376,0.13324666,0.25128582,0.05190331,-0.040229008,0.033733852,15.01615,-0.045987524,-0.022695223,23.481367,-0.066345505,-0.0023346,9.844891,-0.057896324,-0.00092784705,0.25789893,0.030875035,0.018033808,2.9256585,-0.22972105,-0.09664422,1.5964514,0.20272002,0.16816635,0.36189526,0.13843378,0.048286382,9.452078,-0.027328525,-0.013409133,0.07510449,-0.21620643,-0.17250542,297,0.13915975,0.082701586,0.8919757,0.05296853,0.12619303,1.0171956,0.04852302,0.12328348,0.52148896,0.08262198,0.068736725,0.03319176,0.009330591,-0.016915644,0.21711363,-0.0037956203,0.00041533908,6.9718103,-0.08158197,-0.04909055,0.07916674,0.015982214,-0.018493688,3.7916667,0.4764398
38.88344,-0.011714841,-0.005994261,0.071509,0.0607212,0.07024986,0.748675,0.10824706,0.19858414,0.05615017,-0.06061344,0.040524893,12.551316,-0.034564823,-0.03165709,14.015957,-0.0664664,0.0029690566,7.3785815,-0.05453934,-0.00025491955,0.26906115,0.036731277,-0.08027069,2.644088,-0.23065491,-0.0948703,1.6278996,0.18609412,0.20734043,0.39750126,0.1207742,0.05805998,8.75283,-0.027737524,-0.012625287,0.7262029,-0.24039394,-0.17744316,342,0.14391962,0.09740409,0.88088626,0.03386806,0.14207512,1.0164716,0.029810544,0.13780724,0.43569732,0.09001599,0.09301971,0.05028258,0.0035866604,-0.05655746,0.2725468,-0.0062611774,0.06978202,6.6231318,-0.08333908,-0.049977742,0.09551408,0.009105631,-0.04320834,3.8,0.4774869
36.640903,-0.011577304,-0.0060240496,0.06764474,0.03294263,0.060147114,0.60383886,0.07589706,0.16413498,0.052583613,-0.08341315,-0.047769867,13.267752,-0.020051338,-0.0025778008,11.331555,-0.06518768,0.007480679,6.2278023,-0.04915719,-0.0009830084,0.38598585,0.047592197,-0.07448046,2.5033853,-0.2298666,-0.11441404,1.5757203,0.16437711,0.1322805,0.41139007,0.10004949,0.054630425,8.339723,-0.028006941,-0.0146054225,0.24467175,-0.26649866,-0.21711193,355,0.14570455,0.043188605,0.8802585,0.016059894,0.07835439,1.0164565,0.012561206,0.07404296,0.31168047,0.10023277,0.10927814,0.06156845,-0.0047089546,-0.08113459,0.16065961,-0.013781729,-0.023022233,6.141703,-0.0849191,-0.055161726,0.11202448,-0.0007107247,-0.025756165,3.8083334,0.47853404
39.485374,-0.011409388,-0.0055415295,0.0661536,0.007754324,-0.022228561,0.7277169,0.054619953,0.054988995,0.062644124,-0.106250115,-0.07488587,12.099988,-0.0046593845,0.012041182,11.115797,-0.06380892,0.0050773993,8.338237,-0.041804504,0.011902698,0.27219552,0.05681429,-0.10214488,2.2758148,-0.22908303,-0.14478019,1.6601315,0.14550081,0.15029818,0.44842148,0.07846297,0.08847131,8.043471,-0.028099349,-0.01462698,1.5116038,-0.2889772,-0.18672542,411,0.14583677,0.116701126,0.8844216,-0.0017803734,0.031531457,1.0166831,-0.0047510844,0.025989225,0.48579758,0.11531424,0.17606337,0.06819062,-0.012309551,-0.048328694,0.19557308,-0.030433968,0.019212708,6.4564033,-0.08610521,-0.0548489,0.09090568,-0.017077366,-0.046825342,3.8166666,0.47958115
40.224277,-0.011255747,-0.005508385,0.04973451,-0.015519479,-0.015620403,0.53058034,0.026955798,0.021255663,0.045747902,-0.12760615,-0.08688619,16.233944,0.010244828,0.017512893,13.126096,-0.06339866,-0.018847264,7.922979,-0.03733625,-0.0046814764,0.29846135,0.07178695,-0.062678926,2.6073432,-0.23327829,-0.16816927,1.5766705,0.12627172,0.13570043,0.3930084,0.074937016,0.113282286,8.239459,-0.027997794,-0.017101975,0.25793615,-0.29880583,-0.18058741,337,0.13935807,0.15345739,0.8829291,-0.019392923,0.014455782,1.0165925,-0.021722965,0.008452939,0.44420752,0.11786601,0.12880401,0.05657957,-0.013744951,0.013148769,0.20242126,-0.046728812,0.016155962,6.330276,-0.08624849,-0.056985542,0.09373606,-0.02532538,-0.008602748,3.825,0.48062828
45.92275,-0.011127495,-0.005192448,0.06214766,-0.029599492,-0.043147083,0.5838915,0.005264995,-0.05900583,0.036695734,-0.14447048,-0.12481372,19.687494,0.021970795,0.0495767,12.173914,-0.06374919,-0.023103092,6.7875557,-0.03526896,-0.009781439,0.38197362,0.09385587,0.04718134,2.4807405,-0.23883753,-0.1801717,1.5691069,0.10854808,0.09231312,0.3931401,0.073600166,0.1098045,8.721165,-0.027771316,-0.017166605,0.23984052,-0.30627432,-0.1969155,345,0.13539153,0.1562141,0.8549904,-0.037058275,-0.034423083,1.0150146,-0.038695574,-0.03391515,0.3404734,0.11155799,0.07057243,0.05934386,-0.012567441,0.036967345,0.20271493,-0.06993272,0.0016274318,6.847261,-0.08617413,-0.056239076,0.10643699,-0.024321472,0.02005349,3.8333333,0.4816754
49.11966,-0.011032652,-0.004632378,0.050721582,-0.03563975,-0.09290898,0.64398974,-0.0027667785,-0.039449453,0.039557014,-0.15741482,-0.15020981,21.276936,0.030411681,0.08556304,16.341974,-0.06438032,-0.011527097,10.686089,-0.032708794,0.028689118,0.3756312,0.11435694,0.037106603,2.6495874,-0.24279775,-0.16942908,1.5305399,0.09080645,0.058971256,0.3723213,0.07141563,0.0786494,9.114259,-0.027577184,-0.015585749,0.24149843,-0.31212488,-0.19702205,325,0.12752454,0.12864691,0.8677982,-0.049855646,-0.057942018,1.0157295,-0.051511794,-0.055056363,0.46602088,0.10901799,0.1649551,0.051502474,-0.009025507,0.010507809,0.15494564,-0.09631586,0.00043863765,6.9288387,-0.08611381,-0.053617507,0.07876147,-0.024085764,-0.067211956,3.8416667,0.48272252
41.67258,-0.010966886,-0.0045342124,0.06712033,-0.034252565,-0.09006634,0.542531,-0.00692657,-0.12964843,0.05198499,-0.16259202,-0.17099041,14.320428,0.033489052,0.09553978,11.474335,-0.06627754,-0.010698736,6.0173383,-0.034336,0.008662081,0.39045718,0.13557418,0.15217146,2.5013697,-0.2454723,-0.1528558,1.607003,0.08255815,0.019763973,0.4097959,0.070195585,0.047847725,8.093223,-0.027286164,-0.015484205,0.5534778,-0.3072655,-0.22918813,375,0.1250124,0.09556627,0.88374895,-0.057363886,-0.059211567,1.0166378,-0.059119727,-0.05637336,0.3539901,0.09401239,0.08435183,0.06487934,-0.0028241165,0.0018037364,-0.17241918,-0.12366764,-0.07612221,6.4844823,-0.0856066,-0.053523988,0.12371704,-0.016066322,0.018868601,3.85,0.48376963
40.389156,-0.010934758,-0.004526812,0.06786149,-0.030006979,-0.036764644,0.7810439,0.0070364987,-0.0076545025,0.048081625,-0.16546752,-0.16644068,15.186542,0.035652664,0.09083366,13.030603,-0.06789311,-0.010919359,8.404078,-0.033387166,0.012813479,0.33869153,0.15161271,0.19131418,2.4746733,-0.24637157,-0.1626041,1.5663015,0.074108884,0.012111946,0.40997714,0.06696233,0.061379317,8.113701,-0.02692716,-0.015740883,0.21715131,-0.30237737,-0.23055735,349,0.11873203,0.106593154,0.87414265,-0.063190505,-0.07579619,1.0160631,-0.06483995,-0.07176791,0.39150205,0.080239676,0.05212123,0.05603682,0.0011175027,0.00037705258,0.010315868,-0.14322571,-0.11608977,6.3435636,-0.08505375,-0.053479735,0.08688563,-0.021059083,0.00089650904,3.8583333,0.48481676
49.249798,-0.010891824,-0.0043774876,0.05330489,-0.025648933,-0.06276648,0.7037792,0.024989279,0.050739516,0.037329238,-0.16800782,-0.16520561,21.77743,0.037850406,0.10022402,17.671515,-0.0678108,0.0017822139,10.733101,-0.03130939,0.04685959,0.36455324,0.16918378,0.17436467,2.7377155,-0.24441464,-0.14372215,1.5682395,0.06978649,0.01147179,0.36362058,0.059709087,0.037839193,9.732086,-0.026357837,-0.013677557,0.3552017,-0.2789871,-0.22668447,309,0.111922786,0.07351252,0.87122804,-0.06687003,-0.045147404,1.0159116,-0.06842261,-0.045686882,0.4483817,0.06736115,0.11810959,0.046002563,0.0016463369,-0.034692027,0.13945773,-0.13961992,-0.12925044,7.3044047,-0.08399362,-0.05195721,0.07574092,-0.028447483,-0.0796346,3.8666666,0.48586386
42.33114,-0.010928149,-0.0046821693,0.0552101,-0.009213406,-0.049568158,0.6384251,0.04814283,0.04802915,0.04248809,-0.16467574,-0.15949132,17.632494,0.03357447,0.08384905,11.525326,-0.069479585,-0.009346097,8.663081,-0.034281705,0.029403055,0.35048184,0.18384853,0.14989515,2.4199426,-0.24417081,-0.16059594,1.5822401,0.069387496,0.04962513,0.40847462,0.056701697,0.06666938,8.757499,-0.026130553,-0.014405717,0.3413892,-0.2542906,-0.22333094,336,0.11093115,0.08362049,0.8690737,-0.067489594,-0.042739924,1.0157598,-0.06919784,-0.04480422,0.39868912,0.045541674,0.076934695,0.06500215,0.005357242,0.000793368,-0.07096471,-0.13061988,-0.17625113,6.578638,-0.08331358,-0.053123556,0.08647858,-0.024033923,-0.059388775,3.875,0.486911
37.331554,-0.011004203,-0.0048770024,0.066150114,0.012889663,-0.052421033,0.61849344,0.06970963,0.08502837,0.04436704,-0.15758821,-0.17434295,15.817594,0.025779227,0.09057602,10.840556,-0.0716157,-0.010810371,6.561534,-0.04042616,0.03409892,0.3845137,0.19853392,0.14411233,2.4468963,-0.2432539,-0.16459852,1.5530969,0.07008869,0.009843968,0.40628064,0.054053575,0.06386616,8.748649,-0.025994224,-0.01306797,0.14665559,-0.23044422,-0.23698872,340,0.11337718,0.051458765,0.8734682,-0.06512101,-0.062145077,1.0160328,-0.06710507,-0.062397227,0.31726614,0.01772914,0.05447716,0.064736515,0.010044257,0.00041794544,0.12968768,-0.11286988,-0.11339774,6.2705393,-0.08274018,-0.0538361,0.10695362,-0.009486154,-0.10336757,3.8833334,0.4879581
38.51883,-0.01105752,-0.0049609463,0.06475389,0.03324149,-0.06155881,0.53586835,0.09237315,-0.03438991,0.06835907,-0.14825942,-0.13481091,10.067948,0.017446913,0.067577496,11.30023,-0.073148444,-0.014808199,5.6954675,-0.045058455,0.01072632,0.28349677,0.20700084,0.09040956,2.3448803,-0.2430663,-0.17413542,1.6100415,0.07729342,0.042122792,0.4326147,0.05307844,0.08191831,8.946882,-0.025844127,-0.011367419,0.86631507,-0.20278467,-0.21519509,374,0.12012032,0.07443143,0.87875676,-0.06240089,-0.053435788,1.0163356,-0.064697094,-0.05447414,0.40473884,3.4564902e-05,0.062571764,0.060904566,0.013623614,0.013213355,-0.12913108,-0.092026494,-0.1424097,7.041952,-0.08197931,-0.051510103,0.120839186,0.001773633,-0.014290473,3.8916667,0.48900524
40.26335,-0.0110861305,-0.005364275,0.07459158,0.051657792,0.0010338875,0.7176218,0.121543966,-0.027647564,0.05030528,-0.14542972,-0.10951337,14.628775,0.01388028,0.035457626,11.052372,-0.07360172,-0.030100966,7.079904,-0.046782263,-0.020797119,0.3700199,0.21930976,0.09572846,2.6230905,-0.24078625,-0.18255782,1.5630544,0.08279792,0.03829634,0.38650674,0.04794734,0.10016871,8.835441,-0.025773838,-0.013197502,0.20431225,-0.17852631,-0.22026072,305,0.12170694,0.0707558,0.87690985,-0.059591144,-0.04271126,1.0162296,-0.062144976,-0.04522366,0.3658847,-0.013384216,0.012122984,0.0665834,0.014571646,0.06731239,0.28514713,-0.06547587,-0.11209899,6.7434144,-0.081442796,-0.053378493,0.10394274,0.002929326,0.05969695,3.9,0.49005234
51.064514,-0.011089163,-0.0049723047,0.06751227,0.06878442,0.037207935,0.7287067,0.14447734,0.016326118,0.03985198,-0.1424507,-0.114652626,19.104109,0.01057001,0.042069785,16.19855,-0.07380418,-0.019304018,8.217633,-0.049609594,-0.024640892,0.38211292,0.22373834,0.12650448,2.756193,-0.24090381,-0.15785088,1.564835,0.090968445,0.02545182,0.34548214,0.045852408,0.04993583,9.631872,-0.025663737,-0.011412876,3.0146744,-0.15273775,-0.13051355,317,0.13076389,0.053296577,0.86438876,-0.060579065,-0.05155414,1.0155321,-0.06290326,-0.051847413,0.37922356,-0.024724504,0.00021935577,0.047000285,0.012958822,0.019992491,-0.35202745,-0.04501761,-0.17057414,8.119683,-0.08076647,-0.048246007,0.09264669,0.007855835,0.07587898,3.9083333,0.49109948
43.19195,-0.011154438,-0.004709279,0.05436929,0.08418259,0.0025668647,0.6728902,0.16210854,0.042821273,0.044785954,-0.13568093,-0.11383593,16.95722,0.0050357175,0.047190275,12.373635,-0.07460597,-0.015762014,9.399116,-0.05230034,-0.00015539723,0.40157232,0.22304606,0.14310198,2.6262522,-0.24388342,-0.1446722,1.5744543,0.10060172,0.041212983,0.37910292,0.050819997,0.028263154,8.632861,-0.025863435,-0.011649202,0.51107454,-0.14117396,-0.118279316,362,0.1445807,0.07351252,0.87188065,-0.05900991,-0.054550685,1.0159267,-0.061370675,-0.054932527,0.3578729,-0.03205602,0.025051318,0.06137608,0.013452818,0.011159201,0.10666983,-0.008882335,-0.17536302,6.806656,-0.08084608,-0.04646046,0.08079965,0.014489206,0.007264055,3.9166667,0.4921466
44.960842,-0.011212938,-0.0044201496,0.08879828,0.105410665,0.073268466,1.0810487,0.1893111,0.3083637,0.046789188,-0.12823129,-0.15588765,15.462918,-0.001428719,0.0714306,12.110013,-0.07539492,-0.013891106,8.808008,-0.05609781,0.026702724,0.44277778,0.21715043,0.29807734,2.5266109,-0.24820678,-0.13131906,1.6149156,0.11326274,0.044809926,0.3891613,0.05850561,-0.0063884505,8.323576,-0.026073933,-0.01292139,7.1968164,-0.13042133,0.09424745,393,0.15866195,0.090971746,0.873688,-0.055209532,-0.0641181,1.016048,-0.05775333,-0.06329615,0.28071964,-0.038536802,-0.050789244,0.059743736,0.013162596,0.008107834,1.1233743,0.019312095,0.08522094,7.9403834,-0.08100869,-0.043468215,0.08214086,0.026342176,-0.094260946,3.925,0.49319372
32.711792,-0.01130088,-0.0047590774,0.0955083,0.12048194,0.1347733,0.813743,0.19391076,0.3551817,0.06282163,-0.12024508,-0.13148633,10.902483,-0.008424306,0.054687873,11.498194,-0.07571182,-0.012861085,5.8355355,-0.061700985,0.015965067,0.41587102,0.20245406,0.34268904,2.5296972,-0.2532745,-0.13818139,1.5834603,0.121353626,0.059868913,0.4025088,0.06821687,0.006372279,8.193444,-0.026286667,-0.0142317265,0.466929,-0.15601726,0.103063986,364,0.1691072,0.14518723,0.88633674,-0.051102698,-0.046324648,1.0168189,-0.053875204,-0.0461617,0.26904064,-0.039659817,-0.11001156,0.059566893,0.010553035,-0.010335851,0.31372607,0.01093209,0.091166794,6.318519,-0.0818201,-0.044883337,0.11736912,0.0447492,-0.059036836,3.9333334,0.49424085
34.53568,-0.011293877,-0.0055009224,0.071122624,0.12169106,0.14538941,0.62576365,0.1849093,0.30504096,0.06073156,-0.11859606,-0.090780385,11.069633,-0.0099406475,0.018587897,9.095917,-0.07467851,-0.029270902,5.9149384,-0.0646747,-0.0039048875,0.31529146,0.18110262,0.27767387,2.455019,-0.25740856,-0.16031097,1.6097578,0.12752895,0.0930207,0.41171652,0.07484664,0.05919041,8.5057125,-0.026198877,-0.016530257,0.12394012,-0.18170847,0.0060166293,369,0.1749248,0.19297037,0.8820748,-0.051934507,-0.012941999,1.0165623,-0.054602083,-0.016203718,0.35698462,-0.029873414,-0.12361118,0.073909655,0.0044385563,0.06039842,0.19597642,-0.0024631084,0.20517908,6.5477977,-0.08221495,-0.050118536,0.113657326,0.057932727,-0.003915459,3.9416666,0.49528795
42.895653,-0.0112444665,-0.005514221,0.057387512,0.11952707,0.15426439,0.5419265,0.17732982,0.24125212,0.043002646,-0.12078394,-0.09425705,17.86757,-0.008371521,0.022678226,13.952063,-0.07274427,-0.02562413,7.2557726,-0.065557934,-0.022399794,0.40231416,0.16703972,0.27839565,2.4895597,-0.26266533,-0.17035484,1.5701867,0.13035168,0.089871325,0.39281288,0.08232813,0.07012334,9.555186,-0.026060164,-0.014647759,0.19089176,-0.20515954,-0.0047325045,334,0.17756917,0.16724098,0.86536014,-0.054659363,-0.025249563,1.0155473,-0.057153255,-0.027237486,0.36603865,-0.020156583,-0.118617654,0.05507091,-0.005725588,0.043824587,0.24006046,-0.020103397,0.23293103,6.9069767,-0.08257508,-0.049784414,0.10589538,0.064621866,0.061923157,3.95,0.4963351
45.199955,-0.011215209,-0.005503489,0.07009242,0.12235324,0.09926051,0.73491895,0.17867473,0.0726618,0.041927654,-0.1224985,-0.10373488,18.699604,-0.007940189,0.037221085,15.533454,-0.07121979,-0.017714662,8.22056,-0.06680241,-0.027468886,0.3269289,0.14831801,0.16567838,2.4508586,-0.26812118,-0.17592095,1.6109624,0.13341922,0.08695401,0.4009926,0.09157446,0.07955812,9.066803,-0.02618961,-0.013130807,0.2177567,-0.22865485,-0.23903258,333,0.1820646,0.11210659,0.8753099,-0.05522431,-0.022188237,1.0161539,-0.057701733,-0.024154533,0.4571016,-0.011527681,-0.010756073,0.05047368,-0.015039383,0.019457208,-0.13549103,-0.043651387,-0.028976116,6.769543,-0.08322131,-0.053683925,0.09537434,0.07050602,0.096641175,3.9583333,0.4973822
43.286156,-0.011153143,-0.0050288923,0.08058497,0.12235604,0.055379033,0.6656247,0.18261048,0.0005174516,0.0650415,-0.122095786,-0.099407114,10.366076,-0.008129584,0.034810938,11.338711,-0.069430776,-0.018083131,5.5690393,-0.06655342,-0.029768484,0.23828918,0.12507194,-0.0071031405,2.3432658,-0.2727039,-0.18961951,1.6078846,0.13434856,0.10497846,0.43190974,0.10016093,0.103003696,9.242779,-0.026185818,-0.010989081,0.7342811,-0.24987498,-0.23005708,378,0.18748555,0.124971285,0.8680913,-0.05779331,-0.056626875,1.0157143,-0.060111642,-0.056274503,0.4359359,-0.0034349323,0.09130415,0.059462238,-0.024784688,0.01918211,0.020442713,-0.06104479,-0.08999377,7.252832,-0.08358863,-0.050572176,0.12106668,0.07460761,0.10634171,3.9666667,0.49842933
31.8814,-0.011096819,-0.005148021,0.075657785,0.11914649,0.0687145,0.65554476,0.18806933,0.015023005,0.06875235,-0.12669693,-0.083770126,10.025587,-0.004672029,0.0301199,12.691009,-0.067053355,-0.009777085,5.972361,-0.06459982,-0.029272981,0.3107598,0.123732924,-0.011512277,2.358842,-0.2741645,-0.1966864,1.6270478,0.13046928,0.117737904,0.43968636,0.10259107,0.12530804,7.868918,-0.02622199,-0.0122888,0.5309795,-0.27279583,-0.216392,381,0.18477507,0.13599816,0.8816761,-0.059887346,-0.057379443,1.0165321,-0.062058784,-0.057153076,0.37852284,-0.0052715973,0.10447527,0.054312676,-0.035116196,-0.03233073,0.034260776,-0.07242282,-0.123638734,5.9947667,-0.08403889,-0.052414056,0.115412086,0.072714165,0.110945314,3.975,0.49947643
47.011135,-0.010960776,-0.0049633104,0.07077746,0.11146511,0.10808714,1.0882484,0.19075066,0.28112143,0.0427171,-0.13748002,-0.08432682,16.705873,0.0031792503,0.024900237,13.345023,-0.063857056,-0.011179578,10.97246,-0.06122332,0.0027983175,0.33359948,0.13261105,-0.078369476,2.5145245,-0.27238786,-0.19485204,1.5996923,0.11928986,0.13951224,0.39499363,0.09656863,0.12704706,9.093003,-0.025898298,-0.013232132,0.16889931,-0.28940123,-0.21713033,353,0.17439593,0.15345739,0.87807167,-0.06620047,-0.033386264,1.0163053,-0.06786131,-0.03510972,0.38002697,-0.008430339,0.113029435,0.053475097,-0.046807192,-0.036525503,-0.06670304,-0.08696747,-0.18746093,6.7648096,-0.083856635,-0.052887544,0.065037966,0.06789432,0.0037559413,3.9833333,0.50052357
39.538284,-0.007580507,-0.0052174167,0.07894082,0.08955378,0.13410553,0.7080245,0.15715536,0.26802188,0.049545854,-0.15265276,-0.069474705,14.090048,0.038564797,0.004188883,13.839091,-0.04464693,-0.015094207,6.2613277,-0.05311158,-0.014107902,0.41309714,0.14590456,0.005469487,2.4474792,-0.25486127,-0.19510034,1.5763053,0.091838576,0.113936275,0.40306255,0.07771402,0.12869774,8.516991,-0.023234297,-0.014354317,0.7435854,-0.302539,-0.19947727,382,0.15456319,0.19848381,0.87571377,-0.08066995,-0.03262387,1.0161691,-0.08011001,-0.034669455,0.2850063,-0.0100938715,0.0077892547,0.050444312,-0.0653125,-0.036602695,0.15245645,-0.09082721,-0.1275534,6.6913424,-0.070216864,-0.053147994,0.111494474,0.060871642,0.046047088,3.9916666,0.5015707
48.40305,-0.0040225335,-0.004987761,0.068377875,0.065219335,0.09821103,0.51871616,0.13806553,0.19646677,0.040493134,-0.16978961,-0.11733314,17.040844,0.077078186,0.03417951,12.903578,-0.023777846,-0.01147876,5.234638,-0.04034661,-0.016993446,0.36603537,0.16110621,0.12976247,2.486081,-0.22531791,-0.18460661,1.5621215,0.06167701,0.08016437,0.38858408,0.047881033,0.09414799,8.867087,-0.019484678,-0.015121116,0.543445,-0.29529122,-0.20588401,349,0.123359665,0.17183551,0.8614725,-0.093704455,-0.04511694,1.0153192,-0.09088602,-0.04615922,0.3240018,-0.0052871113,-0.060660984,0.053476423,-0.085129485,-0.052337077,0.20223351,-0.073598325,-0.089731805,7.159788,-0.053970616,-0.05345788,0.13182136,0.04105318,0.07426198,4.0,0.5026178
41.135403,-0.00056937477,-0.004572424,0.070163935,0.04866974,0.08205658,0.65544325,0.13180989,0.19641735,0.05002162,-0.17821103,-0.15384977,14.087287,0.110685624,0.052429274,11.723471,-0.0039447905,-0.013714147,6.582733,-0.027333632,-0.011726546,0.39088303,0.17382,0.20771982,2.2924023,-0.196158,-0.18948846,1.5732888,0.035733435,0.040491816,0.42955595,0.022324482,0.08606957,8.628806,-0.016043296,-0.01357016,0.73434955,-0.28701824,-0.19905649,354,0.09480052,0.14702503,0.8797537,-0.09966586,-0.04874542,1.0164112,-0.09500169,-0.04967505,0.31378588,-3.4564902e-05,-0.100249104,0.060107537,-0.09939462,-0.037104648,0.22103633,-0.05461146,-0.05087312,6.6692667,-0.03822361,-0.051211443,0.10704807,0.018558875,0.052319005,4.008333,0.5036649
41.618572,0.0062432657,-0.0048144525,0.07358402,0.020787613,0.09030916,0.7310945,0.12461435,0.022457454,0.045209937,-0.1904949,-0.14898984,16.384642,0.16834378,0.050985936,14.763631,0.03579267,-0.010436618,7.3597126,0.01120301,-0.042900946,0.34930298,0.16948488,0.22299881,2.4971716,-0.13978642,-0.1907635,1.591949,0.0019868782,0.034777384,0.40959227,-0.02067293,0.09771115,8.38768,-0.009458955,-0.015009749,0.21878535,-0.28080323,-0.19738172,356,0.057118304,0.14978176,0.87473416,-0.10448005,-0.05504496,1.0161085,-0.097529225,-0.055397026,0.39144564,0.026408143,-0.09326632,0.050173875,-0.12059741,-0.045782275,0.0138180945,-0.030189406,-0.034120683,6.288505,-0.009480903,-0.052797787,0.10064912,-0.019577647,0.14574483,4.016667,0.50471205
63.017906,0.013041638,-0.0037606433,0.061309412,-0.012752371,0.03846467,1.0111152,0.109984696,0.1700846,0.03147326,-0.20204629,-0.1842234,25.403875,0.22566037,0.101820484,21.251444,0.07551623,0.0066887713,13.186065,0.05027004,0.016852614,0.3015934,0.16201673,0.1145092,2.7105842,-0.0812762,-0.17143112,1.5710744,-0.032282814,0.03091715,0.35806128,-0.06676064,0.061825197,10.16755,-0.002686811,-0.011640902,0.41000396,-0.27436996,-0.20858067,306,0.014477903,0.079944864,0.8556424,-0.108744934,-0.09293011,1.0149994,-0.099483125,-0.08941107,0.4979494,0.055983856,0.0369532,0.03762299,-0.14144176,-0.07948455,0.20883146,0.0021285657,-0.022391854,7.7204843,0.019466944,-0.049370207,0.06063544,-0.05914301,0.012316218,4.025,0.5057592
44.359886,0.019694353,-0.003942108,0.070511214,-0.040578045,0.044737667,0.65897954,0.07433327,0.23840302,0.04201832,-0.20482142,-0.18124996,17.427319,0.27500325,0.10355697,14.927836,0.11186495,0.011365588,6.8435745,0.0814284,0.030736124,0.43953407,0.15888114,0.1860211,2.6131809,-0.027577147,-0.1620921,1.5609391,-0.05860827,0.030044565,0.37180045,-0.10175993,0.04844121,9.355908,0.0035616737,-0.010643201,0.6357382,-0.26758572,-0.20548221,328,-0.015733976,0.06064783,0.86311704,-0.10459481,-0.08982599,1.015441,-0.09356143,-0.085872956,0.2927326,0.0743985,0.017831363,0.04905377,-0.15245783,-0.09110998,0.09848876,0.026338229,-0.043975964,7.398453,0.04781862,-0.048575327,0.10700061,-0.08011387,-0.052800987,4.0333333,0.50680625
39.758545,0.027725233,-0.004003904,0.061436757,-0.077462666,0.019075718,0.49967882,0.033274982,0.16253443,0.05100351,-0.20723283,-0.1793357,14.589779,0.32984138,0.10581473,13.7798395,0.16197231,0.016116593,6.0521746,0.12557368,0.026157932,0.39470217,0.1298263,0.189737,2.5315166,0.047471948,-0.14452252,1.5499322,-0.08487442,0.012808116,0.3890234,-0.14473072,0.01611881,8.755109,0.012945275,-0.010385415,0.3812022,-0.2571039,-0.21733804,329,-0.052821208,0.03767517,0.8648144,-0.09395698,-0.11802427,1.0155169,-0.08109264,-0.11187843,0.3494278,0.11641827,0.039627198,0.05400135,-0.16868284,-0.10716077,0.24011768,0.049340416,-0.040006086,6.6442533,0.08520069,-0.048658635,0.12295249,-0.11302981,-0.01107576,4.0416665,0.5078534
1152.0768,0.035729,0.045835532,0.016012136,-0.10950565,-0.15021221,0.42342535,0.0035110966,0.012677211,0.0075236326,-0.20562176,-0.25280732,101.94967,0.38222584,0.49026987,104.20252,0.21256797,0.22275487,20.283411,0.17024167,0.13767654,0.33273816,0.09161939,0.17361997,5.1760864,0.121515185,0.052318174,1.3143706,-0.1038993,-0.19203663,0.19095594,-0.18218584,-0.15823117,26.781204,0.02217658,0.027156392,1.1082239,-0.24610044,-0.18747792,201,-0.08428916,-0.10475534,0.8182459,-0.07738387,-0.22464694,1.0133146,-0.0630097,-0.19312672,0.4342937,0.16187757,0.06582976,0.007360972,-0.18705177,-0.21969925,0.36873958,0.07027156,0.033835385,65.75126,0.12235681,0.14938332,0.037815724,-0.15084021,-0.1759191,4.05,0.5089005
94.43706,0.037247095,0.04724568,0.05696377,-0.12539807,-0.1629904,0.76691806,-0.000326028,-0.10626449,0.03748119,-0.19457446,-0.2410945,22.429256,0.38046795,0.4769045,24.879936,0.2323249,0.23113808,11.318229,0.20321646,0.12155898,0.41241938,0.050067075,0.28145015,4.4842796,0.20405918,0.18264538,1.4859674,-0.09932999,-0.25484315,0.22880742,-0.21221817,-0.26130372,16.702116,0.02688275,0.040493663,1.8239806,-0.22839932,-0.14000809,199,-0.10108089,-0.20307833,0.8893541,-0.044319965,-0.16101545,1.01706,-0.031635985,-0.13320488,0.4282558,0.2101794,0.023210552,0.033789285,-0.19176538,-0.22977656,0.38314915,0.08124084,0.07010221,16.875,0.14063008,0.17987262,0.07427622,-0.17546274,-0.14013253,4.0583334,0.50994766
28.515156,0.03850307,0.04653454,0.08018467,-0.13725732,-0.13454597,0.6058433,-0.0061800717,-0.13214567,0.08393175,-0.18034633,-0.15938188,7.9460077,0.3738409,0.4343037,8.493715,0.24924126,0.21627279,5.0389986,0.23274061,0.105987296,0.2783852,-0.00031125182,0.12465742,2.374948,0.28567234,0.16514057,1.6212859,-0.0843856,-0.21030891,0.4479524,-0.23433267,-0.2005769,7.2716556,0.029685885,0.03623963,0.9988462,-0.19852455,-0.12781787,374,-0.09949426,-0.16080864,0.8938573,-0.010070772,-0.102992654,1.0173008,0.0009309155,-0.07911765,0.38853714,0.254956,0.0817972,0.0785195,-0.19263072,-0.1523226,0.19090867,0.091735505,0.08933018,5.8112698,0.15790738,0.17458647,0.13235216,-0.19336282,-0.0736228,4.0666666,0.5109948
1188.1047,0.03985471,0.09807446,0.012523712,-0.15796351,-0.2783729,0.6571367,-0.018565081,-0.05545227,0.010165548,-0.17385793,-0.23899782,91.78349,0.37098396,0.78114545,126.075066,0.26748368,0.475718,48.957363,0.2639534,0.47621623,0.20734014,-0.05020757,-0.057639893,6.9212766,0.3702069,0.4876904,1.3878944,-0.07015812,-0.32988816,0.14847945,-0.26332426,-0.39239693,31.888638,0.032938942,0.08345595,0.5842077,-0.17051257,-0.1210026,201,-0.09969259,-0.27842867,0.8867181,0.022297869,-0.061648984,1.0170902,0.03194353,-0.03336751,0.72568935,0.3033168,0.31188968,0.007400587,-0.20069985,-0.27481788,0.55578804,0.102630466,0.15500544,63.793365,0.17582017,0.3649228,0.019058,-0.21839623,-0.34618986,4.075,0.51204187
35.498154,0.03443599,0.047960326,0.061481796,-0.15759192,-0.14467111,0.6989022,-0.03120716,0.07872496,0.052944355,-0.15444067,-0.15044753,13.841169,0.317058,0.38526213,15.497157,0.24574421,0.27077445,8.330331,0.24416512,0.3730731,0.24867135,-0.08714004,-0.13943422,2.881362,0.4048584,0.31907913,1.6037267,-0.033839446,-0.116351746,0.37340766,-0.26115662,-0.24690211,8.602677,0.029866269,0.046352956,0.3273508,-0.14283916,-0.14721797,303,-0.07866988,-0.1847002,0.8885543,0.05674506,0.07105938,1.0169697,0.064211406,0.07292129,0.4841404,0.3228987,0.34237206,0.04728685,-0.19244204,-0.16986828,0.23747775,0.10194341,0.1276964,6.5698485,0.16765603,0.16781786,0.0879691,-0.21237898,-0.21461254,4.0833335,0.513089
31.392374,0.029054323,0.045130763,0.0811075,-0.15066399,-0.073677406,0.6613622,-0.039045762,0.027311552,0.087245226,-0.13417357,-0.053429697,7.3494086,0.2627714,0.31750634,8.026328,0.222785,0.23183611,5.228443,0.22280283,0.32052433,0.34211054,-0.11736787,-0.2078425,2.1231472,0.44858968,0.14558837,1.6828077,0.0019228254,0.028910704,0.5051722,-0.26628986,-0.026517006,7.4134026,0.02693206,0.02739438,0.73194003,-0.072087675,-0.18387981,467,-0.05169735,0.061566737,0.9040852,0.089173965,0.0988646,1.0179614,0.0944857,0.09913225,0.29909024,0.33577904,0.26338437,0.07988719,-0.17912589,-0.04869482,0.091150194,0.12713017,0.06694597,6.0564504,0.16144298,0.13178645,0.12263704,-0.20132759,-0.08773798,4.0916667,0.51413614
513.2497,0.023788352,0.06688655,0.015127618,-0.1544002,-0.2649752,0.4913379,-0.0389716,-0.028460903,0.021739721,-0.12599756,-0.17467661,41.551487,0.21666916,0.4685003,95.7447,0.20403062,0.43341947,29.339334,0.20847215,0.5302119,0.24681987,-0.1562429,-0.23855458,6.642458,0.49930254,0.4591555,1.5151253,0.027617853,-0.04943276,0.17506926,-0.28657615,-0.2441257,32.548035,0.02450585,0.07898433,1.9036808,-0.0038280052,-0.15350282,174,-0.04416091,-0.12221456,0.91065377,0.114399746,0.13056822,1.0185895,0.11782954,0.13660727,0.6564979,0.36775422,0.42724845,0.009434651,-0.18021315,-0.23029202,0.10773403,0.15615675,0.04964148,47.153816,0.15565048,0.26947868,0.030788625,-0.20905784,-0.35418975,4.1,0.51518327
38.43137,0.015724607,0.01528707,0.07143194,-0.1358314,-0.091757774,0.680118,-0.028719539,-0.01726732,0.06360845,-0.10907877,-0.07048662,11.535276,0.15262902,0.10793426,17.609472,0.1558087,0.1828222,6.986098,0.16603877,0.16804184,0.3395374,-0.18009661,-0.10993081,2.5270777,0.5041729,0.13627954,1.6110215,0.060837705,0.115228586,0.4328922,-0.28160617,-0.017322784,8.52018,0.015673673,0.031288512,0.42419097,0.055960372,-0.15887488,362,-0.01619674,0.025729382,0.89599234,0.13251811,0.14807348,1.0174361,0.13351734,0.14666918,0.39420363,0.37040284,0.22453743,0.04166741,-0.16516602,-0.14021789,0.3279682,0.18681468,0.0022435272,6.302675,0.13150544,0.07800472,0.10502874,-0.18618943,-0.12864563,4.108333,0.51623034
55.594852,0.00763514,0.016189046,0.042026598,-0.11490685,-0.14896505,0.5306038,-0.01981337,-0.09924085,0.043536637,-0.091100015,-0.0888275,19.079063,0.08841581,0.13146882,21.96125,0.105487645,0.19775675,10.487164,0.12236201,0.18665315,0.28102872,-0.20346537,-0.07844814,9.33448,0.50849426,0.6104403,1.4793603,0.09226832,0.02344979,0.11413671,-0.2787906,-0.22407652,11.157859,0.006734768,0.036503725,4.522725,0.1159744,-0.018028315,271,0.0111724455,-0.003675626,0.8918952,0.14682813,0.15437946,1.0172708,0.145562,0.15542588,0.54960954,0.3701744,0.2645733,0.037822902,-0.14299677,-0.16509493,0.23656529,0.21315987,0.0020536906,41.912464,0.10739137,0.19571404,0.07920523,-0.15822768,-0.15163763,4.116667,0.5172775
60.359344,0.002744775,0.017489139,0.055159286,-0.09584153,-0.22526479,0.76575536,-0.013228331,-0.048393767,0.04941933,-0.07711369,-0.16257125,15.649444,0.04969481,0.168762,19.976658,0.06874261,0.2253666,10.736609,0.082760684,0.23418313,0.27759075,-0.22884865,-0.14122385,6.357178,0.45068365,0.9215475,1.5936451,0.12077758,-0.04234964,0.19025412,-0.25461712,-0.4752057,10.878145,-0.00043545026,0.04357538,7.4032416,0.15541875,0.20593975,294,0.03873996,-0.16264646,0.912588,0.1518878,0.17042872,1.0185746,0.14972097,0.17325872,0.49579424,0.36508715,0.38486224,0.038714435,-0.12450096,-0.27332208,0.5867983,0.23915918,0.105173364,22.69003,0.08065314,0.25111252,0.07203251,-0.1335907,-0.28439856,4.125,0.5183246
41.100384,-0.0021251892,-0.0037018023,0.047741976,-0.07506179,-0.1293635,0.49850282,-0.014065689,-0.044903927,0.06896569,-0.062454212,-0.07050152,10.557581,0.011436655,0.029502219,11.527055,0.03115066,0.03079143,7.6026454,0.040622935,0.046617214,0.19806133,-0.24493821,-0.18866435,2.7782161,0.36022237,0.6376116,1.6667678,0.14445405,0.0695582,0.38945562,-0.21425846,-0.30424485,8.9883175,-0.007232326,-0.0045108013,0.76583856,0.16124336,0.16774027,372,0.06366311,0.019297037,0.9110211,0.15209703,0.17112206,1.01847,0.14891918,0.16978438,0.53004956,0.35242897,0.3075362,0.06316539,-0.101954535,-0.13208486,0.20239225,0.2577896,0.12486702,7.250151,0.048770655,0.11821253,0.095770724,-0.100469515,-0.11391809,4.133333,0.51937175
36.88945,-0.007048871,-0.0037710066,0.060307536,-0.04352367,-0.16207439,0.65117556,-0.009375138,-0.05900102,0.06787154,-0.046130322,-0.062190372,10.908085,-0.027686277,0.026684161,16.00702,-0.0070204837,0.027089149,7.9939737,-0.004302168,0.055314176,0.220841,-0.24764833,-0.3041522,2.766643,0.26611894,0.65521437,1.6241255,0.16163689,0.07922857,0.40143546,-0.1695323,-0.3293298,8.581905,-0.01434698,-0.004384817,0.3089423,0.16715075,0.16387115,369,0.08752851,0.025729382,0.9105061,0.14632851,0.1985171,1.0184252,0.14197034,0.19854671,0.5195076,0.3260421,0.3841624,0.04625149,-0.0769311,-0.1200351,0.23060781,0.2785193,0.10461118,6.5370793,0.016415631,0.118993215,0.09261334,-0.05482376,-0.14648989,4.141667,0.5204188
41.953354,-0.008563695,-0.0043832622,0.08217227,-0.021772522,-0.044027574,0.8097394,-0.0016493505,0.07695827,0.067091614,-0.03966719,-0.016268604,10.177904,-0.039426252,-0.013309939,9.3842325,-0.025985684,-0.0019686054,6.728939,-0.023185913,0.022884449,0.2499468,-0.2500062,-0.33439392,4.864332,0.19328,0.32675782,1.6048852,0.16691609,0.1718623,0.21209478,-0.13735795,-0.25121385,9.836997,-0.018288119,-0.00708074,16.355762,0.17400412,0.5611283,340,0.0997587,0.08913393,0.8860385,0.13574107,0.18746258,1.0167887,0.13048863,0.18452866,0.4329052,0.30978045,0.31279504,0.07276589,-0.057085607,-0.028183581,1.9354025,0.30459353,0.4580545,15.409124,-0.002903884,0.030723289,0.10147989,-0.025663992,-0.08805235,4.15,0.52146596
39.04039,-0.010109718,-0.005340097,0.04756702,-0.005676511,-0.06635234,0.5472215,-0.0004810277,-0.029483592,0.051777255,-0.03690084,-0.01167169,14.707746,-0.048959784,-0.017541116,18.403156,-0.043441,-0.005603999,8.760771,-0.040964097,0.0058349343,0.2511947,-0.24718282,-0.36007646,2.765041,0.0949244,0.06281556,1.6024007,0.17145483,0.17832369,0.39257765,-0.08305003,-0.08987243,8.398843,-0.022654954,-0.01214108,0.13300249,0.093827836,0.3170528,334,0.11027005,0.1258902,0.8942266,0.124216996,0.15280506,1.0173008,0.11816769,0.1474878,0.510332,0.29358032,0.32168522,0.04138022,-0.04393585,-0.021176264,0.19225855,0.2706068,0.37597045,6.2370777,-0.026386207,-0.02407361,0.08692462,0.001156512,-0.048982926,4.1583333,0.5225131
32.441128,-0.011693587,-0.0057287402,0.07130624,0.020554822,0.0029375062,0.62675583,0.004674004,0.032984946,0.06743456,-0.027259862,-0.014656728,9.977644,-0.062424805,-0.02014685,11.159362,-0.06416022,-0.006453512,5.914,-0.06275802,-0.008736389,0.28242224,-0.23006523,-0.27799594,2.5996902,-0.008286177,0.04969786,1.612928,0.17878762,0.13859141,0.41120094,-0.021487981,-0.07253178,8.582985,-0.027141783,-0.012968375,0.0409911,0.015525918,0.29271832,329,0.12838396,0.08637721,0.9006637,0.11270185,0.13325518,1.0177364,0.106015176,0.12615515,0.39041573,0.25750315,0.23629598,0.060293593,-0.019837948,-0.028725095,0.2099319,0.2314898,0.37753907,6.4100456,-0.049876746,-0.026871597,0.11377037,0.040678043,-0.001760877,4.1666665,0.5235602
28.37252,-0.011818153,-0.006110996,0.093209855,0.033722125,0.09968551,0.82048166,0.008271295,0.11544932,0.08421199,-0.02590002,0.01719991,7.9434175,-0.0639557,-0.033467498,9.656479,-0.068625934,-0.021125708,5.888279,-0.06831688,-0.026906429,0.29174328,-0.21292655,-0.2090103,2.4259677,-0.0903408,0.024665795,1.6379619,0.17994878,0.1488023,0.43983647,0.027230255,-0.041909166,7.4995713,-0.02837097,-0.015177455,0.5505712,-0.053613767,0.30083025,386,0.1388292,0.10199862,0.8963458,0.10003352,0.10652728,1.0174512,0.09319048,0.09782985,0.37718776,0.237266,0.1492642,0.069272764,-0.007720587,0.031788882,0.17008232,0.19084816,0.36494675,6.096856,-0.06396997,-0.028337771,0.11360382,0.059068985,0.053307638,4.175,0.5246073
45.04199,-0.0118872,-0.0059723724,0.05874178,0.04625896,0.030789066,0.56866777,0.012275047,-0.0019700578,0.0494225,-0.032505713,-0.017247034,15.362896,-0.06222418,-0.010170633,15.922665,-0.07173028,-0.006019411,7.350372,-0.0733604,-0.021544086,0.1986998,-0.18336767,-0.258872,2.5525424,-0.17244306,-0.14519937,1.588594,0.17669478,0.1367798,0.40336752,0.07433496,0.11061991,8.554607,-0.029329985,-0.017794857,0.33554396,-0.12300075,-0.23699842,344,0.14510958,0.105674244,0.89067304,0.08379502,0.11527499,1.0171052,0.077014096,0.10703359,0.5605729,0.21025537,0.22733591,0.04768503,-0.00052435393,-0.03413894,0.084683396,0.1462315,-0.020095652,6.5634046,-0.077916965,-0.057798624,0.10329719,0.07606927,0.058075316,4.1833334,0.52565444
33.20658,-0.011925336,-0.0062342044,0.06192974,0.054921165,0.07302209,0.54358155,0.015743507,-0.0037429917,0.066437125,-0.040889107,0.011333228,10.306789,-0.05838045,-0.02994472,10.319626,-0.073798425,-0.02469548,6.0103493,-0.07606521,-0.045277476,0.2840221,-0.13718762,-0.22693197,2.4808762,-0.21563794,-0.1660792,1.6090857,0.1652975,0.14171316,0.4290958,0.103431374,0.13974105,7.802518,-0.029946068,-0.019011976,0.5580592,-0.17863643,-0.22272848,349,0.14715897,0.11945785,0.8965629,0.06573705,0.11968469,1.0174962,0.059276626,0.11271631,0.4007314,0.17496353,0.16031268,0.06635449,0.0050723995,0.031508703,0.37057623,0.09837898,0.017003367,5.940994,-0.083734155,-0.05878474,0.11392907,0.08682843,0.12892146,4.1916666,0.52670157
35.451206,-0.011867164,-0.0060991067,0.06910916,0.065863386,0.06656163,0.5557627,0.029522125,-0.038321815,0.066559374,-0.049094625,0.009627023,10.483982,-0.053670745,-0.027669676,11.309345,-0.07444861,-0.024348961,5.611634,-0.0764403,-0.047886595,0.32109773,-0.08662614,-0.18930198,2.5401642,-0.23760763,-0.17045301,1.5883144,0.15472227,0.12354901,0.40581253,0.11989385,0.1354441,8.365673,-0.029995222,-0.019455517,0.56342626,-0.21621978,-0.20518935,354,0.14848115,0.14243051,0.8798016,0.048676666,0.08030709,1.0164263,0.042652346,0.07461617,0.3767096,0.13903095,0.15193108,0.061701834,0.007330208,0.035210423,0.33349025,0.04880478,0.042709704,6.616355,-0.08549685,-0.05809762,0.124350116,0.09213773,0.15667741,4.2,0.5277487
42.804703,-0.011805114,-0.0054513635,0.05914017,0.07153864,-0.033618968,0.73559237,0.041234914,-0.079669066,0.051167723,-0.057011176,-0.054794673,15.0579815,-0.049081396,0.004297016,13.74252,-0.07526296,-0.014908633,9.583352,-0.07552737,-0.016001804,0.2396961,-0.048932545,-0.23994222,2.3563054,-0.25863034,-0.17557165,1.6331673,0.14965008,0.12001075,0.43926823,0.13653797,0.13499096,8.636833,-0.029996304,-0.017134327,0.38327152,-0.2549662,-0.21080592,361,0.15125772,0.11945785,0.89529014,0.03699767,0.078314565,1.0173911,0.0314387,0.07286787,0.5307865,0.11212432,0.2458602,0.0560656,0.010519706,0.0004939242,0.20995195,-0.0071177,0.051004585,6.458039,-0.08727974,-0.056894694,0.08039803,0.09040372,0.06956205,4.2083335,0.52879584
37.817505,-0.011646096,-0.005775612,0.07457762,0.07701531,0.012945725,0.7253199,0.054718062,-0.003368112,0.053342685,-0.061070204,-0.047152046,13.365744,-0.046804864,-0.004676456,11.746342,-0.07535266,-0.024557548,6.9340835,-0.07428547,-0.019593956,0.3299742,-0.006065944,-0.11221638,2.3542764,-0.2617176,-0.1901398,1.5919116,0.14300378,0.12245905,0.43012545,0.14020537,0.15632887,7.937568,-0.02892196,-0.018393725,0.22168013,-0.2884057,-0.21462853,351,0.14537401,0.1258902,0.8759418,0.026821675,0.050509185,1.0161691,0.02203101,0.045646273,0.38299045,0.07987775,0.1372645,0.06069674,0.010731612,0.034696653,0.21111198,-0.07409694,0.07730807,5.9892044,-0.08015562,-0.05880708,0.10282032,0.08811357,0.06831098,4.2166667,0.5298429
33.842194,-0.010994584,-0.005747084,0.06472005,0.07425419,0.02115053,0.55179006,0.06397908,0.000630051,0.06818566,-0.067661464,-0.04374319,9.85864,-0.03699192,-0.006690053,10.4596,-0.069141805,-0.024234151,5.7311935,-0.06740298,-0.02200279,0.37754378,0.032986537,-0.021222742,2.55206,-0.23369594,-0.18490939,1.5753199,0.12957324,0.09754084,0.40431023,0.11828069,0.13656382,8.500967,-0.025511123,-0.016968166,0.22675519,-0.26929057,-0.22575104,316,0.12851618,0.09556627,0.8844402,0.021838201,0.02762747,1.0167284,0.018125128,0.023315676,0.29467407,0.053841557,0.07240803,0.06426802,0.005222226,0.029212134,0.0010514684,-0.095451765,0.00042838845,6.3816714,-0.06157066,-0.057339393,0.11729107,0.07542112,0.07713118,4.225,0.53089005
46.989697,-0.010279655,-0.005229215,0.062142946,0.06805823,0.0006666464,0.71579015,0.08406901,0.07857504,0.050639465,-0.07486624,-0.07477997,15.45979,-0.025730941,0.015666919,17.805443,-0.060838297,-0.009225662,9.0175085,-0.055854768,0.0073865093,0.31834504,0.054920267,-0.023901,2.282108,-0.20087707,-0.20387079,1.592941,0.12508902,0.100955226,0.42720473,0.09456884,0.15362287,8.598894,-0.021908179,-0.016492154,1.564275,-0.21573976,-0.19215067,368,0.115691006,0.10843097,0.8813398,0.023061154,0.030530924,1.0165321,0.020584673,0.026391894,0.46453044,0.048171673,0.12611245,0.04396832,-0.0063251075,-0.017402377,0.22525422,-0.08531381,-0.022090133,6.8854384,-0.041956753,-0.056443203,0.086817265,0.048496943,-0.021336203,4.233333,0.5319372
37.159443,-0.009626817,-0.0054825847,0.11183439,0.06326684,0.15561199,0.97294813,0.09742935,0.19418454,0.044707134,-0.07920381,-0.08737526,14.481515,-0.01676548,0.013076775,9.344873,-0.053646434,-0.019385919,5.6325507,-0.046999674,-0.026704961,0.4327297,0.07542167,0.16391456,2.316469,-0.16070707,-0.20679787,1.5806359,0.12087037,0.06218854,0.41912663,0.06472608,0.1375611,8.4678335,-0.018329514,-0.016837088,0.5855622,-0.16612904,-0.18535939,347,0.098039865,0.09556627,0.8678025,0.030016378,-0.02135247,1.0157143,0.028713048,-0.022367269,0.21469732,0.037625868,-0.06718327,0.06928152,-0.015297332,0.017337138,-0.21429488,-0.069543906,-0.11035475,6.532426,-0.022308324,-0.056195457,0.11494383,0.02914757,0.069294676,4.241667,0.5329843
44.982292,-0.009041807,-0.005161016,0.056077342,0.05191188,0.10121263,0.5907928,0.094076976,0.12866007,0.041893728,-0.06987598,-0.10969566,18.205221,-0.0129424585,0.034821197,15.700325,-0.04704428,-0.010250695,8.035127,-0.03928158,-0.017204057,0.36900422,0.075383216,0.20188953,2.621505,-0.120966114,-0.1871625,1.5424074,0.1239968,0.025655903,0.38395736,0.040889233,0.10074468,8.475819,-0.015075942,-0.015738502,1.2302632,-0.11538806,-0.15149938,353,0.088057384,0.09740409,0.87472427,0.044756453,-0.02365058,1.0161237,0.044291314,-0.023688186,0.3936804,0.03795341,-0.06064613,0.048577633,-0.019574191,-0.014519287,-0.25157517,-0.03795123,-0.2066169,6.8738775,-0.002971715,-0.053249035,0.0949188,0.017339425,0.048565067,4.25,0.5340314
38.74509,-0.008487936,-0.0049409647,0.08010408,0.044182155,0.14644879,0.62840545,0.08983845,0.16597731,0.084797196,-0.056020614,-0.07731051,7.6530366,-0.012653297,0.024911126,8.621654,-0.0412946,-0.014497061,5.0909705,-0.033435985,-0.022728544,0.35704878,0.05995275,0.18194854,2.3419511,-0.082254015,-0.20260082,1.640216,0.13398233,0.07354735,0.4514066,0.020356853,0.13830134,8.900316,-0.01174627,-0.014923417,0.3842556,-0.07035527,-0.14621179,393,0.07628995,0.16815989,0.88861203,0.064183585,-0.015776142,1.0169997,0.06431592,-0.01579549,0.29190725,0.04565054,-0.062338103,0.07527048,-0.021158867,0.014401907,0.056254275,0.0033846821,-0.19513194,6.97607,0.016204478,-0.05126938,0.12747197,0.012343141,0.07527464,4.258333,0.5350785
31.118279,-0.007961652,-0.0056533036,0.06413272,0.029382799,0.15229964,0.55151004,0.080317296,0.08596097,0.066333644,-0.046196286,-0.046713818,10.03668,-0.010861844,0.0005443647,10.170166,-0.034908675,-0.03213749,5.7252927,-0.02634229,-0.051137086,0.24854898,0.038007475,0.11403918,2.4688568,-0.0412797,-0.18887894,1.61489,0.14143325,0.08974498,0.4252826,-0.00312664,0.13676855,8.096903,-0.008563355,-0.015947996,-0.068810925,-0.023297377,-0.20103754,358,0.06022543,0.15897082,0.8921385,0.08643771,0.004606535,1.0172106,0.087101474,0.003935416,0.41722053,0.062138837,-0.09126917,0.06546299,-0.025811968,0.07090304,0.10286966,0.044604655,-0.22059406,5.8939714,0.035094414,-0.05457148,0.11628568,0.0019960434,0.15258498,4.266667,0.53612566
81.63601,-0.0074092513,-0.0036571126,0.05697956,0.017099446,-0.008998923,0.8727237,0.06943648,0.03714439,0.06357296,-0.037272844,-0.009933812,12.026462,-0.008362369,-0.010486518,15.545467,-0.028007776,-0.017811732,11.7102995,-0.019799555,0.001307813,0.33717817,0.023220873,0.021070594,5.104086,0.001148775,0.015948953,1.6121659,0.14773302,0.11301325,0.2546952,-0.029307723,0.0056439075,16.608448,-0.0052036787,0.000667272,2.4188278,0.025832027,-0.13949138,222,0.04330149,0.04410751,0.89223933,0.10853216,0.050731532,1.0173008,0.10970824,0.050070986,0.42737958,0.076606065,0.03879084,0.049182035,-0.032351665,0.018069314,-0.44070795,0.087408274,-0.26769933,45.447563,0.054346204,0.0750362,0.06528934,-0.0019423128,0.022316482,4.275,0.5371728
200.8572,-0.0070797647,0.0033388434,0.025780333,0.0042954315,-0.09808613,0.51518124,0.040966637,0.00031610613,0.020485435,-0.03308734,-0.051670503,39.95449,-0.0031778407,0.08723587,49.473682,-0.021621961,0.06021773,16.356197,-0.017752642,0.07311034,0.35202894,0.0036025615,0.004554183,5.3219376,0.015092933,0.21437074,1.4494562,0.15156132,0.044417977,0.20953782,-0.038740456,-0.1334457,23.238113,-0.003967016,0.030797616,3.5095563,0.06664962,-0.06297126,196,0.042442072,-0.10016081,0.9078729,0.12877084,0.11330018,1.0184252,0.13011959,0.11699984,0.4664562,0.091632016,0.08329489,0.016543848,-0.037834607,-0.06613504,1.0864576,0.15457949,0.0106785875,46.8396,0.056022435,0.20814286,0.050041284,0.0051196506,-0.09541964,4.2833333,0.53821987
50.170933,-0.007735234,0.0038516566,0.06469311,0.013094102,-0.14340152,0.8788031,0.022296034,0.12227791,0.07996437,-0.01843818,-0.061092366,9.505749,-0.016422352,0.09556035,14.262161,-0.029249897,0.073249474,10.325626,-0.028815735,0.118280195,0.24369681,-0.016396545,-0.1057337,3.1837893,-0.004907016,0.27622715,1.7189857,0.16984788,0.10254778,0.38541308,-0.021526271,-0.18607177,10.017283,-0.006889566,0.033077385,13.046492,0.08981519,0.36212367,359,0.063332565,-0.13140363,0.9248881,0.14195701,0.18177186,1.019483,0.14267924,0.1892118,0.5164244,0.092801064,0.22059223,0.053296354,-0.025437348,-0.12389648,1.6042726,0.19338277,0.33274406,11.03951,0.039061647,0.22167625,0.07361502,0.040092807,-0.23671326,4.2916665,0.539267
40.461914,-0.008458724,0.0042710165,0.060004868,0.02201173,-0.15553929,0.60444224,-0.015594616,0.14805976,0.055480544,-0.010465456,-0.0822511,13.814243,-0.026425712,0.11253344,18.211845,-0.03630181,0.09182885,7.7203345,-0.0442876,0.13549542,0.33249706,-0.023327881,-0.024054885,3.2589269,-0.031310976,0.33427972,1.5780227,0.17367664,0.075340874,0.33813155,-0.0038600205,-0.25556973,8.436079,-0.010143994,0.033769652,1.631465,0.04513232,0.41920513,334,0.07866988,-0.15345739,0.9084124,0.14362223,0.21248926,1.0182908,0.14322291,0.22062145,0.43392465,0.082246095,0.23080717,0.04208369,-0.013932453,-0.18535157,0.56148005,0.17319793,0.42815802,7.5122714,0.020084556,0.22706603,0.09927312,0.08911179,-0.2813457,4.3,0.54031414
22.922277,-0.009168114,0.0016358347,0.09763011,0.035031322,-0.036007877,0.6277731,-0.048592772,0.028751023,0.10832213,-0.0036559706,0.0049899756,5.0521116,-0.03594505,0.081196755,5.723182,-0.044458557,0.06913559,3.518917,-0.06017587,0.064811975,0.2615211,-0.029497486,-0.09766683,2.131423,-0.06693482,0.11585506,1.6634959,0.17719838,0.11322089,0.5013514,0.02187791,-0.058875527,7.0429363,-0.0133657865,0.014246121,1.0382539,-0.0036932114,0.37285668,424,0.09605659,0.032161728,0.9022692,0.13813794,0.23142071,1.0178715,0.13657464,0.23721452,0.2857344,0.06904365,0.14418794,0.09562083,0.00052435393,-0.06328203,0.3028938,0.1397978,0.58286446,5.6002564,0.00073598546,0.094353735,0.15551816,0.14024127,-0.044630513,4.3083334,0.5413613
34.35227,-0.009773879,-0.0058372165,0.07154514,0.04714766,0.09856179,0.58653134,-0.066955745,0.06350369,0.06852999,-0.012691886,0.09865559,10.074754,-0.039721485,-0.053056914,10.693053,-0.051149964,-0.020462595,5.660128,-0.07299862,-0.027484428,0.30535787,-0.013898662,-0.1430763,2.5093052,-0.10055693,-0.09081091,1.6271315,0.1726951,0.2443401,0.42118174,0.037728444,0.10989839,8.957232,-0.016135296,-0.01490164,0.015474277,-0.047275916,0.2555538,335,0.10584074,0.15988973,0.89671224,0.124077916,0.2103547,1.0174662,0.12158531,0.2093262,0.38506493,0.052424815,0.09441533,0.06456741,0.0053998544,0.06295324,-0.03267301,0.09666872,0.35002917,6.4807262,-0.017978927,-0.040062338,0.12198007,0.1747925,0.1441008,4.3166666,0.5424084
34.919373,-0.010347934,-0.006521735,0.062918484,0.058160044,0.093343586,0.5559324,-0.079898,-0.09375775,0.07273881,-0.026572986,0.084568955,9.663961,-0.040152095,-0.05234604,10.494943,-0.05675041,-0.029166322,6.211052,-0.0837952,-0.06298909,0.33105373,0.0097962255,-0.058080766,2.6013615,-0.13364072,-0.13360642,1.6229714,0.16158268,0.17348436,0.42313883,0.05078251,0.13998252,8.917775,-0.019049173,-0.017145775,0.9588431,-0.08707649,-0.15025115,372,0.117145404,0.17183551,0.9035426,0.10507822,0.17006473,1.0179464,0.10189325,0.16464171,0.3718914,0.034947503,0.006030121,0.066979416,0.0068241716,0.098920695,-0.2646739,0.05203496,-0.038805448,6.755549,-0.03668789,-0.054330155,0.1131765,0.20175861,0.2478903,4.325,0.5434555
35.650547,-0.010880924,-0.0067376783,0.07174048,0.07708464,0.1278517,0.506772,-0.082331166,-0.14133026,0.059309784,-0.03776722,0.09203428,11.787822,-0.041767158,-0.06145102,11.921539,-0.06311589,-0.043699354,4.93865,-0.095379554,-0.08699226,0.2848084,0.03567674,-0.10448031,2.6536012,-0.16783343,-0.17808439,1.6194948,0.15381417,0.20408955,0.3985191,0.06473312,0.18813814,9.129345,-0.021917535,-0.015730795,0.06449597,-0.12789807,-0.20285723,349,0.13030113,0.18561912,0.90318304,0.08307493,0.16019423,1.0179014,0.079155095,0.15332188,0.4143248,0.010823864,-0.0059556304,0.058644544,0.012081638,0.14245273,-0.03751645,0.025568258,-0.16342676,6.758778,-0.055014875,-0.056839682,0.14156362,0.23030806,0.35883936,4.3333335,0.5445026
44.79962,-0.011432887,-0.005755782,0.05221478,0.09233291,-0.0056903637,0.4861197,-0.080597825,-0.21032573,0.040225435,-0.048090838,-0.040724125,17.33215,-0.043567404,-0.006275164,14.457235,-0.06920829,-0.023520328,6.4908705,-0.1050155,-0.061347265,0.36122078,0.059588596,-0.0074756737,2.8362854,-0.20359662,-0.12629268,1.5439949,0.1442325,0.11590126,0.35716936,0.08103592,0.07316119,8.951611,-0.02514601,-0.011835125,1.3826914,-0.16862093,-0.19129382,326,0.14398572,0.09556627,0.8741681,0.058374494,0.10715294,1.0160631,0.053744692,0.100735396,0.33597246,-0.010486197,0.024766091,0.04822452,0.017045345,0.017866254,0.29707474,0.006275976,-0.16463742,7.345928,-0.07375545,-0.051025685,0.10741136,0.24678083,0.23263127,4.3416667,0.54554975
29.55549,-0.01190028,-0.0059710704,0.085032456,0.11491079,0.033968594,0.5968272,-0.048376992,-0.2053109,0.06658752,-0.052667283,-0.04451109,9.320246,-0.048700165,-0.009665269,8.541415,-0.07520489,-0.028491441,4.3559623,-0.11000273,-0.07260091,0.3682958,0.07739425,0.0537609,2.3126462,-0.22911754,-0.14074275,1.5829469,0.14242396,0.083294325,0.44564706,0.09594527,0.09267089,7.9208317,-0.027473457,-0.013950455,0.2739852,-0.20840837,-0.18261513,370,0.15416653,0.127728,0.8827216,0.037486907,0.08074541,1.0165774,0.032205973,0.07488847,0.25231627,-0.022324516,-0.056412715,0.07265916,0.023074772,0.03913631,0.3454252,-0.028169142,-0.08597402,5.9430037,-0.08410348,-0.05281658,0.14247416,0.25056115,0.2863975,4.35,0.5465969
43.41024,-0.011794394,-0.0055899844,0.065261155,0.1228999,0.040857125,0.6335153,-0.012725136,-0.16752242,0.041362345,-0.054667763,-0.105681315,19.216772,-0.045407884,0.03325679,21.297962,-0.07374693,-0.0035323051,7.715924,-0.10602254,-0.059615366,0.3084732,0.08956043,0.031790756,2.6878862,-0.23624799,-0.13438511,1.5867145,0.14327751,0.056537744,0.3742638,0.10047781,0.053695854,9.090495,-0.027305143,-0.013597926,0.7923077,-0.23635432,-0.18820603,318,0.15562093,0.07810705,0.87208635,0.024645712,0.021371098,1.015957,0.019391902,0.017038174,0.4863776,-0.020041289,0.01359819,0.03732051,0.0182212,-0.038825426,-0.15359306,-0.0492424,-0.06286363,6.8532887,-0.08417679,-0.052491058,0.10301434,0.22674966,0.25973704,4.358333,0.54764396
38.72039,-0.011694605,-0.0054522045,0.07838344,0.13075633,0.06039049,0.63877445,0.03247247,-0.103227645,0.051543746,-0.04738349,-0.120821655,13.671608,-0.048078418,0.041720897,12.416776,-0.07523764,-0.0023881174,5.7427354,-0.100378364,-0.052676916,0.35822695,0.093395524,0.103224695,2.6122887,-0.24086763,-0.13742065,1.5572447,0.15546766,0.010598872,0.38739753,0.108266324,0.04482702,8.51351,-0.027136276,-0.014854866,0.16770187,-0.23185241,-0.18474121,331,0.16428123,0.061566737,0.8776176,0.022801537,-0.026884202,1.0162902,0.01773119,-0.029816676,0.34645894,-0.015180493,-0.02790333,0.056752726,0.021037826,-0.043798275,0.14471206,-0.029817536,-0.024950966,6.5097003,-0.08338657,-0.053320616,0.1227091,0.19611318,0.21027224,4.366667,0.5486911
43.860153,-0.011587825,-0.005494369,0.078908086,0.13119029,0.13888115,0.71837884,0.079783656,0.00989942,0.052366823,-0.03927509,-0.097151324,13.454677,-0.050336085,0.024298891,10.326476,-0.07498725,-0.011931762,6.4144807,-0.09101701,-0.053336084,0.42118138,0.09469173,0.16156445,2.298845,-0.24124333,-0.17691058,1.5931929,0.17210366,0.046905614,0.41411778,0.11402043,0.09024014,8.9475,-0.02703357,-0.014863256,3.4284737,-0.21947938,-0.11606048,386,0.17327207,0.116701126,0.86732465,0.028070679,-0.03980131,1.0156687,0.023152465,-0.04128323,0.28339732,-0.0013402741,-0.060054235,0.06823031,0.01978954,0.0087891705,0.26573485,0.00595728,-0.031471234,7.4474807,-0.08238048,-0.052982394,0.10984189,0.15295982,0.21664871,4.375,0.5497382
34.4862,-0.011553469,-0.0052730697,0.08149128,0.1323722,0.12846845,0.74367857,0.1200551,0.08142667,0.05860423,-0.02303611,-0.11271521,12.333232,-0.055501077,0.03783664,11.809405,-0.07501811,-0.0043814466,6.595989,-0.0831008,-0.034006886,0.36476755,0.082453966,0.15813158,2.4918969,-0.24113938,-0.16373964,1.5857157,0.19257228,0.04894881,0.410478,0.12424093,0.062194813,8.375887,-0.027290817,-0.013934473,0.19839999,-0.22148564,-0.11859802,340,0.18338677,0.08913393,0.8787188,0.039866786,-0.047356714,1.0163506,0.034930456,-0.0478757,0.35801196,0.016454384,0.004581086,0.06120372,0.0211573,-0.021322727,0.100494444,0.04478339,-0.08242912,6.113688,-0.08197138,-0.052413926,0.10957863,0.11797389,0.13034734,4.383333,0.55078536
45.0333,-0.011533541,-0.005200224,0.08530717,0.12920725,0.187413,0.7963805,0.1505875,0.16075386,0.08095567,-0.003009733,-0.035525754,7.997106,-0.062428888,-0.012574827,8.074087,-0.07534126,-0.03493369,6.043871,-0.07601559,-0.048435032,0.33827907,0.06626803,0.18713175,2.665509,-0.24095058,-0.16538388,1.6695477,0.21626128,0.110077314,0.41023672,0.13594848,0.09088115,9.27029,-0.027584117,-0.013567506,1.1561145,-0.22332458,-0.106384344,379,0.19482365,0.14518723,0.8941624,0.055725608,-0.0056877313,1.0173008,0.05060294,-0.008797707,0.309132,0.034683056,-0.10380861,0.080183804,0.023342317,0.091348216,0.44953972,0.08177809,0.043052755,8.210459,-0.08152586,-0.04789384,0.107118614,0.0862406,0.1411149,4.391667,0.55183244
33.742428,-0.011557185,-0.005423644,0.06096046,0.121324524,0.1361814,0.58609694,0.17299476,0.1350961,0.058855653,0.014129039,-0.021270772,12.96395,-0.06817316,-0.01575443,15.205673,-0.075016215,-0.028490264,7.335788,-0.06862715,-0.034688577,0.29114527,0.047152437,0.121863365,2.5618124,-0.23072372,-0.16909277,1.5894942,0.22584863,0.13387656,0.41206947,0.13703725,0.11055562,7.5108404,-0.028005809,-0.015613989,0.2342816,-0.20359108,-0.10414914,348,0.20407893,0.16080864,0.8923972,0.07169571,0.022209078,1.0171956,0.066501796,0.017529693,0.4718565,0.058816917,-0.02712516,0.050178755,0.021812668,0.0740678,0.230889,0.10766412,0.060981885,5.809477,-0.07521176,-0.05022595,0.10401088,0.055418126,0.092060134,4.4,0.5528796
36.670406,-0.0115282815,-0.0057463334,0.08411028,0.113090314,0.15147826,1.0073189,0.19330043,0.27583086,0.060246427,0.029867811,-0.0059090406,12.290235,-0.07302703,-0.020986423,13.90677,-0.07483647,-0.020218408,8.867665,-0.061033778,-0.013520042,0.29245225,0.028733354,-0.0033859836,2.3719673,-0.20495458,-0.16371989,1.6241797,0.23515788,0.1567439,0.43576127,0.12488683,0.12781507,7.9276304,-0.027744902,-0.017695578,0.69224226,-0.15570109,-0.19600955,377,0.2081116,0.15253848,0.8869577,0.08873184,0.059266794,1.016849,0.08349192,0.05185118,0.44799045,0.08161078,0.07352727,0.053243328,0.021003753,0.03467285,0.17146319,0.1630067,0.04136865,6.056279,-0.0669396,-0.054859377,0.08349916,0.027260683,0.02295004,4.4083333,0.5539267
52.851906,-0.011453617,-0.0049220463,0.071316406,0.09246451,0.121559426,0.780636,0.1889751,0.29383186,0.13212794,0.04183539,0.13742964,4.846144,-0.07514273,-0.054626912,9.451781,-0.073673956,-0.025665425,7.008905,-0.0529724,-0.009956994,0.29884553,0.017784147,-0.06752601,2.5415888,-0.17274038,-0.16006865,1.7672454,0.23837958,0.29070768,0.50390995,0.102599435,0.20232171,10.975983,-0.027335376,-0.012388695,1.4145366,-0.08592772,-0.15518156,412,0.2067894,0.21869975,0.92269707,0.103853285,0.14227663,1.0192899,0.09868978,0.13732041,0.34146553,0.10062372,0.063408755,0.067745015,0.017515797,0.05186737,0.36630887,0.2447755,0.09667138,10.114069,-0.058043636,-0.041536026,0.09135679,0.0007107247,-0.024854938,4.4166665,0.55497384
34.58007,-0.01149064,-0.0053912066,0.06516563,0.07431336,0.062333968,0.6724642,0.17535605,0.23347558,0.07282363,0.035653085,0.12157577,10.412977,-0.07336943,-0.043772075,11.782799,-0.072239324,-0.017096875,7.825243,-0.046279054,0.005414465,0.24662142,0.007371261,-0.156706,2.63409,-0.14286172,-0.16237724,1.6708101,0.22528315,0.2916393,0.41891822,0.073130675,0.20924473,8.167776,-0.027641257,-0.014638963,0.5294824,-0.021515507,-0.17621876,386,0.19740191,0.2251321,0.9082935,0.110471174,0.16894934,1.0182608,0.10486424,0.16523527,0.5116894,0.12371117,0.1872772,0.064357445,0.014157445,0.010266025,0.39608526,0.32349682,0.085550174,6.454767,-0.050964624,-0.047383394,0.09690572,-0.014015435,-0.05164843,4.425,0.5560209
39.35205,-0.008057127,-0.005139436,0.05963717,0.0454829,0.05844289,0.73604107,0.15227814,0.30650926,0.05382586,0.017647078,0.11176991,14.810945,-0.050971664,-0.035473283,16.394558,-0.05215219,-0.014350094,9.839176,-0.022128666,0.027016208,0.34536713,0.0055248784,-0.103949845,2.712934,-0.094592124,-0.15127315,1.6213185,0.19483998,0.31512472,0.40179604,0.027748952,0.20105226,8.1038885,-0.021613942,-0.0134285325,1.6127706,0.043862868,-0.12994032,333,0.17003272,0.21134849,0.90439737,0.10906075,0.19159979,1.0179913,0.10326602,0.18837725,0.45184472,0.15317136,0.17503954,0.048626613,-0.0038501648,0.006186048,0.65954894,0.38867992,0.17473294,6.4539933,-0.031597156,-0.045236815,0.081024244,-0.04098074,-0.11195384,4.4333334,0.55706805
40.21374,-0.004620835,-0.004980405,0.06392718,0.020284396,-0.0009047621,0.59936756,0.12077942,0.10780734,0.05776535,0.0024073955,0.1069329,12.829874,-0.030583091,-0.03304861,13.351141,-0.03328958,-0.01563381,6.948602,-0.0019932168,0.010456606,0.3751322,-0.0035883358,-0.023504874,2.550724,-0.021596367,-0.1381385,1.596038,0.161162,0.294357,0.40343285,-0.032066617,0.17527218,8.202293,-0.015272546,-0.012867935,0.5047169,0.13939404,-0.1362359,365,0.14292797,0.20032161,0.88520885,0.105754785,0.18829878,1.0167887,0.10001434,0.18662284,0.36598992,0.18115766,0.124894366,0.05551002,-0.019203681,0.012144306,0.40243572,0.4428901,0.22278681,6.6761765,-0.009041646,-0.043172237,0.10665773,-0.05602249,-0.051197376,4.4416666,0.5581152
29.72291,-0.0012045816,-0.0060184775,0.06969586,-0.0008184956,-0.0056699007,0.6108336,0.09625874,0.02510124,0.077258356,-0.011913865,-3.8487127e-05,9.118073,-0.010852758,-0.013854261,11.285062,-0.014957728,-0.011398227,6.1739697,0.017882975,0.0032519484,0.36416698,-0.017362705,0.040050827,2.4894295,0.049670555,-0.14197105,1.6057632,0.12860465,0.17518772,0.4252606,-0.08967141,0.11255384,7.5291495,-0.008942502,-0.019903038,0.44315767,0.24296717,-0.1688469,365,0.117145404,0.15713301,0.8936086,0.10139286,0.13339378,1.0172708,0.09565739,0.1279093,0.3402804,0.20939653,0.12416963,0.062423,-0.032706913,-0.0018452032,0.12930958,0.49309042,0.17347907,5.9063416,0.013440496,-0.05718616,0.114099585,-0.071559414,0.008468316,4.45,0.5591623
40.356144,0.0022556086,-0.0057592364,0.084099084,-0.023704214,0.050003216,0.7948923,0.0756656,0.08473264,0.06738249,-0.032069676,-0.010646295,10.005178,0.011652422,-0.015686555,9.291621,0.0050372966,-0.017153805,6.3721933,0.03983837,-0.009286418,0.3009753,-0.03739954,0.09293543,4.4971795,0.12148286,-0.0050753546,1.4469842,0.09444508,0.010010687,0.21534102,-0.14917566,-0.049787328,8.677645,-0.0023795343,-0.01886238,9.325654,0.34553236,0.12645702,353,0.08752851,0.12680909,0.8856828,0.0942931,0.09071575,1.0167736,0.08864678,0.08466289,0.3731986,0.24519609,0.03947936,0.07255719,-0.050874557,0.01970872,0.53079283,0.54590666,0.201505,35.406578,0.036049586,0.039238453,0.10579935,-0.09407102,0.03180072,4.4583335,0.56020945
49.67186,0.005710257,-0.005296064,0.048422463,-0.04911294,0.017026799,0.60284424,0.048679564,0.019856125,0.04783704,-0.05177519,-0.022321843,16.90484,0.034025297,-0.0062784003,17.6742,0.025196379,-0.014197337,10.067778,0.061179034,-0.007313816,0.3080686,-0.053360526,0.056645162,5.206745,0.17148484,0.17816435,1.5541856,0.078295484,-0.039531417,0.19871597,-0.18561994,-0.21173207,10.917243,0.0041224035,-0.0131202275,10.809516,0.40301034,0.43520895,268,0.06029154,0.06708018,0.8902398,0.08796349,0.063993074,1.01706,0.08235608,0.057580575,0.5006089,0.27637938,0.06929977,0.04575469,-0.07026556,0.012159543,2.177699,0.5976484,0.5173564,13.44875,0.04575729,0.06253464,0.08032334,-0.11426695,0.029961897,4.4666667,0.5612565
44.07467,0.009066988,-0.0051227785,0.05402712,-0.0653337,-0.012083952,0.7950997,0.025042577,0.11519188,0.051809773,-0.067664504,-0.033932578,15.750455,0.05304026,0.0068441606,18.872637,0.04350444,-0.0014405556,12.0092125,0.07836387,0.036354195,0.337222,-0.07226486,0.019759735,3.0425057,0.18993188,0.21429938,1.5881793,0.06817956,-0.045330875,0.34061697,-0.19502631,-0.26182413,7.9977155,0.009768943,-0.0135377785,8.088969,0.40458757,0.6898265,347,0.0433676,0.05053986,0.8842499,0.08138096,0.06218314,1.0166981,0.07583439,0.054947846,0.47880548,0.3016983,0.13828903,0.04323866,-0.08452648,-0.020097107,1.5515939,0.5792716,0.756439,7.5027947,0.05203896,0.0652877,0.06795012,-0.12348023,-0.07158746,4.475,0.56230366
38.236053,0.012417925,-0.0047406927,0.06997778,-0.07269966,-0.011254972,0.6877126,0.0039020749,0.15263753,0.060708288,-0.07909577,-0.06619789,12.447564,0.06883614,0.021804009,11.889522,0.059365653,-4.4020046e-05,7.426414,0.090460174,0.04716154,0.23754705,-0.09371508,-0.10343743,2.3592858,0.20544267,0.20473671,1.6401013,0.06395759,-0.019990338,0.43909273,-0.19759393,-0.2507938,8.764704,0.015668858,-0.01101597,0.57382756,0.37572318,0.69421333,332,0.02935246,0.020215943,0.89384556,0.07764888,0.06263036,1.0172858,0.07210406,0.05538528,0.51812327,0.32034907,0.24704397,0.06355767,-0.092188746,-0.017114494,0.21354938,0.5234785,0.77396506,6.315515,0.058637623,0.066650465,0.1017544,-0.12281012,-0.103975035,4.483333,0.5633508
1203.8169,0.015788697,0.047477596,0.01165574,-0.07790997,-0.22427188,0.4297643,-0.013742653,-0.02520632,0.015062593,-0.07943174,-0.16819853,65.649055,0.08121246,0.2718194,106.96474,0.07501908,0.2256185,36.46017,0.10146446,0.30679074,0.31497607,-0.10967997,-0.08981512,5.8186097,0.22342515,0.30183244,1.4238312,0.065008365,-0.03707661,0.19084321,-0.19803758,-0.27032942,53.866535,0.021723812,0.08121608,0.623712,0.3493795,0.40207285,182,0.0216838,-0.13691707,0.8795202,0.07755511,0.050998203,1.0165019,0.072265305,0.047482256,0.67386895,0.32662395,0.43091068,0.009244588,-0.10110789,-0.18353869,0.17436886,0.4710218,0.699811,59.956703,0.06603594,0.14841518,0.027121238,-0.12185393,-0.31038696,4.491667,0.56439793
40.9267,0.012264842,0.047085095,0.059056748,-0.061138473,-0.19300218,0.58256674,-0.018725976,-0.035082947,0.07698282,-0.06684648,-0.111377165,9.711659,0.058760747,0.23949948,13.499025,0.057026405,0.21597223,7.3750234,0.07617245,0.28355497,0.22205518,-0.13271116,-0.17350347,7.167417,0.20468956,0.44589826,1.6236537,0.086813636,0.014188737,0.16881528,-0.1722956,-0.2941735,10.006377,0.015270223,0.079356976,14.20104,0.32348365,0.5159327,339,0.040062144,-0.071674705,0.9158348,0.0823219,0.09930921,1.0188283,0.0768308,0.09890174,0.5255757,0.31364062,0.44617844,0.055384066,-0.092477106,-0.1582268,0.54915947,0.42456102,0.36099303,20.381922,0.048922807,0.17150624,0.10137336,-0.089495,-0.25516224,4.5,0.565445
29.765503,0.008752376,0.046442874,0.06943115,-0.045064706,-0.14770721,0.6881365,-0.016059678,-0.08718176,0.07009434,-0.061996773,-0.07573036,10.161203,0.041117102,0.21438622,13.396653,0.039995186,0.2033206,7.0590835,0.053842038,0.2408403,0.2582359,-0.13789761,-0.25035444,2.4981847,0.13418105,0.40590274,1.6202711,0.1065305,0.037871473,0.4306381,-0.12031443,-0.22238679,7.3735123,0.008388791,0.07808296,0.55292845,0.22837491,0.2629337,364,0.0563911,-0.056053296,0.89454615,0.08039812,0.118743524,1.0173309,0.074388936,0.11730202,0.4540069,0.2935294,0.43101355,0.053165726,-0.08583106,-0.1321324,0.31065825,0.37487105,0.102816164,5.583052,0.025604695,0.1651125,0.10089735,-0.06444247,-0.16872525,4.508333,0.56649214
39.87379,0.0052730427,0.04651638,0.048983343,-0.023524905,-0.20944057,0.59493613,-0.016229779,-0.13237064,0.051884644,-0.052498084,-0.09293256,14.518942,0.022685062,0.2236932,20.096153,0.021674743,0.22228107,9.149466,0.029580038,0.25570852,0.2683801,-0.1302489,-0.22035486,2.5829945,0.06419992,0.42234036,1.5952314,0.1295177,0.0047588595,0.4074886,-0.06773087,-0.24758926,8.397061,0.0017343909,0.077332586,0.31542128,0.15481003,0.2542585,332,0.07708327,-0.056053296,0.88633865,0.07825774,0.10457412,1.0168037,0.071857795,0.10328521,0.48493004,0.26011583,0.41071516,0.03748529,-0.07121454,-0.20066655,0.30717787,0.34108907,0.122295596,6.2558217,0.0032073352,0.1649137,0.08233379,-0.029286845,-0.21967521,4.516667,0.5675393
33.797928,0.0017624366,-0.0059962543,0.07027175,0.008945407,-0.0370824,0.60304743,-0.007424019,-0.04796917,0.05720725,-0.033382673,-0.010769145,11.60244,-6.0678558e-05,-0.019145487,11.430017,-1.7613941e-06,0.0015590828,5.696014,0.0019351414,-0.009755446,0.32562238,-0.11970008,-0.20999633,2.4884424,-0.007926657,0.1776471,1.5681535,0.16039103,0.11126457,0.41566652,-0.0051639006,-0.06830553,7.6357365,-0.005033787,-0.017026037,0.8328733,0.08388771,0.26128048,363,0.107427366,0.11026878,0.88343686,0.0819013,0.11196691,1.0166227,0.07543111,0.10679919,0.33812127,0.21740378,0.20539786,0.058070224,-0.047385696,-0.072322935,0.55081904,0.29859507,0.2006161,6.0137415,-0.019022785,-0.014744472,0.11652774,0.014986509,0.014882636,4.525,0.5685864
32.363037,-0.0017403801,-0.0063806074,0.081839584,0.043208715,0.029909663,0.7193136,0.006205156,0.018636502,0.06561575,-0.012376558,-0.032929897,10.419257,-0.023330864,-0.015966153,9.752883,-0.021771245,-0.0070959493,6.008966,-0.025099907,-0.021543156,0.28025463,-0.111530684,-0.1533701,2.2954142,-0.06847131,-0.18033685,1.634034,0.18637879,0.118925,0.44876015,0.046004605,0.15493447,8.026677,-0.0116725955,-0.021066673,0.72617406,0.03512835,-0.19109601,344,0.13796979,0.114863314,0.88603514,0.086425304,0.05571963,1.0168037,0.07987045,0.04792842,0.40341273,0.17898302,0.13069242,0.070099,-0.021633705,-0.033643078,0.12922622,0.25365627,0.11324894,6.060509,-0.03460346,-0.062442232,0.113774545,0.05746098,0.04741713,4.5333333,0.5696335
49.512505,-0.0052016256,-0.005494325,0.06823276,0.07001961,0.026385844,0.65721655,0.013145352,0.0035762163,0.07701372,0.0064991433,-0.019440155,9.215277,-0.044727825,-0.020216327,10.10429,-0.042079225,-0.014702576,6.8358426,-0.05004929,-0.023469504,0.34329554,-0.08996146,-0.07060977,3.1960206,-0.1124156,-0.12906142,1.6646689,0.20539458,0.15168937,0.36268097,0.08232487,0.10074255,9.932996,-0.0179993,-0.015842682,4.2357645,0.012716641,-0.06745631,361,0.16533898,0.11210659,0.90461344,0.09068798,0.07472182,1.0180063,0.08404885,0.06756875,0.36640728,0.13562833,0.077123255,0.07023777,-0.0010595735,0.011232681,0.7997791,0.24176136,0.21501061,10.339711,-0.048607554,-0.04660008,0.10382082,0.095182136,0.055086862,4.5416665,0.5706806
30.35277,-0.0087269,-0.0059216465,0.07942098,0.09564218,0.115886554,0.6988802,0.025918556,0.054204512,0.07301444,0.020519951,0.02175359,9.431105,-0.063766345,-0.043076664,13.16093,-0.060824104,-0.030725611,6.0595284,-0.07237882,-0.050132576,0.25962275,-0.068591364,-0.07913042,2.6122067,-0.16211167,-0.12691498,1.6135913,0.21796252,0.16523841,0.41067788,0.12162775,0.10328578,7.694758,-0.024927719,-0.017276106,0.6646788,-0.008499923,-0.055731084,348,0.19396423,0.12680909,0.89444226,0.08891477,0.09001753,1.0173159,0.08223857,0.08246033,0.42898408,0.094866134,0.04291104,0.05232205,0.013746594,0.05023275,0.25089082,0.23198359,0.20330009,6.0244784,-0.06426162,-0.047370575,0.11364034,0.12726916,0.13721956,4.55,0.57172775
32.686733,-0.012205412,-0.005971519,0.068091534,0.11944948,0.10947568,0.56407356,0.036001395,0.03522139,0.054805875,0.028924061,0.017071977,12.742526,-0.07937281,-0.037954103,13.290094,-0.079875395,-0.026428116,5.785292,-0.094038464,-0.049362198,0.27592662,-0.039789416,-0.12748282,2.5377288,-0.21425033,-0.12329354,1.5729662,0.22908056,0.16879006,0.4115593,0.16235632,0.100010514,7.484293,-0.031665776,-0.017585209,0.883417,-0.03027802,-0.054034237,372,0.22225896,0.13507925,0.89008766,0.084974706,0.10257109,1.017045,0.07837943,0.094739996,0.42243868,0.054033283,0.09447306,0.052547805,0.03150805,0.035716463,0.29429826,0.22236875,0.1499309,5.944793,-0.07984693,-0.04760021,0.12071393,0.15957311,0.148202,4.5583334,0.5727749
46.366924,-0.012248073,-0.0053429985,0.05498651,0.13206378,0.030515242,0.65686935,0.04138695,0.004806501,0.04176692,0.03431331,-0.029422678,19.541641,-0.07905029,0.003033994,16.000189,-0.082955174,-0.0119944345,9.750263,-0.09713789,-0.017078537,0.36997402,0.0006457871,-0.040188707,2.5056124,-0.2501544,-0.10784864,1.5861299,0.23546366,0.13343824,0.3855436,0.19406696,0.049598943,8.759327,-0.03208066,-0.016089844,1.2111584,-0.052923765,-0.037752405,314,0.23938122,0.107512064,0.8731194,0.07842772,0.07819243,1.0160025,0.07223971,0.07143842,0.4462202,0.017053464,0.120650776,0.051011536,0.045024827,-0.014457076,0.25477093,0.2111067,0.1760505,7.093135,-0.08319432,-0.04416103,0.08370996,0.1742741,0.06932761,4.5666666,0.57382196
30.564411,-0.012337031,-0.006193424,0.102274396,0.15197356,0.13061337,0.69244826,0.05039977,0.021966917,0.11750474,0.046651565,0.04951687,5.0445323,-0.084335454,-0.015705721,6.205697,-0.08741577,-0.021001685,4.0132546,-0.1035128,-0.041434653,0.33642754,0.027683217,-0.046871047,2.5385058,-0.26098144,-0.15616137,1.7069206,0.24471442,0.16461876,0.4681674,0.21599455,0.13371833,8.216009,-0.032418747,-0.019594273,8.5628395,-0.040775802,0.1075156,429,0.25994116,0.1699977,0.90213025,0.07712868,0.07350528,1.0178264,0.07153517,0.06620847,0.25632894,-0.01879229,0.05333538,0.09551811,0.061926536,0.05199512,1.1253045,0.19955084,0.2437761,8.528592,-0.08367045,-0.050192997,0.14769968,0.19630021,0.18444376,4.575,0.5748691
39.408867,-0.012402284,-0.00578697,0.08294159,0.15605876,0.14096561,0.84630597,0.052996174,0.09377399,0.0990793,0.043407965,0.10033182,6.5255737,-0.08473371,-0.028760662,10.069569,-0.08955202,-0.02814392,6.597155,-0.106527075,-0.03679547,0.2166734,0.05146638,-0.08865939,2.2987862,-0.27206933,-0.1791908,1.7352123,0.24169789,0.25437152,0.5608206,0.23173466,0.25344858,8.427409,-0.032874677,-0.018098906,1.1642665,-0.073097534,0.124287695,445,0.27058473,0.25913164,0.9258835,0.07125907,0.1328511,1.0195276,0.06633496,0.13052347,0.4298759,-0.041087657,0.053880744,0.06420824,0.06481122,0.083239295,-0.011356055,0.15637553,0.18921559,7.3388596,-0.085347675,-0.045815423,0.09800426,0.20221376,0.14342254,4.5833335,0.57591623
29.88394,-0.012470371,-0.005912764,0.065412395,0.15234476,0.13308772,0.5548258,0.039646752,0.08926967,0.061299328,0.027770601,0.11299117,11.571276,-0.08047983,-0.034023248,13.046525,-0.08969038,-0.028706659,6.0163555,-0.10866664,-0.03480162,0.31410345,0.08843177,-0.05151453,2.519075,-0.28166142,-0.18056144,1.596078,0.22324254,0.2714274,0.42063573,0.23106065,0.2606865,7.5461698,-0.033392735,-0.017972615,0.530586,-0.11014808,0.11244249,376,0.26972532,0.26280725,0.8883171,0.053405773,0.12950914,1.0169244,0.048657328,0.12701806,0.3952079,-0.065971844,0.03722851,0.05436784,0.062324554,0.088023454,0.43154186,0.12130321,0.21776915,5.7871704,-0.08754136,-0.04634039,0.11789718,0.21031411,0.13603282,4.5916667,0.57696337
29.165445,-0.012495139,-0.0066847987,0.0779822,0.14910908,0.20070568,0.6366103,0.03189185,0.07940205,0.06731825,0.011540803,0.16280495,9.750123,-0.07600167,-0.07801785,10.035024,-0.08973419,-0.04248849,5.3582273,-0.10980513,-0.07270051,0.45611098,0.12215314,0.032294016,2.3071134,-0.29230273,-0.1951467,1.5808173,0.20467706,0.26750687,0.4443229,0.2310791,0.30755964,7.433648,-0.033868153,-0.02067837,0.37981135,-0.14631869,0.08453262,372,0.26780814,0.31610385,0.8797154,0.03448699,0.14195913,1.0164112,0.03005619,0.13890217,0.20025024,-0.08899885,-0.11318767,0.065407045,0.059552226,0.12586366,-0.036437087,0.08851803,0.15718326,5.587576,-0.08962257,-0.051354684,0.122495964,0.2134625,0.23778786,4.6,0.5780105
33.215557,-0.012491462,-0.00656581,0.07649482,0.14657898,0.12490181,0.6930185,0.025351124,0.07967978,0.06558237,-0.0074038976,0.061579328,10.003161,-0.069702156,-0.05573807,10.109674,-0.08953951,-0.033468798,5.9434304,-0.11049863,-0.056045018,0.34634256,0.14100869,0.041941028,2.336747,-0.30231094,-0.20997149,1.6180971,0.18770461,0.20195766,0.43586347,0.22933902,0.28179908,7.438798,-0.034182042,-0.022264685,0.8242368,-0.18216299,-0.17526674,394,0.2646349,0.2839421,0.87612295,0.015089294,0.09286993,1.0161842,0.011018211,0.091146596,0.30968848,-0.09749356,-0.08055709,0.06489141,0.056895148,0.04535797,0.16859616,0.06286153,-0.041860044,5.9394207,-0.091468744,-0.059977975,0.11037919,0.21668507,0.13987757,4.608333,0.5790576
38.343655,-0.012415155,-0.0066136187,0.079784796,0.14058764,0.11561936,0.62993884,0.0129036615,-0.025706738,0.042936653,-0.02829588,-0.04787398,17.071333,-0.060796324,-0.008354556,12.712423,-0.089345396,-0.027362786,5.787272,-0.110544935,-0.0630335,0.39465868,0.16707118,0.21511507,2.4350317,-0.30685765,-0.19996049,1.559409,0.16887018,0.07221991,0.40669775,0.22055699,0.15889493,8.02615,-0.03406299,-0.02308367,0.54801124,-0.20819831,-0.19595559,359,0.25835454,0.20491615,0.8775007,-0.003089291,0.0015466493,1.016275,-0.0065673757,-0.0034357172,0.33832726,-0.10444281,-0.13654116,0.057659026,0.056759458,0.02814263,0.29751718,0.048510026,0.022401083,6.034998,-0.09211834,-0.06432051,0.12665483,0.2208759,0.21504231,4.616667,0.5801047
27.848963,-0.0123870745,-0.0067049526,0.06854364,0.13907245,0.12482667,0.55851525,0.004979821,-0.023909697,0.07179886,-0.037975598,-0.027404536,9.296205,-0.057887185,-0.018576754,9.264082,-0.089926116,-0.036101684,5.43865,-0.11150105,-0.068018526,0.41369665,0.18108273,0.3120161,2.1154692,-0.31245705,-0.22961652,1.6317317,0.15673839,0.098531306,0.47771847,0.21669719,0.20441514,7.649719,-0.03413564,-0.022872321,0.822476,-0.22395334,-0.18615629,393,0.2544541,0.22053756,0.8795549,-0.018451761,-0.014992154,1.016396,-0.021467663,-0.018800708,0.25376028,-0.11141393,-0.2230396,0.07204782,0.0587671,0.074616425,0.32037127,0.042993613,-0.0007279785,5.6117167,-0.09283932,-0.06490487,0.12272474,0.22655031,0.2277074,4.625,0.58115184
36.09171,-0.012318742,-0.0063940887,0.08740587,0.13816248,0.15253662,0.83917826,-0.0019367418,0.074755594,0.058988586,-0.052253414,-0.043643694,11.95951,-0.052573945,-0.008649682,10.750755,-0.08877255,-0.03444807,6.773217,-0.112005726,-0.05580857,0.31425363,0.17736067,0.17399336,2.2594278,-0.31212538,-0.23312037,1.6033373,0.13859,0.11515036,0.43460214,0.20267326,0.19666338,8.077682,-0.034187134,-0.021557827,1.0795622,-0.23929422,-0.16266435,341,0.24473606,0.19205146,0.8728806,-0.031491484,-0.027893,1.0160177,-0.034173258,-0.03024416,0.391221,-0.10193753,-0.10625667,0.06562093,0.05302774,0.075178646,-0.056360204,0.033535633,-0.004872986,6.3984933,-0.09325414,-0.06220409,0.104156494,0.23199663,0.17959383,4.633333,0.582199
39.409927,-0.012231205,-0.0061160736,0.05596833,0.1262363,0.09217925,0.5057032,-0.023001565,-0.016480526,0.04733359,-0.068340495,-0.07922074,15.101945,-0.04482977,0.0142598385,12.061341,-0.08614621,-0.029938964,6.4588575,-0.110599935,-0.05136095,0.36515597,0.18199435,0.1922982,2.5328944,-0.30616874,-0.21870789,1.5594405,0.11708945,0.07186351,0.3996506,0.18082832,0.1677857,8.190964,-0.03417561,-0.02002263,0.13862708,-0.25529346,-0.18568155,344,0.23257197,0.14610614,0.8727204,-0.04239458,-0.034315336,1.0159721,-0.044942394,-0.03641088,0.3496733,-0.09133096,-0.08180505,0.05926615,0.04264404,0.060392015,0.13830559,0.033287622,-0.011174946,6.2057776,-0.09343916,-0.061316982,0.11067426,0.23422085,0.18036795,4.641667,0.58324605
37.981777,-0.012176822,-0.0061323154,0.077890895,0.12436295,0.08661031,0.6228692,-0.034270052,-0.019923942,0.052749928,-0.07280028,-0.0600892,12.977293,-0.041542146,-0.004135236,11.257245,-0.08401037,-0.033300985,5.474143,-0.11006244,-0.05406294,0.36532977,0.18377012,0.1637621,2.2779646,-0.295161,-0.23024882,1.5805326,0.10361474,0.08745207,0.43283358,0.15741266,0.18862754,8.000416,-0.034091365,-0.020075154,0.26554433,-0.24157664,-0.19516449,384,0.22377945,0.1690788,0.8684334,-0.04833063,-0.051430106,1.0157295,-0.050890516,-0.05227512,0.3192215,-0.08345576,-0.093488656,0.060809836,0.036797464,0.068674274,0.13181101,0.05168138,-0.04565014,6.156583,-0.09269621,-0.06091204,0.12505177,0.24115671,0.1761623,4.65,0.5842932
40.674793,-0.012110231,-0.005556668,0.062945396,0.12716591,0.07014888,0.6731878,-0.03478616,0.035929903,0.060920835,-0.06748838,-0.08129654,12.236515,-0.04219983,0.009075974,15.193737,-0.08262622,-0.0196012,7.9725246,-0.10955441,-0.03219813,0.2532771,0.17227095,0.00767895,2.3649566,-0.243882,-0.21191706,1.6219012,0.09362758,0.08019732,0.43747282,0.123271175,0.15653394,7.770509,-0.033745073,-0.01982862,0.55348414,-0.21535859,-0.20419505,373,0.21637523,0.15070067,0.8845734,-0.046475336,-0.04195758,1.0167434,-0.048702274,-0.04217284,0.49218163,-0.07303619,0.052311406,0.049063556,0.033187773,0.0082575735,0.4425836,0.06328947,-0.020223849,6.053939,-0.082226135,-0.059439212,0.093503475,0.24456121,0.09950033,4.6583333,0.5853403
35.6233,-0.011904232,-0.0055776914,0.07765391,0.12514915,0.041473594,0.59006065,-0.048438765,-0.08540846,0.048533954,-0.06538051,-0.10167844,14.736339,-0.040666267,0.02155264,11.655754,-0.07961465,-0.017510304,5.434613,-0.11029493,-0.04374895,0.40601447,0.1716015,0.096959345,2.4302878,-0.17190892,-0.19936265,1.5580043,0.07714583,0.046742853,0.40974656,0.07504562,0.13671303,8.0296955,-0.03241102,-0.01992656,0.15403982,-0.1733485,-0.23526657,381,0.1995174,0.18745692,0.86951935,-0.045111872,-0.048301958,1.0157902,-0.046658915,-0.048786707,0.30919835,-0.07330823,0.0021527084,0.061361346,0.02660124,-0.0029392133,0.20408486,0.08280557,0.033961788,6.14558,-0.06570692,-0.06028154,0.13160326,0.2521424,0.17150687,4.6666665,0.58638746
41.572857,-0.011742446,-0.0054806154,0.06744487,0.12350614,0.075219914,0.55293995,-0.059605725,-0.06240074,0.039456714,-0.058746204,-0.11703486,18.883814,-0.042122133,0.038545083,10.111944,-0.07716005,-0.022014163,6.108572,-0.11122426,-0.046771564,0.45893162,0.16663116,0.18820009,2.439149,-0.09924343,-0.20625086,1.5359886,0.06364734,0.029435946,0.38835526,0.027685061,0.12770565,8.131664,-0.031263806,-0.02004759,1.037692,-0.1285871,-0.20508328,380,0.17803194,0.22053756,0.85749984,-0.041684765,-0.077031106,1.0151213,-0.042644728,-0.073529586,0.2861616,-0.07551229,-0.036686137,0.07368447,0.021515794,0.034960937,0.18156105,0.09430312,0.04296109,6.787621,-0.049367383,-0.0583437,0.12197503,0.25732782,0.20115441,4.675,0.58743453
29.964098,-0.01163942,-0.0058404636,0.10253691,0.12461401,0.14769058,0.69569397,-0.06513471,-0.02692979,0.097467266,-0.04580411,-0.029855859,6.091554,-0.04859926,0.007606535,7.914746,-0.07424135,-0.029736625,4.028329,-0.11233958,-0.059247497,0.34652635,0.1508615,0.16990496,2.0724974,-0.022763774,-0.22134812,1.6331508,0.05678541,0.0682667,0.48707893,-0.020724341,0.17096321,6.946343,-0.030254068,-0.022198988,4.230507,-0.08236031,-0.07197207,406,0.15443097,0.2407535,0.8833526,-0.032903116,-0.048870884,1.0166378,-0.033869054,-0.047116935,0.24720076,-0.074377805,-0.08072844,0.075015314,0.012121399,0.072301604,0.8475587,0.11342125,0.1918725,5.732393,-0.033103097,-0.059756476,0.14738795,0.26072067,0.25975338,4.6833334,0.58848166
36.67426,-0.011506399,-0.006020015,0.072022766,0.11295359,0.17438224,0.58294994,-0.076990195,-0.07088217,0.054094333,-0.04614662,-0.043164514,13.314728,-0.049193457,0.012451086,14.972671,-0.06945677,-0.030247374,5.829691,-0.11089078,-0.07773801,0.28192508,0.13462718,0.19777852,2.7375634,0.06361777,-0.1939698,1.5756668,0.041987646,0.03414707,0.36967626,-0.08509041,0.11689934,7.9708805,-0.028852474,-0.021790022,0.9145868,-0.049013764,-0.05984918,326,0.120318644,0.1975649,0.8878223,-0.02640827,-0.042738635,1.0168942,-0.027292857,-0.042730957,0.43832624,-0.06183793,-0.11366224,0.048104398,-0.0046603084,0.06978035,0.121857524,0.118290044,0.12514539,6.6215982,-0.016292514,-0.057865873,0.1235488,0.25240162,0.33857724,4.6916666,0.5895288
32.336155,-0.011329654,-0.0061675482,0.06472591,0.09368197,0.13636796,0.6002051,-0.08861182,-0.06594108,0.06255747,-0.04665505,-0.01582488,11.925526,-0.047487203,-0.00017827233,13.767995,-0.062419705,-0.025367284,6.9179626,-0.10461095,-0.06493819,0.38553604,0.12209806,0.17785369,3.003703,0.1582722,-0.15183651,1.5565661,0.027791021,0.033085793,0.34961784,-0.15234987,0.06895013,7.8599772,-0.027277552,-0.022136424,0.70466375,-0.009019724,-0.041363705,331,0.085545234,0.15161957,0.88993543,-0.02140799,-0.004202904,1.017045,-0.022073902,-0.006242877,0.3604946,-0.047869697,-0.082293406,0.05418586,-0.021148305,0.05091879,0.15728383,0.13334052,0.115408435,6.7117867,0.0012994674,-0.055980112,0.10783965,0.23188852,0.27623343,4.7,0.59057593
37.001114,-0.011022989,-0.0063727363,0.059943132,0.07272608,0.1143094,0.61065626,-0.092791304,-0.037829064,0.064902686,-0.052614797,0.033783507,11.32159,-0.038032513,-0.03415636,15.163868,-0.05116579,-0.013695396,7.485615,-0.09312232,-0.053055685,0.35044578,0.09538247,0.07230038,3.4166849,0.25542992,-0.08000935,1.5651392,0.011950794,0.054598138,0.30421337,-0.22112678,0.0018517938,8.701204,-0.02523034,-0.020973973,2.696216,0.03594699,0.01431605,310,0.045945857,0.08729612,0.8835134,-0.019206287,0.04489818,1.0166378,-0.019455,0.0378557,0.38435587,-0.01865421,-0.022245398,0.048457403,-0.041299522,-0.015393354,0.21349712,0.14246503,0.12205274,7.953276,0.019637764,-0.052097872,0.09816183,0.20102763,0.21375954,4.7083335,0.591623
40.698223,-0.01065295,-0.0058909687,0.09622957,0.046517108,0.09576291,0.71959794,-0.10098241,-0.026186105,0.0801582,-0.06523602,3.8487127e-05,7.1786337,-0.022721775,-0.029271964,8.22562,-0.038274273,-0.012977156,4.3029976,-0.07881409,-0.050685566,0.31221387,0.06524739,0.03891541,9.348203,0.34914604,0.45459333,1.4924151,-0.00541852,-0.04926074,0.121018484,-0.2855306,-0.2900605,9.502473,-0.022971608,-0.015756827,3.9867558,0.06779625,0.006132869,344,0.005949823,0.030323915,0.87404585,-0.018102001,0.027331548,1.0161842,-0.017849654,0.024666721,0.26321247,0.016410846,-0.012453872,0.06995537,-0.06278427,-0.028693961,-0.11166305,0.15153861,-0.07751349,47.640133,0.03769671,0.08747673,0.13372685,0.16584098,0.17791969,4.7166667,0.59267014
98.78795,-0.010231166,-0.0031031908,0.036371656,0.006590023,-0.009067816,0.40039426,-0.10952516,-0.115103975,0.036364518,-0.08737122,-0.034526803,19.70569,6.0678558e-05,-0.0005565099,26.475769,-0.020053847,0.013599429,7.888497,-0.05698614,-0.03292013,0.35705677,0.035292476,0.11201617,5.854695,0.3783174,0.6836332,1.5237703,-0.017846355,-0.08755879,0.21292555,-0.32708108,-0.41506022,15.266206,-0.020538712,-0.0008668211,6.412446,0.08520511,0.19070628,227,-0.038409416,-0.06064783,0.8768489,-0.017359434,0.0066191116,1.0164868,-0.017056385,0.0128158005,0.35953116,0.070578575,-0.06063883,0.027065802,-0.093907975,-0.083996244,0.90421623,0.17844762,0.08525636,32.853855,0.038306057,0.17484382,0.0908396,0.114244215,0.09210717,4.725,0.5937173
27.07312,-0.009993506,-0.0033394056,0.07919512,-0.031099303,0.033478327,0.61752415,-0.108170494,-0.10666836,0.06390651,-0.10848218,-0.031896755,10.440236,0.028993411,-0.0072301156,10.150075,0.0009024482,0.005240642,5.202487,-0.028803665,-0.047722973,0.2905468,-0.007426249,0.019594647,2.675382,0.38351017,0.6595089,1.5921286,-0.028592046,-0.06131468,0.38999513,-0.3564483,-0.3828616,7.2503347,-0.019450976,-0.0021111225,0.94503933,0.07525225,0.19877614,320,-0.07490166,-0.0707558,0.8760262,-0.015636789,-0.019634748,1.0161994,-0.016234895,-0.011773583,0.37665227,0.14385068,-0.050758056,0.06573341,-0.12290032,-0.05364223,-0.012282116,0.19285935,0.049978137,5.9154673,0.028140454,0.17219165,0.12824619,0.0552528,0.14564368,4.733333,0.5947644
29.983786,-0.00969631,-0.0036543563,0.072153784,-0.071941294,0.06938329,0.58073914,-0.10921542,-0.12124014,0.06092994,-0.13333075,-0.039641857,12.173217,0.06057973,-0.00340364,12.719328,0.023358287,-0.00040718733,5.969777,0.0003060033,-0.060803138,0.40737653,-0.047163386,0.07498648,3.2131584,0.39306682,0.6445542,1.5805434,-0.04226249,-0.049946822,0.32287118,-0.39089915,-0.3679831,7.812522,-0.018079663,-0.0039249538,1.7926929,0.07584252,0.16844319,334,-0.10775791,-0.048702046,0.8822159,-0.013775054,-0.022083776,1.0165472,-0.015357475,-0.014408613,0.33433688,0.22038853,-0.081345804,0.058313884,-0.15671574,-0.027733365,0.6287387,0.22379488,0.13636921,7.305748,0.018688675,0.17003505,0.12424474,-0.0059708385,0.21407217,4.741667,0.59581155
31.766754,-0.009355149,-0.0040552174,0.061426364,-0.11104665,-0.0329542,0.57306975,-0.1089065,-0.19261,0.05175148,-0.15806563,-0.09502237,13.378551,0.09291028,0.024453416,13.590287,0.044739302,0.011987258,6.4592857,0.028851412,-0.042196523,0.29133126,-0.09587365,0.054668363,3.4535098,0.3931687,0.21142526,1.5554317,-0.054358754,-0.003442349,0.29398146,-0.4121371,-0.23005502,8.751162,-0.016682254,-0.0054584043,3.153011,0.071381755,0.14045282,294,-0.13221829,-0.09464737,0.87069523,-0.01306802,-0.028408127,1.0158509,-0.015334715,-0.02410257,0.4010285,0.2990348,0.0029318205,0.050945193,-0.18577015,-0.077703744,0.5856869,0.23654091,0.28145298,7.826003,0.008860473,0.03743326,0.107188284,-0.06616959,0.14444828,4.75,0.5968586
60.341507,-0.009010325,-0.0057807653,0.037433162,-0.13870293,-0.029832883,0.6143481,-0.094222054,-0.08839894,0.035137735,-0.175633,-0.09741406,24.476248,0.12253929,0.04588817,33.324497,0.065373644,0.027810458,14.1148615,0.057071306,0.011530783,0.20647085,-0.1475483,-0.091846965,4.8163643,0.3799242,0.13513103,1.5310748,-0.057322577,0.0019480976,0.21204479,-0.41483787,-0.23075737,9.567979,-0.015692351,-0.017088678,3.4633284,0.06731077,0.04144541,249,-0.14398572,-0.07443143,0.88399273,-0.008023313,-0.0149240205,1.0166831,-0.011118773,-0.018393088,0.65356904,0.37731758,0.18274264,0.025808038,-0.21088548,-0.08100992,0.50348616,0.2533153,0.19808103,11.0589,-0.0018165205,-0.035155296,0.060931515,-0.122270055,0.06598444,4.758333,0.59790576
72.681366,-0.008851421,-0.003733782,0.03362183,-0.14603725,-0.1638394,0.582831,-0.07539325,-0.10529703,0.024990436,-0.1841874,-0.17328317,35.950783,0.1431223,0.16051048,40.454567,0.078387395,0.097825505,15.574119,0.074446276,0.10102761,0.24119142,-0.18990566,-0.1398682,4.188762,0.34117714,0.24633086,1.4784257,-0.054222886,-0.081961356,0.23862627,-0.39533418,-0.35146537,11.119002,-0.015313667,-0.009192596,2.1674569,0.04883475,0.08248425,248,-0.14319241,-0.1405927,0.88433886,-0.0017435952,0.0007662086,1.0167133,-0.005806425,-0.0034494945,0.6572343,0.43204847,0.3543249,0.022208264,-0.22389396,-0.19542061,0.03327151,0.26126316,0.20755847,10.29862,-0.014881731,-0.020557115,0.0576871,-0.15193523,-0.11912723,4.766667,0.5989529
56.104473,-0.008962426,-0.002561437,0.03764375,-0.13391522,-0.26531488,0.5961579,-0.05095538,-0.09778697,0.032203935,-0.18085855,-0.22928616,25.724527,0.14693424,0.22139834,27.458288,0.08085078,0.13187818,13.119727,0.079727955,0.16272454,0.283761,-0.2209598,-0.2601422,3.694474,0.2851283,0.28169686,1.5416541,-0.039830163,-0.11066049,0.28372586,-0.35647404,-0.38268152,10.768565,-0.016035624,-0.0031592117,0.406147,0.022021953,0.035935316,270,-0.12653291,-0.1994027,0.88542396,0.0068431385,0.006821462,1.0167736,0.0016672886,0.0031354963,0.54467005,0.45821467,0.4829484,0.030170526,-0.22144797,-0.26939854,0.28578803,0.2755122,0.13620754,8.475476,-0.029988546,-0.01666131,0.063143924,-0.15685146,-0.27942514,4.775,0.6
60.97959,-0.009220906,-0.0012503105,0.045954827,-0.109079294,-0.31080833,0.80585647,-0.02418739,0.015597042,0.03577337,-0.16730112,-0.26043642,24.579988,0.14066638,0.2717279,35.105335,0.07826408,0.18158622,15.41942,0.07695046,0.24004155,0.26183653,-0.24688774,-0.28883964,5.0532565,0.22097287,0.3992427,1.4986092,-0.021519175,-0.1525939,0.20088279,-0.30887914,-0.45692238,12.286615,-0.017624378,0.004056769,2.371402,0.0034488675,0.009695243,238,-0.100552015,-0.25086147,0.87673056,0.014536588,0.018213287,1.0162145,0.00821661,0.013709797,0.61747247,0.46934834,0.61530876,0.025047733,-0.21053527,-0.3374729,0.6611073,0.28938028,0.15189876,12.585003,-0.045881536,-0.0008113619,0.057026073,-0.14386947,-0.41102564,4.7833333,0.6010471
94.40074,-0.008647226,0.00027833154,0.020990439,-0.08165047,-0.35915753,0.42230842,-0.014124992,-0.07794023,0.019537183,-0.15177554,-0.29085058,46.27176,0.17100799,0.36965805,53.114315,0.0966792,0.22730832,18.18805,0.08506028,0.2751891,0.26683304,-0.27264747,-0.23010913,5.1222334,0.1899017,0.4217173,1.4577445,-0.011214341,-0.20670955,0.19718514,-0.26947173,-0.46877208,12.859572,-0.018682696,0.010775022,2.1596742,-0.012067959,-0.034070864,200,-0.07252173,-0.2958879,0.877057,0.01943608,0.0051220544,1.0162448,0.012499945,0.00096434983,0.6371867,0.4704987,0.6052906,0.017020265,-0.19511808,-0.36057255,0.65376633,0.27877685,0.18316457,12.391945,-0.051768452,0.0036283727,0.049704053,-0.12289383,-0.4404809,4.7916665,0.60209423
38.732006,-0.0071947994,-0.0012453792,0.06496773,-0.05372671,-0.2669861,0.5735367,-0.0077001094,-0.08246724,0.051074866,-0.13584243,-0.23999749,14.383635,0.2301789,0.27275395,17.061386,0.13565627,0.17326106,6.4854393,0.09961761,0.19676286,0.22039771,-0.29504412,-0.25034076,3.688875,0.17335662,0.3849867,1.5704322,-0.003523547,-0.13881148,0.28311622,-0.23299012,-0.4332939,8.558507,-0.017993301,0.0055489657,5.6323323,-0.01712613,0.08225148,314,-0.046144184,-0.23524006,0.8836589,0.021990746,0.0038386227,1.0166378,0.015155064,-0.0012304552,0.5142445,0.4621808,0.5178491,0.043058764,-0.1800865,-0.30576468,0.71286154,0.26077473,0.3245534,8.816374,-0.05033436,-0.0013082818,0.11327563,-0.09893899,-0.29464445,4.8,0.60314137
33.31873,-0.0055702697,-0.002268046,0.08554882,-0.03015379,-0.12612309,0.6488512,-0.0040509515,-0.056801792,0.08326105,-0.121839054,-0.14045873,7.773495,0.29461002,0.19209756,9.293675,0.17674837,0.1312938,4.908958,0.11716729,0.12591213,0.21943462,-0.30448362,-0.31292826,2.3223445,0.16184793,0.2841657,1.6551425,-0.0007134862,-0.055060357,0.48384076,-0.19666237,-0.27371374,7.6854935,-0.016391877,-0.0007436881,0.6810459,-0.011151123,0.09148035,415,-0.026906423,-0.10199862,0.8975859,0.021946985,0.026794592,1.0175263,0.015436925,0.020657526,0.4277947,0.44556457,0.4463772,0.06964192,-0.16460644,-0.20200975,0.039496187,0.2595765,0.27331233,6.1727867,-0.047456093,-0.008977437,0.13184658,-0.08141561,-0.114403106,4.8083334,0.6041885
34.812935,-0.003966733,-0.0034424542,0.0775803,-0.0082076145,-0.033129577,0.8784945,0.0044685905,-0.021421792,0.060122225,-0.11285523,-0.09298924,12.277142,0.36087212,0.13681921,15.074738,0.21904074,0.08501542,8.358337,0.13592549,0.06498203,0.19107887,-0.2944492,-0.38177323,2.4844718,0.15992194,0.0954171,1.6520118,-0.004731107,0.0581463,0.4185892,-0.17810853,-0.10010533,7.556148,-0.01475313,-0.010398733,2.2195618,0.014567807,0.086382784,374,-0.016527286,0.022972662,0.89314663,0.018554484,0.057780176,1.0172557,0.0124632185,0.050935384,0.5470502,0.4179919,0.40331236,0.04896464,-0.1548872,-0.1391415,0.55334616,0.29133716,0.2508926,6.1965866,-0.044077594,-0.03025419,0.08831052,-0.07044691,-0.032328412,4.8166666,0.6052356
20.89829,-0.0024012018,-0.0067413813,0.104487106,0.01234445,0.21238922,0.7691496,-0.0054794718,0.14751503,0.0841935,-0.10174342,0.033061948,7.549524,0.42584166,-0.037164975,8.901724,0.25987205,-0.017132683,4.6789265,0.15111463,-0.051588207,0.2726348,-0.27173612,-0.3761283,2.4046123,0.16376513,-0.104267664,1.6022091,-0.015397939,0.16475703,0.43497175,-0.16644672,0.08951588,6.6656103,-0.013031304,-0.02304082,0.6885747,0.040463965,0.036995225,362,-0.011767428,0.17183551,0.89015925,0.012898611,0.08251085,1.017045,0.007290767,0.07420442,0.362986,0.3731437,0.23563245,0.07140423,-0.140626,0.0038128027,0.3821883,0.3210656,0.19439076,5.020836,-0.040409714,-0.054803826,0.13584758,-0.046521362,0.19366902,4.825,0.6062827
21.40645,-0.00068930566,-0.0075189844,0.09983207,0.014208572,0.3149065,0.73247385,-0.028894419,0.22492899,0.07709504,-0.09901336,0.083789766,7.9011374,0.49681273,-0.066291705,7.9216094,0.30609483,-0.038249087,4.4692855,0.17187156,-0.0689856,0.26864988,-0.25140724,-0.32918045,2.3272893,0.19035842,-0.20431396,1.6158208,-0.030428465,0.1982525,0.45938203,-0.17719284,0.23007777,6.2757215,-0.010715835,-0.027700061,0.5493295,0.09309837,-0.13365068,405,-0.01467623,0.255456,0.89741504,0.008610972,0.10847587,1.0175112,0.0036089302,0.09960554,0.3404886,0.34101075,0.12937678,0.0768958,-0.13938959,0.09275722,0.26829404,0.33007598,0.10189842,4.9304247,-0.03438617,-0.06774606,0.13629438,-0.034412466,0.2540587,4.8333335,0.60732985
25.148134,0.00122345,-0.007885696,0.07893493,-0.0050936467,0.2954586,0.65104187,-0.062457718,0.225996,0.07669071,-0.10734205,0.07098053,8.829247,0.57921636,-0.061548065,11.40642,0.3595503,-0.033367835,5.584781,0.20083112,-0.063153915,0.29499146,-0.23278166,-0.25566605,2.5448377,0.23780103,-0.18796566,1.5929519,-0.056667883,0.15235764,0.4129415,-0.2132364,0.17353964,6.455039,-0.0074240505,-0.030211462,1.1611282,0.16194667,-0.11753342,371,-0.031269625,0.21502413,0.88010436,0.0010866859,0.075479075,1.0164263,-0.0031553046,0.067617044,0.38212985,0.32788846,0.101451695,0.05936318,-0.15378383,0.06573842,0.3363726,0.32888243,0.1636636,5.5493035,-0.026016414,-0.06982258,0.12124402,-0.04366576,0.22624287,4.8416667,0.608377
363.73587,0.0032281082,0.0068769795,0.008648883,-0.029896088,0.09276841,0.39468515,-0.097218774,-0.009654263,0.006240306,-0.12258727,-0.03406536,155.65536,0.6673195,0.5826695,179.86893,0.4155527,0.3473702,44.326225,0.2339236,0.24721304,0.21401626,-0.21478955,-0.2333487,6.5838566,0.2920625,0.11324801,1.3520004,-0.08511358,-0.06904215,0.1404233,-0.25701246,-0.04828176,18.975552,-0.0035961322,-0.006904071,1.8855127,0.2312078,-0.12874807,163,-0.052292336,0.02113485,0.8568012,-0.005027957,0.0068765017,1.0150604,-0.0085039195,0.0037772218,0.7573208,0.32166815,0.23003694,0.0054002493,-0.17169262,-0.048775416,0.039514694,0.33217394,0.05676088,21.419212,-0.016962174,-0.019123308,0.021913372,-0.060802776,0.052050047,4.85,0.60942405
388.30222,0.003377681,0.023366753,0.008084792,-0.03871214,-0.19069895,0.33591104,-0.11504531,-0.22067289,0.0057849973,-0.12735868,-0.18692721,162.35406,0.6676663,1.2782271,195.16762,0.41681737,0.7777161,39.023098,0.22681881,0.5435689,0.22772633,-0.18609335,-0.27704322,6.947561,0.32052445,0.4470538,1.3418278,-0.09681165,-0.26119602,0.1313001,-0.2887043,-0.29044253,23.318619,-0.0021671818,0.027085282,1.7719799,0.3077237,-0.092376135,148,-0.05883714,-0.17551114,0.8582864,-0.0047901724,-0.05328413,1.0151517,-0.0080493875,-0.05127617,0.7114915,0.2953292,0.44315594,0.004812365,-0.1789182,-0.22381955,-0.018254561,0.34629714,-0.026551323,24.041954,-0.012928881,0.044226922,0.024068253,-0.055186532,-0.24120288,4.858333,0.6104712
108.81102,0.0018407068,0.027289633,0.028978871,-0.04170739,-0.3990401,0.4468985,-0.12050213,-0.3597688,0.023681412,-0.128492,-0.29106015,34.660244,0.59381497,1.3984593,35.8445,0.36771578,0.8422288,12.658045,0.19765443,0.61422974,0.34719053,-0.14653179,-0.20062569,5.5891843,0.32663965,0.68673056,1.4555835,-0.094093546,-0.3794465,0.17360008,-0.312021,-0.51833725,16.580551,-0.0037891828,0.048117787,14.397023,0.39189848,0.3725168,200,-0.05731663,-0.36388698,0.8702601,-0.00015641606,-0.10453958,1.0158358,-0.0036443134,-0.1000013,0.47361296,0.25952405,0.5245645,0.022899007,-0.18176228,-0.36575612,2.3954756,0.36962375,0.41600913,18.051811,-0.014318554,0.087927975,0.064844415,-0.04171145,-0.42865178,4.866667,0.6115183
29.527771,2.0706168e-05,0.0274862,0.09080741,-0.037787907,-0.36412954,0.86198497,-0.116641596,-0.2570242,0.067714274,-0.12623382,-0.30856022,9.059047,0.514822,1.3994919,12.605213,0.31705225,0.8449984,5.8229246,0.16827717,0.61628467,0.3274862,-0.119594194,-0.16900936,3.1188743,0.31648412,0.7289095,1.5994306,-0.084349476,-0.37466544,0.3401866,-0.32620546,-0.5763551,7.8332043,-0.0067793475,0.05093067,6.86592,0.41474402,0.5640374,362,-0.04792913,-0.37215713,0.88585156,0.0071839564,-0.09369165,1.0168037,0.0032515489,-0.08902344,0.28594062,0.23012736,0.4657426,0.048664533,-0.18177913,-0.3938787,1.3282179,0.32316205,0.6223627,7.234,-0.019402929,0.093538895,0.10534686,-0.022523375,-0.47035795,4.875,0.61256546
24.958023,-0.0016254992,0.012281217,0.08676135,-0.047868922,-0.13444279,0.6340233,-0.13382813,-0.14044915,0.08455094,-0.12755257,-0.15588917,7.162317,0.4429755,0.7322927,8.358095,0.27120534,0.44874236,4.4253836,0.1434089,0.27198026,0.28353614,-0.10256713,-0.10136872,2.5312836,0.31302318,0.43113548,1.6216869,-0.077862136,-0.17564444,0.42507562,-0.34005472,-0.34936118,6.9727187,-0.00925851,0.02643248,1.3516079,0.4162998,0.5461132,369,-0.041780982,-0.1828624,0.8972785,0.015787102,-0.017290136,1.0175112,0.011298771,-0.017751722,0.3220445,0.21889395,0.19956127,0.072454385,-0.1833327,-0.21761946,0.4052146,0.24467401,0.69844663,5.8364635,-0.023259679,0.041640222,0.13684252,-0.0073285927,-0.16884147,4.883333,0.6136126
31.138386,-0.0032035897,-0.003748962,0.0780702,-0.06663485,0.07134666,0.5229578,-0.14788713,-0.049343795,0.07000007,-0.1366079,-0.030698216,9.257819,0.37551057,0.044410717,14.741641,0.22854003,0.0318889,4.3409867,0.12269514,-0.02729171,0.30255935,-0.09400425,-0.028558562,3.9987476,0.31671754,0.2144632,1.5900593,-0.07463816,0.007543184,0.2738528,-0.36360797,-0.23568358,8.13332,-0.0115963435,-0.004561227,7.7951517,0.4448078,0.7483223,359,-0.037351668,0.011026878,0.9074002,0.022235123,0.075413026,1.018186,0.01727253,0.07048215,0.3454886,0.2285024,-0.024257788,0.043960366,-0.19475268,-0.1147146,-0.91960734,0.17724551,0.51092005,9.315348,-0.026336411,-0.0074070487,0.14928585,-0.006857007,0.15966675,4.891667,0.61465967
38.312943,-0.00471882,-0.0069130473,0.06017534,-0.086354986,0.1630787,0.57993686,-0.1493249,0.015455541,0.045749683,-0.14938147,0.012325142,15.349953,0.31419176,-0.04235301,15.985741,0.1897061,-0.013992484,6.767952,0.1066349,-0.078117326,0.27021945,-0.0936895,-0.10344899,4.137011,0.31763124,0.107760735,1.5392864,-0.07531315,0.06931346,0.24656932,-0.38212776,-0.17749478,8.619526,-0.013823156,-0.02080995,4.9231687,0.44167373,0.4302673,355,-0.040657125,0.15345739,0.88429415,0.021912247,0.101902485,1.0166981,0.016508795,0.095562086,0.432036,0.25202036,-0.04968302,0.043930117,-0.20558493,-0.05943199,-0.0780924,0.16548134,-0.003706175,9.853346,-0.02981463,-0.03471221,0.10376189,-0.023854459,0.2617667,4.9,0.6157068
25.387913,-0.006312466,-0.0070988517,0.09271584,-0.09382701,0.16869037,0.67026114,-0.14447124,-0.07792788,0.068984956,-0.15502267,0.014802409,9.631339,0.248523,-0.039781623,9.650651,0.14857145,-0.020818662,4.803206,0.08794243,-0.086916484,0.29659358,-0.09488429,-0.13350649,2.5958803,0.30046624,0.0693323,1.6021414,-0.06870747,0.07131397,0.40963122,-0.38050115,-0.12211665,6.08824,-0.016488422,-0.02437148,2.068683,0.41514337,0.2692151,405,-0.04330149,0.19297037,0.8861943,0.023785526,0.10254942,1.0168189,0.017820053,0.09600071,0.36782393,0.2690909,0.0003904816,0.06884691,-0.20822053,-0.006380352,0.64251155,0.16390057,-0.14636749,5.6254663,-0.035257857,-0.040069465,0.13832793,-0.028972752,0.3482925,4.9083333,0.61675394
36.78706,-0.007904688,-0.0065679424,0.051301524,-0.09753944,0.06442209,0.48776042,-0.13499713,-0.14916854,0.055743273,-0.15861195,-0.041359786,14.243393,0.18211637,-0.007965397,17.388054,0.10781438,4.4020046e-05,7.548875,0.06931353,-0.059963867,0.32889274,-0.092950635,-0.089375965,3.5716217,0.28124055,0.14577405,1.5250312,-0.061825495,-1.5173965e-05,0.28707328,-0.37591392,-0.23216562,8.004609,-0.019016562,-0.022265358,4.0806665,0.38181454,0.3608347,307,-0.04640862,0.13599816,0.8882879,0.024190174,0.085579544,1.0169395,0.017658032,0.07937308,0.46508065,0.2827047,0.08786032,0.045662005,-0.21369463,-0.0768071,0.03510087,0.15063463,-0.22336972,8.230194,-0.040802125,-0.032097097,0.10517771,-0.034842636,0.2652199,4.9166665,0.6178011
109.70871,-0.008446286,-0.0030415596,0.024292847,-0.114262916,-0.09370818,0.61783725,-0.1303101,-0.102955356,0.019485923,-0.17290781,-0.13983999,48.047867,0.16847451,0.16632348,54.513393,0.09918437,0.09193208,23.811718,0.07690067,0.108049095,0.35376728,-0.10196097,-0.03955227,4.838022,0.28795642,0.20744208,1.5010539,-0.06684071,-0.06569849,0.20895503,-0.38532403,-0.28391787,11.318245,-0.019596545,-0.015764818,4.2146955,0.33839542,0.2406321,218,-0.06491918,0.0064323456,0.8750963,0.018471884,0.024605481,1.0161237,0.011789214,0.019401873,0.5824897,0.31710422,0.23279187,0.017174806,-0.2299532,-0.14721592,-0.16587521,0.13518612,-0.06655562,11.905368,-0.042439286,-0.02347098,0.039319173,-0.064269125,-0.023277562,4.925,0.61884815
82.81718,-0.008390536,-0.0010441266,0.027575199,-0.12282295,-0.18956767,0.597696,-0.1345763,-0.09430535,0.021880478,-0.1843237,-0.18637438,38.97182,0.18016061,0.27245972,45.86052,0.108237766,0.16095431,18.48286,0.08246542,0.20913705,0.28210554,-0.12401707,-0.027987476,4.6245093,0.3012157,0.24326238,1.4748302,-0.07850781,-0.11326525,0.22059983,-0.39621988,-0.30462703,14.53093,-0.019072145,-0.003699443,0.49700922,0.29232067,0.09203764,205,-0.080454834,-0.13140363,0.87876844,0.012673534,0.014175673,1.0163356,0.005967614,0.008857144,0.5706165,0.3489536,0.31753695,0.018593816,-0.24223092,-0.2138152,0.10162036,0.12515754,-0.02916635,11.0812845,-0.041906454,-0.019381303,0.046135824,-0.079494834,-0.17445946,4.9333334,0.6198953
84.731285,-0.008420908,0.0016193145,0.026040185,-0.122659974,-0.3856249,0.4484161,-0.14062573,-0.20235999,0.025175763,-0.19030371,-0.2717829,32.534565,0.18142286,0.375367,42.95253,0.10963863,0.23789448,14.104731,0.07722106,0.28939992,0.2849028,-0.14199021,-0.039362244,5.0942035,0.31400123,0.42683363,1.4815617,-0.08568824,-0.20224962,0.20227717,-0.40564135,-0.46998003,11.742633,-0.019187793,0.0078413645,5.183,0.29599738,0.1965911,260,-0.08904902,-0.26464507,0.88433796,0.0070626186,0.010671777,1.0166831,0.00040283366,0.004908217,0.53417975,0.3677802,0.4192673,0.019069482,-0.24785244,-0.3446607,0.79210925,0.14417906,0.0019574848,13.679911,-0.040561948,0.007444192,0.058071475,-0.08069904,-0.38501218,4.9416666,0.6209424
38.22455,-0.00877091,0.0016838317,0.0525034,-0.10355254,-0.38209084,0.48267877,-0.1313806,-0.20483513,0.050599076,-0.18659411,-0.2818118,15.652523,0.16897878,0.3816984,19.499996,0.10087558,0.24277389,7.2811117,0.062292896,0.2870894,0.24734227,-0.1579875,-0.11870826,3.8380134,0.30474722,0.4464075,1.5290787,-0.08422082,-0.19926272,0.26524708,-0.39984173,-0.48738518,7.4296703,-0.020355072,0.0066678957,10.44405,0.29289255,0.41022176,338,-0.087991275,-0.23615897,0.8839669,0.0011765057,0.0025158832,1.0166831,-0.0053355442,-0.002548269,0.5446609,0.3724158,0.46793243,0.040615555,-0.2433665,-0.35792586,0.8872444,0.15575981,0.17924608,8.8977165,-0.04225482,0.009667389,0.108775035,-0.062012695,-0.3755746,4.95,0.62198955
62.716297,-0.009000338,-0.0004252754,0.0468806,-0.08292592,-0.3156724,0.6525786,-0.119038984,-0.18791358,0.027748426,-0.18194598,-0.2657036,30.050106,0.160585,0.30083203,42.087074,0.09543074,0.2140643,11.607107,0.049899902,0.1817758,0.20711651,-0.16424967,-0.2613948,5.1032577,0.29713157,0.4658964,1.5034949,-0.08338412,-0.19746144,0.19900143,-0.38990515,-0.49532261,10.418306,-0.020939032,0.004831091,3.2081697,0.24725012,0.3764308,239,-0.091759495,-0.21686193,0.869838,-0.0038169292,-0.0074092955,1.0158054,-0.010241099,-0.011804433,0.6267266,0.3651748,0.49498427,0.019812332,-0.23729189,-0.35099283,0.95029724,0.1470838,0.41146594,11.848814,-0.043352224,0.009479033,0.07183901,-0.04711063,-0.29025882,4.9583335,0.6230366
28.60134,-0.009313851,-0.0028585833,0.08177963,-0.05604143,-0.15628631,0.61473477,-0.114639446,-0.17961447,0.06822579,-0.16947262,-0.17535076,9.292035,0.14177176,0.16747679,11.135832,0.08224204,0.13383691,4.76543,0.031810556,0.06340806,0.24884471,-0.15440296,-0.2937565,2.763396,0.2888031,0.3291459,1.6017087,-0.07744814,-0.10382883,0.3790428,-0.37661186,-0.3689734,7.7356877,-0.021736301,-0.009038229,0.65070844,0.23877028,0.38159078,315,-0.08580967,-0.115782216,0.8889487,-0.003029935,0.011806062,1.0169697,-0.009519933,0.006634367,0.38511175,0.33740756,0.38154393,0.056929424,-0.22478768,-0.25022343,0.15576154,0.09307908,0.42273003,6.1572247,-0.041712794,-0.00692065,0.13303238,-0.014579681,-0.062285826,4.9666667,0.62408376
26.111145,-0.00958608,-0.0054895645,0.12530099,-0.035697702,0.13558629,0.8270605,-0.11306563,0.004812843,0.076762915,-0.16102555,-0.074778646,8.142265,0.12579116,0.057878897,10.014333,0.0709572,0.05773699,4.125528,0.01558309,-0.022702489,0.34574652,-0.13849586,-0.23455752,2.2840736,0.28807515,0.1226638,1.6166042,-0.07596479,-0.0041713133,0.45706207,-0.37033114,-0.16579701,6.7308693,-0.02251578,-0.019267408,0.463822,0.24246792,0.22315913,432,-0.07457112,0.0422697,0.88039726,-0.0022662866,0.0043679774,1.0164413,-0.008742014,-0.00039360902,0.2792775,0.31279907,0.22566546,0.062412944,-0.2171296,-0.13629033,0.28284127,0.034358483,0.31677672,5.258443,-0.039287217,-0.034968525,0.1515016,0.010779588,0.18282796,4.975,0.6251309
66.47024,-0.009846355,-0.0042218454,0.028877215,-0.035484727,0.06611439,0.43829387,-0.12986915,-0.01680582,0.024453819,-0.1547727,-0.12575032,36.668404,0.11104896,0.15230606,35.23736,0.06019297,0.094096355,13.609707,0.0005799828,0.031906966,0.27742624,-0.13095438,-0.20528677,5.127234,0.29160658,0.21739288,1.470996,-0.077144355,-0.047034632,0.19382535,-0.37094328,-0.22275177,11.374941,-0.023247162,-0.011214978,2.5468645,0.25063983,-0.041964132,218,-0.07265395,-0.06799908,0.870216,0.00048584296,-0.021587119,1.0158358,-0.0059431246,-0.025034623,0.6192562,0.3000751,0.27128217,0.025446925,-0.20988466,-0.17616275,-0.093674734,-0.019072222,0.11269634,12.178789,-0.03660923,-0.024040844,0.06588551,0.029664978,0.07030735,4.983333,0.626178
33.88442,-0.010244226,-0.005515874,0.08133175,-0.028341956,0.16741669,0.6331702,-0.14386654,-0.026259111,0.05491939,-0.14268066,-0.07277898,12.386125,0.08380701,0.07293943,13.1166,0.04358015,0.027163403,5.295677,-0.021152215,-0.02255437,0.2815193,-0.11766733,-0.13289522,3.8806596,0.2879706,0.1275591,1.5333242,-0.07585416,-0.02502137,0.261146,-0.36681902,-0.17319502,7.4477067,-0.024513936,-0.017278071,5.676016,0.26805216,0.040886085,333,-0.06267147,0.01837813,0.8912583,0.0059313867,0.01884405,1.0171202,-0.00062648184,0.013201913,0.3987191,0.27190632,0.13185042,0.05186088,-0.19692668,-0.09191958,-0.004672759,-0.072210334,-0.08598531,9.2869625,-0.034331825,-0.032573145,0.12845165,0.060167715,0.21883051,4.991667,0.62722516
27.588789,-0.010235352,-0.005561319,0.06980111,-0.043904405,0.13219428,0.69539595,-0.16011839,0.01302872,0.061098836,-0.13990273,-0.08667338,10.916869,0.07866051,0.080240026,12.922717,0.043001976,0.031291798,6.6450906,-0.02174628,-0.0063347775,0.27907944,-0.09678829,-0.10347779,3.5764148,0.29943326,0.18729791,1.5797081,-0.07755743,-0.041257076,0.292869,-0.37020275,-0.2419137,7.7696514,-0.024732852,-0.017208751,4.983028,0.28024155,0.18633015,315,-0.065249726,0.01837813,0.8887939,0.007947264,0.018551841,1.0169697,0.0014268858,0.013201913,0.38792858,0.2609701,0.13357297,0.051615153,-0.19677381,-0.10588874,-0.5369875,-0.11673266,-0.23011185,7.670969,-0.030527994,-0.027531587,0.10037606,0.057050016,0.1331567,5.0,0.62827224
31.437166,-0.010074705,-0.005322277,0.056026813,-0.06762398,-0.07150379,0.49026135,-0.18631876,-0.15101692,0.055755746,-0.14072739,-0.12762806,13.451332,0.08190352,0.10409437,16.249409,0.048189845,0.045697223,6.562762,-0.016380308,0.01469612,0.27235118,-0.07363699,-0.17488913,3.1887674,0.3113614,0.2537728,1.5287429,-0.08480492,-0.10609622,0.32523912,-0.37090266,-0.347035,7.910524,-0.024201093,-0.014801036,0.99390733,0.26985547,0.2041261,304,-0.072257295,-0.099241905,0.88059694,0.008729694,0.018928675,1.0164716,0.0023248063,0.014080947,0.47763786,0.25636148,0.25487483,0.04615485,-0.2023031,-0.14862494,-0.1679674,-0.13096927,-0.32390267,6.8030624,-0.026462223,-0.0223872,0.11427948,0.051767614,0.035504535,5.008333,0.62931937
92.419914,-0.009709896,-0.0041576074,0.025843885,-0.09700976,-0.08042318,0.42353624,-0.20514718,-0.15820496,0.023729363,-0.1473858,-0.12904042,36.71907,0.093436755,0.10432203,49.267166,0.05950221,0.07811148,14.279419,-0.0036285722,0.020475067,0.35911736,-0.049126647,-0.095406264,5.4332247,0.3429185,0.27625632,1.4244329,-0.09426137,-0.1404585,0.17632078,-0.38439554,-0.36099386,12.180699,-0.022844572,-0.013156456,3.8163946,0.2792596,0.2467466,234,-0.083561964,-0.0845394,0.87788063,0.012028713,0.0333958,1.0162902,0.0056163273,0.027296508,0.5122028,0.2587075,0.18940924,0.017685616,-0.21455012,-0.1690264,0.21506247,-0.12821378,-0.25966984,14.570874,-0.019954875,-0.014420308,0.0610193,0.028464448,0.02273805,5.016667,0.6303665
65.7516,-0.009651645,-0.0027273488,0.046990838,-0.115725465,-0.18140133,0.545714,-0.21313764,-0.20080245,0.0445464,-0.14711109,-0.14926316,18.489542,0.091360874,0.1317455,25.96597,0.060525693,0.10779847,9.565126,0.0022120422,0.057316154,0.35652038,-0.03881225,-0.022432586,6.0822535,0.35477248,0.43802455,1.5142535,-0.09006885,-0.15453213,0.18168105,-0.38562,-0.42436263,11.133018,-0.0225491,-0.0056346124,12.354908,0.3002475,0.4709695,266,-0.08409084,-0.14610614,0.8790622,0.01818973,0.010375365,1.0163658,0.011708211,0.0053570266,0.46712217,0.26239428,0.23123926,0.03172008,-0.21946333,-0.22196874,0.237416,-0.11473723,-0.20930324,26.386742,-0.01622248,0.04253087,0.0861089,0.01731285,-0.088348076,5.025,0.63141364
32.903385,-0.008317342,-0.0024888196,0.070669174,-0.14275086,-0.17884882,0.56539315,-0.22359443,-0.26412323,0.060319267,-0.15431252,-0.15078297,12.02953,0.14995547,0.13674484,16.972313,0.10651692,0.1171546,5.805308,0.042315617,0.05006967,0.3195847,-0.050631095,0.016977755,2.7280946,0.36413983,0.37569186,1.5791491,-0.08993593,-0.15494463,0.39132848,-0.385569,-0.34584683,6.982829,-0.02169876,-0.0072405436,0.87853634,0.2783554,0.33317405,355,-0.0910323,-0.10934988,0.89341426,0.02259767,0.019096464,1.0172708,0.016177746,0.014113727,0.4060277,0.288693,0.24230729,0.042752713,-0.23150183,-0.24526465,0.120908715,-0.0730365,-0.07242783,5.9093704,-0.016117929,0.036663827,0.1249912,-0.0102191195,-0.02377029,5.0333333,0.6324607
30.89224,-0.0070109237,-0.0025132769,0.05719883,-0.16737898,-0.17540254,0.43665227,-0.2309214,-0.29023474,0.06798316,-0.16043012,-0.12694493,10.498509,0.20735605,0.12347741,13.300272,0.15066321,0.11034095,5.4485073,0.081722096,0.040454768,0.2677463,-0.07326698,0.012497359,2.7222733,0.37270287,0.3414149,1.5802438,-0.08694054,-0.11693843,0.38635755,-0.38443902,-0.29710838,7.727549,-0.020747866,-0.0076140007,0.51245326,0.255843,0.31701073,318,-0.10022146,-0.09648518,0.89069486,0.026246054,0.038156487,1.0171202,0.019869644,0.032975916,0.4459755,0.31579557,0.22294505,0.0536622,-0.23904024,-0.22553076,0.22458424,-0.029260725,0.009242595,5.998566,-0.016049484,0.033984434,0.130994,-0.037657112,0.020080235,5.0416665,0.63350785
49.446465,-0.005712109,-0.0044420054,0.041113432,-0.1805584,-0.13050301,0.4723827,-0.22365874,-0.26644298,0.037227318,-0.16766468,-0.1006299,20.28114,0.26559684,0.04961958,20.258327,0.19492963,0.043319363,8.674897,0.12196658,-0.00790666,0.31328964,-0.093180604,-0.03209156,5.4207907,0.38405252,0.34050128,1.4640979,-0.083604015,-0.08766681,0.18175411,-0.38510713,-0.2927756,10.804015,-0.019933296,-0.010423859,4.4279404,0.24196617,0.33754146,251,-0.10167587,-0.080863774,0.8739444,0.027439166,0.030726759,1.016048,0.021050707,0.025931943,0.44172278,0.34016797,0.17984492,0.03726924,-0.24647568,-0.17405303,-0.20577858,0.022490365,-0.078313455,14.370313,-0.015744584,0.03331646,0.087034166,-0.067793556,0.088330194,5.05,0.634555
96.12911,-0.004443049,-0.0030786062,0.024806706,-0.18591547,-0.1957346,0.5813741,-0.21373357,-0.24907392,0.020068023,-0.17214856,-0.1483519,45.331734,0.325373,0.17022514,61.722775,0.24005705,0.12593135,21.32031,0.16229786,0.09352883,0.32466555,-0.11697707,-0.063085295,5.5818987,0.3770545,0.30373633,1.5084621,-0.073925465,-0.091940716,0.18465859,-0.37135303,-0.2904012,11.290913,-0.019627366,-0.010101589,5.207153,0.21292202,0.09757797,258,-0.09837041,-0.08821502,0.87966084,0.029306209,0.03185678,1.0164112,0.02289643,0.027251013,0.5850527,0.36726537,0.25196213,0.014738779,-0.25185794,-0.21869026,0.6474491,0.083125815,0.0069939955,13.363883,-0.018013451,-0.010056444,0.04266909,-0.08837898,-0.025634088,5.0583334,0.6356021
23.87976,-0.001783274,-0.0034836035,0.07122782,-0.18295386,-0.19409193,0.49686617,-0.20304991,-0.28245154,0.07313177,-0.17297937,-0.123373196,8.911725,0.3833022,0.15621643,12.349869,0.29436955,0.11525172,4.5462956,0.21146111,0.08266481,0.31059057,-0.15318291,-0.071836315,2.6102808,0.37052226,0.29507965,1.5787706,-0.06546713,-0.09222003,0.41113544,-0.3544737,-0.27460626,6.5344386,-0.01650287,-0.011016768,1.126115,0.17287275,0.10588965,358,-0.09361055,-0.0854583,0.88883585,0.032346927,0.023214938,1.0169997,0.02630119,0.019370668,0.34113967,0.39327836,0.21228163,0.05277224,-0.25222728,-0.19235282,0.5500559,0.12421526,0.09627814,5.409582,-0.011951876,-0.011721,0.14335413,-0.097235195,0.022541033,5.0666666,0.6366492
47.44513,0.0010222642,-0.0027406788,0.05767292,-0.18773873,-0.19269787,0.75161564,-0.18799101,-0.12904151,0.04231385,-0.18117659,-0.17341697,20.10964,0.44774473,0.19940053,23.92329,0.35259384,0.13979499,11.089468,0.26533392,0.13134067,0.28045607,-0.18841895,-0.059470102,4.739643,0.37647828,0.4433115,1.5337647,-0.061939135,-0.12652025,0.22894461,-0.35249123,-0.4001341,10.149852,-0.012535249,-0.006072767,4.1184273,0.14707692,0.22694893,283,-0.099428155,-0.11762003,0.89722496,0.035336547,0.03554062,1.0175112,0.030022817,0.030741535,0.57046026,0.42633465,0.28840685,0.03556853,-0.25797153,-0.23991403,-0.15985087,0.13719726,0.016296353,10.635638,-0.0040218756,0.0037228663,0.076731935,-0.12669988,-0.11981544,5.075,0.6376963
42.55464,0.0037023206,-0.0030499967,0.052552555,-0.18611595,-0.15906157,0.68710697,-0.18890916,-0.024455188,0.04917759,-0.18287788,-0.15011923,15.528681,0.50601417,0.17804709,21.282532,0.40683085,0.1421613,9.984638,0.31178018,0.14264242,0.25512156,-0.22092448,-0.116065815,3.5590663,0.35967684,0.30651614,1.5802872,-0.056470048,-0.040775895,0.2976611,-0.33156094,-0.3077049,9.120872,-0.009404046,-0.009508121,1.4696205,0.104381815,0.1276326,293,-0.09863485,-0.07902596,0.8949591,0.035050564,0.075206295,1.017361,0.030574922,0.0689247,0.5085415,0.44070324,0.32926804,0.035882156,-0.25671676,-0.24356014,0.15375687,0.15541065,0.091097765,8.07233,0.0017091071,-0.017252697,0.07648381,-0.13100685,-0.14749429,5.0833335,0.63874346
501.9404,0.0064703645,0.015163571,0.005538777,-0.1832961,-0.21571818,0.3654124,-0.19762704,-0.12964423,0.004928821,-0.18448673,-0.17963398,195.31349,0.568841,0.85193527,262.25018,0.46411392,0.6054568,63.51039,0.35804215,0.5067007,0.16951042,-0.2389167,-0.26702684,6.6234007,0.3460555,0.38304335,1.4475319,-0.058505356,-0.085740626,0.18622027,-0.3077768,-0.30645955,15.93237,-0.0062701963,-3.4749195e-05,5.655004,0.06544294,0.1426678,196,-0.09334611,-0.13599816,0.87409705,0.031733867,0.064704545,1.0160782,0.028185423,0.059243478,0.79315495,0.4440285,0.45652723,0.00367079,-0.25413674,-0.27265358,1.1327211,0.17567132,0.19205868,25.01198,0.008144055,0.021541536,0.015157605,-0.13017966,-0.21967064,5.0916667,0.6397906
27.740223,0.006565064,0.015336835,0.071549065,-0.16176774,-0.21477357,0.60924476,-0.19780469,-0.07490769,0.060591485,-0.17449656,-0.20408198,11.059617,0.51609975,0.86158603,12.453063,0.435388,0.60569525,5.706102,0.33569965,0.5167086,0.22591117,-0.23725663,-0.34941718,2.5511658,0.31417575,0.37869972,1.6112218,-0.05216777,-0.061792623,0.42210677,-0.27964473,-0.2977105,6.9701753,-0.0049008075,0.000854604,0.8771385,0.044728547,0.13430919,361,-0.07741381,-0.13324144,0.8917321,0.030072689,0.07017122,1.0171654,0.02730102,0.06406071,0.44420743,0.4148547,0.5195555,0.053811546,-0.23926353,-0.26992163,0.20429032,0.18517442,0.1201221,5.5031333,0.011083265,0.02185311,0.11743895,-0.09340585,-0.28765908,5.1,0.64083767
33.09205,0.0067470614,0.014692642,0.046359293,-0.14442392,-0.24804087,0.4806694,-0.20076624,-0.2068782,0.050774705,-0.16841866,-0.18758707,15.463623,0.46802992,0.8407109,17.260523,0.4091515,0.5903017,8.140823,0.31514883,0.4912648,0.23112307,-0.22716849,-0.39741662,3.651149,0.29229558,0.29871958,1.5503943,-0.053180937,-0.0495205,0.284836,-0.26372746,-0.25314036,7.7206974,-0.003196153,-0.0041033817,3.7524178,0.028762141,0.12202157,321,-0.06802631,-0.098322995,0.88111967,0.026349504,0.039772186,1.0164868,0.024451219,0.03426711,0.5540378,0.3869892,0.50951284,0.045488823,-0.22968361,-0.24384505,0.620753,0.1927878,0.28252685,7.775847,0.015056264,0.012328514,0.096447356,-0.060393486,-0.2359357,5.108333,0.6418848
22.322672,0.006900057,0.013784593,0.092474386,-0.118994325,-0.13065225,0.5857506,-0.20446049,-0.25624612,0.07075769,-0.15849796,-0.14551543,8.661261,0.41672677,0.8098546,10.112158,0.38099414,0.56449383,3.881915,0.2906017,0.43860438,0.29013595,-0.21101369,-0.36334875,2.4836514,0.25849152,0.21970049,1.5782417,-0.05164135,-0.051030047,0.41686225,-0.23412478,-0.15808426,6.488757,-0.0016567622,-0.009475616,0.7038139,-0.0040180413,0.096312016,356,-0.055068918,-0.040431887,0.8831275,0.024457155,0.017439833,1.0166076,0.023420041,0.012358182,0.32271487,0.3452105,0.3958756,0.060605347,-0.21565457,-0.17885739,0.18834008,0.18622339,0.28972188,5.2726,0.018082762,0.0030039544,0.15787332,-0.010244283,-0.022410436,5.116667,0.64293194
630.4492,0.007175185,0.019552309,0.009888909,-0.11025663,-0.117860846,0.55216306,-0.21052204,-0.165285,0.012782744,-0.15417758,-0.13020375,72.54243,0.3702976,0.25822774,161.88503,0.35574442,0.33261165,51.77679,0.2714264,0.33735514,0.17919578,-0.1963444,-0.3539252,7.365149,0.25057086,0.2742025,1.4603115,-0.054363757,-0.04159906,0.1617341,-0.22617215,-0.17761056,35.88285,0.0007125876,0.031243987,0.67125964,0.030087536,-0.071001604,205,-0.05209401,-0.032161728,0.877563,0.023120048,0.023981875,1.0165169,0.023133315,0.025115892,0.74809545,0.31773055,0.36832073,0.0057280855,-0.20832552,-0.17344956,0.18585788,0.20016778,0.09272684,53.980377,0.02454352,0.0994838,0.0179094,0.014396131,-0.015191102,5.125,0.6439791
69.64983,0.0041198204,0.02143329,0.033909313,-0.088690326,-0.22853911,0.42861462,-0.21178453,-0.253265,0.029577568,-0.14210801,-0.19066715,27.1308,0.2957498,0.33043772,33.73402,0.28693274,0.38177887,10.143155,0.20741154,0.37564248,0.35684192,-0.16878544,-0.22653373,3.843106,0.20633347,0.3691314,1.483734,-0.048062284,-0.13568142,0.2740875,-0.20411325,-0.29564747,11.505856,-0.0041403845,0.040501464,2.5366764,0.07743457,-0.015287818,241,-0.034244537,-0.14243051,0.8884643,0.023958124,0.01781383,1.0171956,0.02405756,0.025991257,0.4456212,0.27419966,0.36918527,0.023787947,-0.19231436,-0.25236994,0.03556415,0.21647839,0.057623338,11.343613,0.010853796,0.11893564,0.07911376,0.05742381,-0.1157372,5.133333,0.6450262
20.858496,0.0007951988,0.020884225,0.091367856,-0.050926518,-0.096193135,0.53723377,-0.2075928,-0.22571404,0.07789043,-0.117817916,-0.13780348,7.600269,0.20926994,0.29510662,9.216537,0.21000403,0.36319417,3.4808311,0.13644128,0.3354314,0.33006328,-0.14451718,-0.13026804,2.2833395,0.14713222,0.2686278,1.5758338,-0.032091968,-0.11690778,0.4573931,-0.16474107,-0.15804304,6.231917,-0.010271022,0.037462812,0.99768776,0.115310065,-0.10776926,362,-0.0014544012,-0.10475534,0.88734055,0.025014445,0.029555881,1.0168942,0.024290413,0.037842177,0.26192498,0.2188529,0.19055167,0.0642311,-0.16325963,-0.20310378,0.14634544,0.24564482,-0.041077223,4.8227286,-0.005584606,0.109100215,0.17007096,0.12612636,0.07741422,5.141667,0.6460733
22.556606,-0.0024293952,0.020894725,0.085248634,-0.025326539,-0.11744017,0.71843076,-0.19484289,-0.16108917,0.07532341,-0.10036719,-0.12890235,8.489038,0.12814263,0.2943328,10.395369,0.13675933,0.36384848,5.3887243,0.07198471,0.34843364,0.37172082,-0.12669292,-0.050888535,2.244862,0.10285391,0.2510821,1.5929149,-0.017079799,-0.106079325,0.46791294,-0.13997424,-0.11733304,6.080542,-0.015834862,0.036629632,0.5109905,0.16156533,-0.1142427,420,0.026641985,-0.045945324,0.88750726,0.029160675,0.03782269,1.0168942,0.027544565,0.046178803,0.26770252,0.18628767,0.15691037,0.061510406,-0.1422649,-0.20072474,0.20910266,0.2651914,-0.036757566,4.661564,-0.02061899,0.10706515,0.1186595,0.16556765,-0.025463162,5.15,0.6471204
30.667591,-0.0055760285,-0.0060245926,0.057660487,-0.0114580095,0.023030339,0.43940654,-0.19043133,-0.21600977,0.052838214,-0.08849086,-0.050811924,13.293574,0.050258193,0.02811976,15.763531,0.066251434,0.026251573,5.3527637,0.010586059,-0.052159324,0.28120506,-0.123883784,0.04836325,3.9495695,0.06893344,0.000112889764,1.5406127,-0.0029475307,-0.04681935,0.2652785,-0.1297695,-0.03476232,7.742727,-0.020850668,-0.02080531,5.6900992,0.22281092,0.054249126,287,0.042309854,0.029405007,0.8825316,0.035364218,0.047200944,1.0165774,0.03281463,0.04793595,0.42120364,0.1722213,-0.042991385,0.044559095,-0.12860334,-0.09865311,1.4150704,0.29652342,0.21898031,8.303976,-0.034595497,-0.045061056,0.13122356,0.19681178,0.27181637,5.1583333,0.64816755
52.210056,-0.0073442524,-0.006807322,0.051499184,-0.0056997095,0.07475268,0.57020277,-0.18001989,-0.14704606,0.031341385,-0.0820157,-0.047373265,24.594496,0.030629925,0.016723799,21.906694,0.03976118,-0.0010741024,8.534637,-0.014033103,-0.06603923,0.26034,-0.12459841,-0.04553007,4.134987,0.055134468,0.021559661,1.5030003,0.00585668,-0.032601386,0.24353753,-0.12736396,-0.059124164,9.425564,-0.0247546,-0.025051257,2.6303964,0.32086688,0.057395484,268,0.053614516,0.054215483,0.8733602,0.040690612,0.018691693,1.0160328,0.03730308,0.014124002,0.51048553,0.17403166,-0.003325384,0.035186753,-0.12222141,-0.06869008,0.1799973,0.33516803,0.24902965,9.631367,-0.044185687,-0.050763726,0.09031731,0.19974875,0.30120888,5.1666665,0.6492147
25.447552,-0.009266192,-0.0066013564,0.07596215,0.011116161,0.029452791,0.50286907,-0.1675625,-0.16378415,0.06256432,-0.065474994,-0.0772524,10.389228,0.0015887844,0.029254965,10.43915,0.0096168555,0.0017506046,4.3029637,-0.04270453,-0.05894505,0.28670967,-0.11980026,-0.08771177,2.4804394,0.022640446,0.036042124,1.5692658,0.02395648,-0.03744836,0.41786602,-0.103914686,-0.09064476,6.497266,-0.029422829,-0.024509668,0.77871996,0.4107796,0.050044328,378,0.078537665,0.06891799,0.88636315,0.050015714,0.016846757,1.0168037,0.045548916,0.011492875,0.36328533,0.16371019,0.058658756,0.062265124,-0.10737403,-0.073857844,0.20908584,0.37516326,0.2620828,5.401528,-0.05572924,-0.048836026,0.15105751,0.21870273,0.25132716,5.175,0.65026176
36.656082,-0.011100848,-0.005968546,0.060348064,0.013735339,-0.0437664,0.6286296,-0.15567768,-0.20752384,0.06202777,-0.054244775,-0.10317301,12.175279,-0.0211287,0.04581774,16.286737,-0.015945455,0.015361934,7.866773,-0.06396589,-0.037561964,0.24440338,-0.12880728,-0.21158761,4.1041155,0.006550064,0.17265591,1.6110423,0.040368475,-0.024070902,0.28091422,-0.0978885,-0.23976554,8.283199,-0.03366045,-0.020013971,21.697844,0.525261,0.7613266,310,0.094271645,-0.032161728,0.8968047,0.05870925,0.034395896,1.0175563,0.05321703,0.030745927,0.51080203,0.1790119,0.20731962,0.04636935,-0.101422615,-0.113657795,1.7510294,0.43405488,0.5828809,11.238466,-0.065945745,-0.026931515,0.09599939,0.21120033,0.1918784,5.1833334,0.6513089
34.240417,-0.012955634,-0.005808191,0.059135452,0.02152297,-0.03942932,0.66584945,-0.14210437,-0.0972297,0.063973136,-0.044851597,-0.08146484,12.443578,-0.042108197,0.04199859,17.532383,-0.040720053,0.019448666,8.963364,-0.08568748,-0.006406092,0.22964269,-0.12859277,-0.26175615,2.7536714,-0.0197814,0.084784,1.584388,0.050701898,0.008233977,0.3805746,-0.08506608,-0.14782348,7.30804,-0.037987676,-0.020901183,1.0288506,0.52879435,0.60483974,377,0.11040227,0.05053986,0.89307094,0.06306846,0.054289117,1.0172557,0.05638699,0.05047168,0.56641203,0.18471289,0.29611784,0.045404818,-0.095685504,-0.11143472,-0.14090757,0.43755075,0.25915942,6.2114234,-0.07809993,-0.033900805,0.088812046,0.2115381,0.08061187,5.1916666,0.652356
24.021057,-0.012517215,-0.0070733656,0.07760538,0.009635332,0.037334967,0.5227694,-0.14271493,-0.12033321,0.07824027,-0.049751136,0.009967226,8.300179,-0.0060209376,-0.031213962,9.557281,-0.01621518,-0.009083237,4.374577,-0.06593811,-0.042303257,0.35307604,-0.1307863,-0.17152692,2.4410598,-0.0030705396,-0.03968201,1.5732337,0.045737155,0.060064267,0.43376854,-0.09746841,0.0038748633,7.0718036,-0.037472308,-0.025705287,0.4469552,0.53747827,0.5315376,350,0.10134532,0.1258902,0.88985914,0.06387142,0.085431196,1.0170299,0.056527786,0.07946724,0.29633215,0.20525303,0.1651582,0.06794906,-0.10399314,-0.025315372,0.25358415,0.4422349,0.27446917,5.2211914,-0.07734317,-0.048588987,0.14845051,0.18654363,0.23312424,5.2,0.65340316
28.22601,-0.011882143,-0.0069486634,0.06422335,-0.015328484,0.0028174536,0.5776823,-0.14700241,-0.08389371,0.06185668,-0.06459651,0.008587636,11.710859,0.037921302,-0.025275696,15.188089,0.014431088,0.0018886408,6.5158567,-0.0413433,-0.023208201,0.2817251,-0.13677312,-0.17637675,2.4547012,0.036371585,-0.041573197,1.599616,0.03375912,0.08246185,0.43552315,-0.13225609,0.017955435,6.4864273,-0.03584038,-0.025727408,0.9737581,0.5668013,0.53808534,370,0.08184312,0.11853894,0.90246564,0.06516508,0.11582496,1.0178565,0.05764767,0.11007855,0.44266975,0.23882754,0.21370356,0.04769493,-0.12583752,-0.06361475,-0.09558726,0.41628373,0.21108188,5.168223,-0.07346978,-0.049366016,0.11117415,0.14086182,0.12849028,5.2083335,0.65445024
29.022127,-0.008935273,-0.0072912895,0.05926793,-0.0439538,-0.00035863364,0.5014704,-0.15350445,-0.1458295,0.059404604,-0.083748385,0.003473625,11.518676,0.09740854,-0.0282259,14.870105,0.06089014,-0.0013843245,5.789595,-0.0072136307,-0.04113217,0.2600978,-0.13518667,-0.16110656,2.754489,0.10241128,-0.14074075,1.5887492,0.0062830574,0.06601014,0.38858765,-0.18298797,0.103818856,7.0745435,-0.02973502,-0.028194316,5.0921526,0.5963119,-0.019398736,359,0.047069713,0.16356535,0.89670706,0.05729529,0.11564068,1.0174812,0.051839568,0.107894406,0.4241646,0.266914,0.1607228,0.046015974,-0.15185271,-0.064543635,0.9359708,0.40565887,0.04150882,5.890935,-0.057075046,-0.06717608,0.1181883,0.09166371,0.18670286,5.2166667,0.6554974
27.293262,-0.006001016,-0.0076030907,0.06921753,-0.064251,0.029287346,0.692054,-0.149406,-0.13306598,0.059989985,-0.10051584,-0.0042917593,12.161665,0.15593024,-0.029492572,16.349167,0.10659874,-0.0041180127,7.294502,0.026607715,-0.055532783,0.33934042,-0.12396742,-0.054374136,4.8187757,0.16575396,0.010998497,1.5320039,-0.02069298,0.027352193,0.21066746,-0.22858757,-0.03167238,7.738086,-0.023664642,-0.027316578,19.328762,0.602098,0.5949635,312,0.017518925,0.10383643,0.8838665,0.04899492,0.0982672,1.016668,0.045683715,0.09080322,0.3902377,0.28729844,0.05298821,0.04462479,-0.17494273,-0.06659403,2.1140838,0.37430978,0.5106601,10.835548,-0.040917736,-0.051775333,0.10001753,0.04384067,0.21610044,5.225,0.6565445
24.501451,-0.003055463,-0.0075815297,0.08675558,-0.086672686,0.05619315,0.5920816,-0.15437913,-0.09930591,0.07804646,-0.11834768,-0.004669598,8.90198,0.2147324,-0.026788596,10.849933,0.15141459,-0.0011314903,4.74159,0.058916494,-0.05236583,0.37856022,-0.12008733,-0.029578866,2.4269435,0.21886218,0.009961264,1.5721915,-0.04487172,0.026582979,0.42563328,-0.26744533,-0.038159784,6.2546196,-0.017634746,-0.028984478,1.3742392,0.56610537,0.62609416,381,-0.010709682,0.13232253,0.8873535,0.04115266,0.09353769,1.0168641,0.040018126,0.08598222,0.31620786,0.31039482,0.06514266,0.06403432,-0.1954819,-0.07688434,0.23266178,0.25029814,0.50630724,5.1916084,-0.025899641,-0.051873863,0.1465264,0.0027788829,0.21105252,5.233333,0.65759164
47.431103,-2.0706168e-05,-0.006719569,0.03455789,-0.121824816,-0.031036993,0.50801986,-0.1592997,-0.1332366,0.034280773,-0.14460419,-0.058430403,24.950073,0.27960175,0.03269697,29.336761,0.1987744,0.03155739,12.573491,0.09540421,-9.449301e-05,0.1324648,-0.12786533,-0.17480442,4.198118,0.28270894,0.13806367,1.5559245,-0.073759615,-0.005660111,0.2522848,-0.31852704,-0.18428192,8.443733,-0.011054937,-0.024989551,6.884572,0.53058493,0.82453126,296,-0.04951575,0.064323455,0.88649476,0.03140639,0.063392386,1.0168189,0.0326178,0.05580952,0.722843,0.34725425,0.23647493,0.029154813,-0.22324371,-0.1256191,0.87411785,0.12402879,0.70805454,8.848013,-0.0098140715,-0.039618243,0.06802469,-0.059033312,0.09784995,5.241667,0.6586387
44.156647,0.0029030065,-0.006040304,0.054072615,-0.14360121,-0.046313617,0.7217851,-0.15948325,-0.02592731,0.039435383,-0.16451804,-0.09736154,21.085814,0.33599463,0.0756834,26.882778,0.24036373,0.05931129,11.099591,0.1238723,0.045725472,0.3388332,-0.11540849,-0.09819734,3.9213076,0.3274395,0.2237989,1.527829,-0.10213574,-0.050617326,0.26144558,-0.3510588,-0.28567043,9.4180155,-0.00484331,-0.020206444,1.69017,0.46037883,0.7103203,270,-0.07979374,-0.017459223,0.87540025,0.0218749,0.023175368,1.0161539,0.025419382,0.017212702,0.4926939,0.35348937,0.27838215,0.030931592,-0.24230424,-0.16527008,0.15732138,-0.027188944,0.5460564,8.705128,0.004758901,-0.030245516,0.07491511,-0.10031677,-0.015677202,5.25,0.65968585
216.45552,0.005762514,0.002449651,0.009972865,-0.16389844,-0.22052032,0.35719374,-0.16922487,-0.18902856,0.007309882,-0.17892858,-0.20006442,129.53958,0.38662595,0.6030781,149.78691,0.27795842,0.36760384,33.915386,0.14772457,0.27543712,0.24348873,-0.10753405,-0.191458,5.721181,0.3650551,0.29010564,1.4164884,-0.124094166,-0.13586444,0.16709244,-0.37338325,-0.320419,14.381726,0.000904725,-0.00664655,3.2898664,0.44097468,0.17186461,168,-0.10279972,-0.14978176,0.87979484,0.015744478,0.015489959,1.0164112,0.021598453,0.009744499,0.7034303,0.35360035,0.46990654,0.0063217743,-0.25575826,-0.2659538,-0.39996758,-0.14619963,0.023007613,15.073359,0.019162698,-0.0161314,0.027920043,-0.13194259,-0.20482488,5.258333,0.660733
45.145584,0.007616014,0.0033761982,0.05589877,-0.16439167,-0.3112536,0.50743926,-0.15509951,-0.2302555,0.051851097,-0.17686307,-0.25113377,13.859624,0.36082095,0.62535346,19.852383,0.26747483,0.38840297,6.523659,0.14096159,0.29081458,0.2916541,-0.10131613,-0.27601486,5.041584,0.38165808,0.48222363,1.5288801,-0.1349902,-0.16782697,0.20979099,-0.38036704,-0.4925409,10.857253,0.0053805923,0.0027475806,5.984579,0.41874668,0.32664233,301,-0.10240307,-0.22329427,0.8952257,0.012725166,0.03034898,1.0173761,0.021181738,0.024630899,0.42698264,0.33622667,0.53764784,0.03619902,-0.25316146,-0.339122,-1.273966,-0.24697164,-0.29044655,12.769188,0.03884683,0.009105887,0.11015854,-0.14207512,-0.3002359,5.266667,0.6617801
820.3289,0.016319942,0.038065292,0.018765235,-0.16947258,-0.3576913,0.5521898,-0.14601299,-0.2087415,0.013325837,-0.17625198,-0.2919866,64.08935,0.34935004,0.8012115,109.91727,0.28162396,0.57457495,25.131289,0.14613017,0.39917582,0.34849674,-0.08506564,-0.06582265,7.309421,0.3880328,0.7108353,1.3276076,-0.15238494,-0.33631825,0.14038828,-0.3751521,-0.58177197,39.67191,0.0192828,0.066485345,1.0191598,0.3655563,0.12972948,147,-0.11027005,-0.36021134,0.84342253,0.004066042,-0.050950665,1.0151975,0.015701704,-0.022519449,0.5055475,0.31818953,0.40476674,0.007769882,-0.2503774,-0.39533466,0.53575903,-0.28783855,-0.36084214,60.43568,0.06931473,0.18091969,0.033983305,-0.15970199,-0.3895434,5.275,0.66282725
31.206154,0.023613462,0.03748405,0.074941695,-0.16850816,-0.29632658,0.60015243,-0.14272562,-0.26798546,0.061478786,-0.17023402,-0.24901175,11.550296,0.35145682,0.7583671,15.132577,0.31377283,0.5474275,5.6866493,0.17878798,0.35246754,0.29488838,-0.08240698,-0.10857959,2.7892203,0.37267506,0.62765205,1.5941267,-0.15568334,-0.28739256,0.39722392,-0.35287407,-0.47349653,7.8109922,0.029234184,0.063205354,0.9057184,0.31044543,0.10339397,377,-0.10465078,-0.26188836,0.9024219,0.003596684,5.312172e-05,1.0178864,0.014638198,0.027860535,0.41520977,0.3052959,0.35738343,0.04692513,-0.24134153,-0.35329387,0.48199132,-0.3434251,-0.29329452,6.078922,0.083835915,0.17217305,0.1248711,-0.16709983,-0.25848398,5.2833333,0.6638743
27.753326,0.030922387,0.029014744,0.07014857,-0.17333466,-0.11938219,0.67458403,-0.1420008,-0.11339335,0.05910981,-0.1626285,-0.14802483,11.900568,0.35266292,0.22979927,11.923683,0.3450438,0.22891036,6.7646365,0.21212931,0.11818371,0.28592417,-0.08842433,-0.06729124,3.885873,0.35591805,0.4927977,1.5767834,-0.15869112,-0.16909947,0.27160344,-0.32972327,-0.390155,7.435447,0.039124962,0.049027763,17.527763,0.26773185,0.5813868,357,-0.10306416,-0.08821502,0.88890934,0.0010956754,0.017256904,1.0170149,0.011391236,0.04541517,0.4175161,0.2951737,0.18254043,0.05899522,-0.22953086,-0.21483587,-2.4667253,-0.39731035,-0.72328377,8.370208,0.09846713,0.14984807,0.10398789,-0.1807485,-0.058920063,5.2916665,0.66492146
27.073044,0.038283393,0.028203616,0.0583386,-0.18173414,-0.112207964,0.6155252,-0.14290115,-0.06074767,0.061178587,-0.15368484,-0.12984034,12.048389,0.353662,0.22166115,14.072542,0.37741745,0.2155567,7.777111,0.24691558,0.12899975,0.31958365,-0.09210255,-0.04011668,2.6097708,0.33689007,0.31411347,1.5515051,-0.1636187,-0.15240283,0.3982246,-0.30176854,-0.23988996,7.131834,0.049211364,0.04142406,0.29259992,0.18660773,0.39029643,334,-0.10835289,-0.057891108,0.8859359,-0.0013758214,-0.0002778188,1.0167887,0.008085414,0.028335877,0.4175198,0.28684455,0.1767537,0.05237884,-0.22101395,-0.1723054,0.15668169,-0.32068345,-0.4256373,5.4340787,0.113311425,0.12541834,0.094778575,-0.19834666,-0.09926939,5.3,0.6659686
31.720896,0.045651846,-0.0071905833,0.060054563,-0.17833774,0.0092017315,0.6542215,-0.14406364,-0.011050872,0.053859193,-0.13929878,-0.050818257,13.191065,0.35200584,-0.007031671,15.844561,0.4080972,-0.0017874762,7.7395988,0.2776624,-0.021073166,0.28577894,-0.09283026,-0.1011391,2.5497653,0.31439763,-0.035615485,1.5523506,-0.16578938,0.01345106,0.40462807,-0.26739898,-0.029173855,7.6798434,0.05922992,-0.02387283,0.17206213,0.1119526,0.36185777,343,-0.11053449,0.12221456,0.8883648,-0.004224638,0.08455154,1.0169395,0.004461768,0.07899378,0.42468113,0.26776516,0.12730207,0.044839367,-0.20617068,-0.07486414,0.11761647,-0.23473543,-0.51263195,5.6598406,0.12819402,-0.05701374,0.09179547,-0.19713648,0.052400738,5.3083334,0.66701573
29.862951,0.0531223,-0.0072508687,0.055195425,-0.18036641,-0.048861414,0.5303372,-0.15155289,-0.04505594,0.05837134,-0.12506747,-0.056876406,12.106458,0.35306823,-0.004532759,15.056694,0.44058573,-0.0019627952,6.7899375,0.31120598,-0.011552894,0.36361292,-0.10574132,-0.0342723,2.4856927,0.3030412,-0.057918023,1.5671023,-0.16601843,-0.006492179,0.41691867,-0.24364571,-0.01346841,7.1401267,0.069471054,-0.02524209,0.45676333,0.07394713,0.34678552,340,-0.11621988,0.08821502,0.8815237,-0.0067358688,0.045105956,1.0165169,0.0011547818,0.039169595,0.3430572,0.26419574,0.08317914,0.04693395,-0.19194505,-0.07484096,0.3987397,-0.120706566,-0.52995247,5.429742,0.14444159,-0.059175845,0.10407609,-0.19979347,-0.0021549347,5.3166666,0.6680628
57.183296,0.06066269,-0.0059299967,0.05986338,-0.18184036,-0.079104625,0.7592071,-0.1489523,-0.0038383564,0.0749758,-0.11040604,-0.025944738,9.297484,0.35586745,-0.01622876,12.176581,0.47418317,-0.001378502,8.840679,0.3477758,0.0063612834,0.23215656,-0.12685551,-0.08658649,4.988734,0.29896992,0.023117714,1.4597218,-0.16687763,-0.092880204,0.21653113,-0.22646642,-0.057385433,12.090414,0.08009472,-0.015741143,4.5072966,0.043005627,-0.09033592,313,-0.12692957,0.047783136,0.8916998,-0.009428121,0.050373,1.017346,-0.002326778,0.048798617,0.46492985,0.27129734,0.11217372,0.057248123,-0.17599843,-0.079433404,0.38019493,-0.0117468955,0.06234976,47.096268,0.16161998,0.06980211,0.07884987,-0.21029405,-0.068104506,5.325,0.66910994
2391.6345,0.06859083,0.10019593,0.011246011,-0.18739697,-0.21757859,0.34207138,-0.16677937,-0.13703021,0.014486937,-0.100297235,-0.11697279,63.926945,0.39612445,0.21686855,168.41165,0.5315274,0.35520425,28.169476,0.39648056,0.18232702,0.38272214,-0.13650362,-0.025154753,5.841096,0.28264678,0.2605483,1.3604945,-0.16375205,-0.2338405,0.19488508,-0.19541807,-0.21953706,84.03422,0.090273164,0.14121923,0.07981593,0.0053598974,-0.09747947,127,-0.14292797,-0.14243051,0.85494417,-0.015237173,-0.008124477,1.0150756,-0.009529857,-0.0010175729,0.5433835,0.27650264,0.18914221,0.0054990593,-0.16616093,-0.20266211,0.61181897,0.09103509,0.15704115,67.617714,0.16202387,0.276906,0.032876212,-0.2146871,-0.23050527,5.3333335,0.6701571
1133.6716,0.06265506,0.14965354,0.0035438752,-0.16667025,-0.38374612,0.3540206,-0.16367853,-0.28324983,0.0055953376,-0.074064486,-0.21106593,158.62717,0.4016629,0.8703325,305.67963,0.53388846,1.0248349,88.66536,0.41775313,0.8806355,0.20867945,-0.15541016,-0.10017011,8.337443,0.24080399,0.685814,1.3246372,-0.14004607,-0.40188646,0.13769507,-0.14628293,-0.43240085,43.773605,0.08007977,0.21488781,0.35482365,-0.009475183,-0.09134383,128,-0.1336727,-0.3399954,0.85066664,-0.012068099,-0.0792804,1.0148469,-0.00891011,-0.06186869,0.6788931,0.2639606,0.3445986,0.002903604,-0.13876419,-0.31289494,0.3283958,0.1632741,0.20089382,45.756523,0.13583896,0.41044885,0.010010364,-0.18698199,-0.4450684,5.3416667,0.6712042
38.618996,0.052557044,0.15004651,0.06165122,-0.12754594,-0.3647631,0.62253124,-0.14172105,-0.23834465,0.07553295,-0.0337457,-0.17760839,8.785367,0.3276045,0.85541034,10.467491,0.44830474,1.014232,6.700633,0.34930533,0.8798649,0.19780812,-0.1577706,-0.26149294,2.5775661,0.15790576,0.69256467,1.605051,-0.10177904,-0.37388134,0.42081854,-0.07597572,-0.42929092,8.101283,0.064348556,0.21684957,1.3008037,-0.016818268,-0.06300781,334,-0.10656794,-0.34550884,0.89169264,-0.005756036,-0.060086396,1.0171504,-0.0042224014,-0.04344917,0.46577656,0.22598405,0.41964424,0.063394815,-0.096707605,-0.26962572,0.12494834,0.24151622,0.1439315,6.749493,0.10395969,0.4148443,0.09903313,-0.1350656,-0.45829856,5.35,0.6722513
45.892044,0.042413443,0.14953975,0.053208757,-0.07694954,-0.38433078,0.6087225,-0.10960152,-0.3116416,0.06832721,0.0066561266,-0.1905702,10.99659,0.25386065,0.8630447,13.68736,0.3630168,1.0177225,8.595833,0.27959788,0.87775207,0.26806164,-0.1414193,-0.22655843,2.553095,0.0734571,0.5135994,1.5849221,-0.06547541,-0.28148717,0.41487294,-0.0026521413,-0.27112466,8.572892,0.048426937,0.20967019,1.5318471,-0.021706883,-0.16289921,298,-0.073513374,-0.35929245,0.89419097,0.0002796184,-0.0553842,1.0173309,0.00040144546,-0.043886453,0.48330465,0.1754246,0.43088084,0.0548949,-0.053809524,-0.2758114,0.38892403,0.33462828,0.14574759,6.839552,0.07167387,0.28076845,0.08741053,-0.07576751,-0.43583968,5.358333,0.6732984
32.17346,0.032209113,0.043642737,0.0889207,-0.0170606,-0.15593131,0.6311639,-0.064916454,-0.17083254,0.08537946,0.04727264,-0.052361175,6.9501643,0.17959829,0.60704035,7.787395,0.276573,0.6466186,4.211994,0.20806356,0.67102295,0.30545318,-0.11983852,-0.30173868,2.182563,-0.0057610557,0.24477851,1.5834363,-0.028399395,-0.11696259,0.48075852,0.066126004,-0.043156948,7.509628,0.032290522,0.05348091,1.601631,0.017773183,-0.11180904,334,-0.03411232,-0.1690788,0.88146436,0.0025479982,-0.005326891,1.0165472,0.0014148288,-0.0010939471,0.28794807,0.11521496,0.27467632,0.076200224,-0.006608961,-0.08996553,0.61181086,0.3794516,0.14574589,5.844512,0.039649587,0.07503153,0.1408837,-0.012740154,-0.1524822,5.366667,0.67434555
50.633995,0.022000799,-0.0049660103,0.05841681,0.034249816,0.0054204715,0.61203533,-0.019736744,-0.04516065,0.072269864,0.08621708,0.07762463,9.873275,0.106674574,-0.061330844,12.505014,0.19102257,-0.030727597,7.47579,0.1392127,-0.02956191,0.25391254,-0.099701524,-0.2577283,2.8622677,-0.08300859,-0.15752523,1.5858341,0.008241404,0.0757932,0.37502024,0.13075182,0.14609629,8.554392,0.016111692,-0.0184027,7.003718,0.055972666,0.11140678,337,0.008990844,0.022972662,0.8929672,0.0043875948,0.07451618,1.0172256,0.0019062089,0.06807785,0.45962763,0.062215336,0.14059053,0.057060324,0.03869769,0.052391425,0.961134,0.41413248,0.27738717,8.458845,0.00760206,-0.04918917,0.095446795,0.03660127,0.071660176,5.375,0.6753927
39.310226,0.011890365,-0.0049349866,0.059092715,0.08175393,-0.0021027008,0.63932663,0.02167125,-0.036980074,0.080552936,0.12008882,0.08741137,8.520005,0.036965586,-0.06252315,9.454989,0.10815461,-0.033066865,7.4252324,0.07237753,-0.02330934,0.2637093,-0.077737294,-0.19360852,2.3328636,-0.13918154,-0.17550543,1.5943485,0.04292798,0.06789505,0.459722,0.1859661,0.17711958,7.678258,0.00066407357,-0.019266108,1.8339015,0.06855755,0.12930387,334,0.047796912,0.022972662,0.88618207,0.006275684,0.06411483,1.0167887,0.0025403583,0.05756066,0.42260212,0.014905097,0.11418839,0.07258722,0.078029595,0.076554686,0.3513204,0.41261476,0.32448393,6.237177,-0.019743696,-0.05089545,0.09242962,0.08274986,0.05433587,5.383333,0.67643976
29.52888,0.0017544436,-0.005669396,0.08933383,0.12924771,0.104121715,0.55296206,0.057481974,-0.06413947,0.10828737,0.15097472,0.165316,5.3635597,-0.031365965,-0.08783311,7.8576555,0.026800616,-0.046535727,3.5950944,0.0047874087,-0.06646072,0.39510268,-0.04873412,-0.07000162,2.0989544,-0.19444843,-0.20887469,1.5790077,0.07729834,0.06353044,0.5036689,0.2385652,0.24792926,6.5216374,-0.01479785,-0.023452789,3.2471275,0.07715555,0.18688905,378,0.086867414,0.09648518,0.8783776,0.0069455355,0.034266848,1.0163356,0.002076889,0.028615642,0.18570313,-0.033998746,-0.067801684,0.07391591,0.11050829,0.12655354,0.8083588,0.41473427,0.4117474,5.5416803,-0.047257155,-0.055218037,0.1615551,0.13416947,0.24885404,5.391667,0.6774869
32.049828,-0.008268681,-0.0056749447,0.09805374,0.16537973,0.13097705,0.79985803,0.102341056,0.018026825,0.09879505,0.17403059,0.19147046,6.191508,-0.097576626,-0.09124185,8.348734,-0.05337131,-0.04523882,4.9897685,-0.05776899,-0.0597493,0.33306694,-0.03749944,-0.043134306,2.147047,-0.23156585,-0.21148431,1.5848997,0.104627416,0.06461037,0.48996574,0.27114475,0.2552715,7.244962,-0.029262865,-0.02399298,2.6049068,0.08373732,0.22057089,335,0.11899646,0.09740409,0.8873308,0.010605524,0.045339826,1.0168641,0.004846088,0.03783222,0.2786234,-0.061163284,-0.07350395,0.07326744,0.13842581,0.11884438,0.75729424,0.40468746,0.44201523,5.840533,-0.06505109,-0.05523129,0.12258892,0.15797381,0.20085773,5.4,0.67853403
34.146313,-0.011305252,-0.006414943,0.08034112,0.17770015,0.19544467,0.7173308,0.12955473,0.06931337,0.104158826,0.18256772,0.25363982,6.013268,-0.14419232,-0.10858538,7.805145,-0.10400838,-0.05609733,5.592271,-0.10453345,-0.07600219,0.32035437,-0.019161576,0.021511476,2.1363378,-0.24624953,-0.26482403,1.5995749,0.12067453,0.0747507,0.49786603,0.28407314,0.353234,7.1088867,-0.033180863,-0.026943306,2.459213,0.0798721,0.06800336,379,0.14041583,0.13599816,0.8833499,0.010555292,0.027186947,1.0166227,0.004481924,0.020298986,0.30598056,-0.07535267,-0.16746262,0.08024642,0.14986369,0.1797916,0.46308434,0.3848916,0.3383959,6.100432,-0.06856085,-0.06308603,0.11200011,0.15823455,0.24428532,5.4083333,0.67958117
30.55826,-0.011090018,-0.0068077473,0.10574029,0.1722527,0.33261007,0.9474982,0.14124948,0.21941529,0.090213746,0.17541039,0.27247414,6.9971204,-0.14107488,-0.11542791,7.4628844,-0.10147581,-0.060699858,5.656268,-0.100225106,-0.09126659,0.38513657,-0.003947887,0.13965635,2.0929065,-0.22485308,-0.28245553,1.5785027,0.121427454,0.063056916,0.4961105,0.27409977,0.3822517,6.9899645,-0.032032702,-0.028348137,2.6029577,0.06750411,0.09382201,381,0.14497736,0.17918676,0.87872624,0.007977835,0.013113884,1.0163809,0.0022767307,0.008440824,0.24609987,-0.07362744,-0.27539775,0.08458345,0.14724278,0.211325,0.61518127,0.36522174,0.3932922,5.6368265,-0.06294571,-0.065085515,0.11159946,0.13857873,0.29457736,5.4166665,0.6806283
43.417217,-0.010836555,-0.0061844126,0.08274709,0.15043552,0.31324202,0.9170154,0.13579202,0.3967357,0.07916466,0.16742434,0.21569774,8.482566,-0.13733405,-0.101413794,8.96292,-0.09794599,-0.058146268,7.4418774,-0.093904555,-0.058072694,0.3296845,-0.0058993064,0.076006554,2.141317,-0.1999979,-0.27934286,1.6078022,0.12456676,0.08430632,0.48023894,0.25902733,0.36356768,8.129122,-0.030673742,-0.025067206,1.9327239,0.048964445,0.04969502,335,0.14550623,0.13967378,0.86898065,0.008420772,-0.0046230867,1.0157598,0.0029004994,-0.00830036,0.34183496,-0.054825675,-0.17991959,0.07492195,0.1382575,0.21396947,0.49312624,0.33413163,0.327708,6.4560533,-0.056979056,-0.062040176,0.090235226,0.11220378,0.10746978,5.425,0.6816754
35.920013,-0.010600376,-0.0060107117,0.076595925,0.1224477,0.25014612,0.6615311,0.1128556,0.32936043,0.096962795,0.16047513,0.21212564,6.0085382,-0.1333224,-0.1022359,6.5167594,-0.093264475,-0.062378835,5.0317445,-0.087903015,-0.057710484,0.26937798,-0.014777861,0.014039215,2.1023471,-0.17174742,-0.2826273,1.6070611,0.12725312,0.10066083,0.4921265,0.23943664,0.36529076,7.5751677,-0.02927414,-0.024393247,2.437413,0.028648637,0.04407194,390,0.14583677,0.19021365,0.8735222,0.014790261,-0.030686928,1.0160328,0.009190305,-0.032474913,0.31322667,-0.027654095,-0.15875888,0.08940098,0.12343927,0.25637826,0.48903197,0.3014625,0.271896,6.152994,-0.050992165,-0.060999516,0.11578582,0.090145186,0.08962187,5.4333334,0.6827225
102.773186,-0.010373097,-0.0029306097,0.037741214,0.099571414,0.1248827,0.45754176,0.09764406,0.2028243,0.05240162,0.15078115,0.111222014,16.53736,-0.12859114,-0.05494975,24.222342,-0.088135205,-0.02444879,10.505718,-0.08145497,-0.01531234,0.24981913,-0.014700279,-0.054589342,6.8856277,-0.14312933,0.06633998,1.5820199,0.12958506,0.087705694,0.18410961,0.21975689,0.115087986,14.811726,-0.02792893,-0.008671491,4.3692985,0.0055319015,0.10819708,266,0.14398572,0.08637721,0.8979621,0.023375629,-0.0031060546,1.0175864,0.017621666,-0.004450954,0.61676526,-0.0035849458,0.031293012,0.035776243,0.105063,0.13948348,-0.2579085,0.27275237,0.12189334,31.88108,-0.045110397,0.024863474,0.08248693,0.069385625,0.012194083,5.4416666,0.68376964
40.10585,-0.0104983095,-0.0025020961,0.06293832,0.090833314,-0.00097485987,0.5816503,0.09817302,0.024629828,0.080203146,0.1486151,0.09170578,9.21055,-0.12898883,-0.04500451,12.351191,-0.08769573,-0.013154921,6.8269043,-0.07979312,-0.0052109156,0.27079403,-0.011639831,-0.16584103,2.3395758,-0.16435741,0.08446468,1.6155597,0.13376048,0.11505272,0.4577043,0.22958922,0.08446125,8.111083,-0.02842616,-0.0063832505,1.7376546,-0.01525876,0.079147235,332,0.15363766,0.041350793,0.8809801,0.029580275,0.0011481459,1.0164868,0.023576887,-0.0013739313,0.46792114,0.0011635495,0.16694173,0.059809227,0.09615705,0.0743617,0.5111478,0.28226614,0.100249164,6.3090158,-0.05049152,0.027102213,0.10820646,0.05712481,0.0032925413,5.45,0.6848168
40.162964,-0.0106533775,-0.0026481529,0.06197653,0.08246929,-0.062049907,0.6161431,0.101004764,-0.12191681,0.08251309,0.14946789,0.098233715,8.015086,-0.13059781,-0.04710496,10.173725,-0.088848464,-0.010357495,6.574843,-0.07861456,-0.012692557,0.28797686,-0.008314848,-0.20642126,2.404973,-0.18724091,0.10383756,1.5639057,0.13825361,0.08265846,0.44769457,0.24335419,0.058508962,8.291552,-0.029126199,-0.0060517252,1.2418455,-0.03521943,0.055953156,338,0.16857833,0.04410751,0.8892574,0.037587006,0.039420873,1.0170149,0.03120663,0.03512053,0.37337264,-0.0017690667,0.18622774,0.06500564,0.09667228,0.04829557,0.5432958,0.28659964,0.11068695,6.6195464,-0.056000214,0.027646732,0.100587875,0.043303583,0.030452715,5.4583335,0.68586385
44.037296,-0.0108560445,-0.0022838342,0.06576375,0.08602471,-0.0939015,0.73223084,0.103495985,-0.08748088,0.073543996,0.15638466,0.052577436,9.299301,-0.1337138,-0.03231912,14.065908,-0.09074662,0.0070839454,7.614809,-0.08061629,0.00959671,0.39137647,0.004849309,-0.08772059,2.4031832,-0.21367367,0.12594232,1.5939808,0.14602885,0.073005535,0.44824928,0.26397172,0.023519399,8.097006,-0.030275393,-0.004986635,1.2692331,-0.045381952,0.016735176,381,0.19092321,0.035837352,0.8896871,0.042556204,0.06993244,1.0170149,0.035889786,0.063678004,0.2925313,-0.017634371,0.17357203,0.04862166,0.10036033,-0.05889741,0.3472788,0.29851234,0.081195176,6.7176204,-0.06192581,0.029527232,0.08981286,0.04893439,-0.03768732,5.4666667,0.686911
38.439583,-0.011114218,-0.005171246,0.06826947,0.10116405,-0.004134312,0.6185451,0.11077137,-0.009060573,0.08429098,0.1685895,0.11474756,7.8230257,-0.13858555,-0.071473785,8.373403,-0.09499216,-0.029533206,5.974488,-0.08557017,-0.029503284,0.38454348,0.003920012,0.043361943,2.288296,-0.24287835,-0.2118594,1.5826125,0.15667166,0.07344289,0.4655274,0.28940883,0.24793398,7.7384567,-0.031550545,-0.019423416,1.4213322,-0.050283995,-0.08223356,375,0.2103593,0.13599816,0.89557797,0.04634474,0.06543232,1.0174361,0.03944766,0.05930952,0.27486703,-0.030169327,-0.03550649,0.0787506,0.11632942,0.05406546,0.60495085,0.32352298,0.2607132,6.4686165,-0.06811801,-0.055109512,0.11037105,0.0653731,0.035466645,5.475,0.6879581
35.474655,-0.011405923,-0.0053791027,0.06795348,0.12014505,0.010612592,0.7617371,0.12142669,0.07865476,0.09864102,0.18605813,0.15069325,7.1445055,-0.14453727,-0.080756806,10.055926,-0.09967392,-0.034836147,7.8999276,-0.09112175,-0.020244164,0.31156424,-0.003516727,0.083030075,2.2172701,-0.27334327,-0.22084615,1.5975001,0.16939251,0.060115438,0.48401016,0.31761092,0.2689114,7.4304204,-0.03295332,-0.020812672,1.6243254,-0.050210137,-0.08603823,367,0.23091924,0.16815989,0.8902066,0.04758909,0.0828475,1.0170902,0.040354803,0.0768565,0.39317712,-0.03989231,-0.081214145,0.07008219,0.13648213,0.08106908,0.4547007,0.3464215,0.24896938,6.0659733,-0.074480094,-0.05591897,0.08920858,0.08427453,-0.014374256,5.483333,0.68900526
35.074986,-0.011704584,-0.0056074606,0.08142183,0.14987843,0.06779077,0.7048507,0.13865276,0.12186179,0.097826175,0.20043308,0.18054701,6.809451,-0.15040693,-0.086173885,10.702976,-0.105093464,-0.033613373,5.7666483,-0.099326774,-0.027218077,0.2860185,-0.0037375004,0.08112466,2.327393,-0.3049969,-0.22654656,1.6220372,0.18033314,0.1030148,0.4681675,0.3462428,0.28523737,7.9845405,-0.034335222,-0.021439292,1.6772114,-0.048633706,-0.07142219,369,0.25253695,0.19664599,0.8917393,0.044150196,0.087532185,1.0171504,0.036778823,0.08079787,0.38012406,-0.061539415,-0.077085495,0.062239002,0.15996678,0.073796675,0.5073572,0.37214103,0.24149233,6.1613383,-0.080915995,-0.05744504,0.115516424,0.111243695,0.02479076,5.491667,0.69005233
36.645626,-0.011966793,-0.0059392126,0.08983736,0.17841332,0.1385783,0.92191607,0.16278875,0.21425225,0.08783384,0.20883226,0.20840587,7.3013506,-0.15474892,-0.09515095,7.7593775,-0.11108453,-0.04818389,6.581115,-0.10596704,-0.036137827,0.36943144,-0.0019095866,0.059772816,2.0868566,-0.33766702,-0.24978952,1.6239218,0.18815824,0.12511034,0.5019681,0.37420255,0.32807502,7.2402925,-0.03568775,-0.023187874,2.23809,-0.04697343,-0.03889585,413,0.26926255,0.226051,0.88351524,0.035609003,0.07588263,1.0166378,0.02834643,0.069833405,0.2718742,-0.08255976,-0.08971779,0.082649104,0.18823455,0.1632416,0.59183145,0.3941782,0.29237154,6.000364,-0.0872439,-0.05983388,0.09744635,0.13154306,0.044817213,5.5,0.69109946
35.25961,-0.012218219,-0.006081936,0.087780125,0.20304123,0.19594862,0.77174133,0.16907541,0.28886992,0.08933968,0.21785656,0.21824859,7.275781,-0.15934223,-0.09760979,9.615674,-0.11712145,-0.045313764,5.714781,-0.11447518,-0.03837884,0.29106373,-0.009098299,-0.031180017,2.1319673,-0.3695005,-0.26127622,1.6133898,0.19379345,0.14782311,0.49900162,0.40003318,0.35476878,7.506056,-0.03679483,-0.023662211,2.594498,-0.04799523,0.0004895191,369,0.28089777,0.22053756,0.8836877,0.02443469,0.053439483,1.016653,0.017425155,0.047056045,0.35895225,-0.09944165,-0.038297772,0.067599624,0.21626066,0.13393003,0.7010114,0.41133645,0.31235698,5.901249,-0.09338611,-0.061723508,0.11374294,0.16130902,0.05366335,5.508333,0.6921466
30.767555,-0.012257246,-0.006293199,0.068654925,0.21549079,0.19801119,0.59254205,0.1596146,0.20645967,0.1026336,0.22049496,0.22603236,6.140016,-0.16056558,-0.1021231,6.3103595,-0.120601304,-0.053967465,5.4388437,-0.12029802,-0.059615534,0.2818995,-0.01860624,-0.060042854,2.0547943,-0.37384486,-0.27321458,1.6428343,0.19521332,0.18127844,0.52308744,0.40562212,0.38593066,7.050911,-0.036904026,-0.024436804,1.9481364,-0.044906847,0.01136046,410,0.28433543,0.26005054,0.890364,0.0138414325,0.05373661,1.01706,0.0071614524,0.046180148,0.34827247,-0.10403822,-0.065757975,0.09986309,0.23916787,0.21221243,0.37580872,0.41070008,0.29594347,5.821283,-0.09353237,-0.06253846,0.11586507,0.18716149,0.12359661,5.516667,0.69319373
34.639202,-0.012253315,-0.0063127577,0.09423631,0.2291535,0.23569167,0.6691846,0.15020257,0.18908772,0.10249792,0.21753152,0.23514017,5.987317,-0.16039024,-0.10581705,8.305668,-0.12302795,-0.059506174,4.3578773,-0.12577565,-0.07177182,0.33040142,-0.022233143,-0.016859693,2.0860348,-0.37579954,-0.29094905,1.6114451,0.19217236,0.17346168,0.50916487,0.40408295,0.41862372,6.755052,-0.036773276,-0.02694623,2.8575482,-0.044345114,0.05098657,410,0.28010446,0.2977257,0.87555164,0.00029765375,0.02318209,1.0161539,-0.0059035495,0.017204832,0.28328612,-0.10851009,-0.12497657,0.0738878,0.25482938,0.2428326,0.71008915,0.41129622,0.3381219,5.8687835,-0.09347731,-0.06351282,0.14082257,0.21483204,0.18998729,5.525,0.6942408
37.183277,-0.012213082,-0.006288627,0.09141264,0.2344025,0.24032374,0.8070584,0.1362983,0.13314368,0.08819713,0.20722231,0.23584844,6.955307,-0.15861435,-0.107371874,6.607101,-0.124999024,-0.062168375,5.415885,-0.13000919,-0.08182659,0.23547278,-0.030628385,-0.1471972,2.171233,-0.37334713,-0.28474927,1.6577917,0.18342452,0.19845675,0.48913547,0.39170906,0.40839046,8.021804,-0.03619886,-0.025351139,1.8776096,-0.03148654,0.03888457,383,0.2637094,0.2701585,0.88248736,-0.012331776,0.021241872,1.0165774,-0.018046513,0.015448299,0.37796527,-0.10808493,-0.060099468,0.09284527,0.26760086,0.26963437,0.6835707,0.4142944,0.35720825,6.425267,-0.09272411,-0.062097665,0.11326645,0.23527355,0.2314913,5.5333333,0.69528794
31.350893,-0.012142241,-0.0064640576,0.07541257,0.23258325,0.20395742,0.6204007,0.11748499,0.05942985,0.104144,0.19322036,0.2647103,6.2794714,-0.15540138,-0.11184843,6.493222,-0.12518755,-0.069382444,5.380045,-0.13246237,-0.08471503,0.34982282,-0.018064924,-0.09002646,2.2183468,-0.36927146,-0.2784023,1.605311,0.16715698,0.19249484,0.48057646,0.37487325,0.39369747,7.4285502,-0.03560319,-0.025509331,2.222333,-0.014736981,0.02639029,388,0.24427329,0.28761774,0.88721365,-0.0256477,0.027897252,1.0168641,-0.030771494,0.021590807,0.30414644,-0.11609465,-0.09361445,0.10071568,0.26918387,0.35668358,0.6264711,0.3997297,0.34170014,6.091718,-0.091851406,-0.061463304,0.12155461,0.25078303,0.25198522,5.5416665,0.6963351
38.029797,-0.012024474,-0.0061381147,0.083946414,0.22508197,0.24892145,0.7716284,0.093634866,0.14665787,0.08372305,0.17289494,0.2278431,7.546668,-0.15079503,-0.10552815,8.507708,-0.12444813,-0.06430572,5.807729,-0.13415357,-0.08153191,0.34767085,0.0005304494,-0.026033035,2.1323202,-0.36388195,-0.27270588,1.5825206,0.14780405,0.14798509,0.47927636,0.35451144,0.35876065,8.024512,-0.034825586,-0.023522178,1.2009823,-0.002780149,0.0013069276,369,0.22206062,0.24994257,0.86378115,-0.040433154,-0.022278382,1.0154561,-0.044747043,-0.0250514,0.2841592,-0.12638259,-0.13282116,0.07426561,0.26144114,0.28939775,0.45495868,0.3815169,0.3581673,6.171279,-0.09075679,-0.060297634,0.10879125,0.26281133,0.23342705,5.55,0.6973822
39.106106,-0.0119147245,-0.0059376317,0.07410217,0.2102895,0.18971778,0.69843775,0.059373178,0.16090626,0.071394436,0.15289283,0.16720508,9.879841,-0.14562526,-0.08803852,9.235108,-0.1230984,-0.062158354,6.6483073,-0.13497745,-0.061767794,0.2734915,0.024333373,-0.08140458,2.3344922,-0.3572924,-0.25444975,1.5768105,0.12732558,0.12242577,0.4445767,0.33269283,0.3072553,8.056231,-0.034173366,-0.02086643,1.4526846,0.011334295,-0.045856968,329,0.20004627,0.17551114,0.8732005,-0.052833997,-0.02671633,1.0160025,-0.056324244,-0.029456198,0.4318742,-0.13420846,-0.041956197,0.07637871,0.2515734,0.29594538,0.31177056,0.36502638,0.27529705,6.340348,-0.08966103,-0.058727082,0.106097035,0.27603927,0.14232463,5.5583334,0.69842935
41.031673,-0.011807842,-0.0057649086,0.08353742,0.19988738,0.16656102,0.65081495,0.028481157,0.08480437,0.08342191,0.1365672,0.15789552,7.813779,-0.141602,-0.08418129,8.744598,-0.12133373,-0.05721991,5.078292,-0.13667889,-0.06468088,0.3324368,0.06148985,0.012938322,2.218676,-0.35152382,-0.25096375,1.5989865,0.10818269,0.07902925,0.4753184,0.31322187,0.29623696,8.712231,-0.033584777,-0.019457245,1.0475855,0.026089072,-0.07372243,359,0.182924,0.15345739,0.872196,-0.064803995,-0.046141334,1.0159419,-0.06736205,-0.04793694,0.31940356,-0.15436502,-0.07776801,0.07454206,0.2376226,0.24783334,0.4166329,0.3537912,0.2197606,6.662224,-0.088594735,-0.057937894,0.12835819,0.29221162,0.18191776,5.5666666,0.6994764
39.844486,-0.0117125,-0.0053837,0.07690694,0.19788902,0.17095517,0.61704004,0.0154753,0.08316745,0.078089364,0.11978257,0.10710052,8.478092,-0.13760145,-0.07430259,9.361893,-0.12016996,-0.05059218,5.311752,-0.13764898,-0.065270185,0.29705727,0.108997256,-0.03840089,2.2186534,-0.34717438,-0.25094122,1.5643072,0.090040445,0.048769627,0.46697515,0.29530826,0.2853907,7.5462847,-0.033251468,-0.019216945,2.3386457,0.043899197,-0.06981759,348,0.16983439,0.116701126,0.87411624,-0.077031426,-0.07086296,1.0160631,-0.07852173,-0.071230374,0.36499152,-0.1836486,-0.040559884,0.0707174,0.22932008,0.16897956,0.64601374,0.3463053,0.22382645,6.221314,-0.08771171,-0.05750627,0.124638505,0.3028995,0.19000834,5.575,0.70052356
36.0111,-0.011609622,-0.005474303,0.08043934,0.19749665,0.16064274,0.60488683,0.007991955,0.0019522107,0.082792275,0.10298874,0.10528592,7.412478,-0.13363941,-0.07490553,6.181176,-0.11874012,-0.05596736,4.6148634,-0.1383171,-0.07556342,0.38239372,0.15977888,-0.0046166447,2.1907938,-0.34140587,-0.2466447,1.5849708,0.07306513,0.05057783,0.466303,0.27524212,0.2750452,7.7570825,-0.032798037,-0.019762779,1.2248763,0.0684141,-0.06901543,372,0.1582653,0.11945785,0.87586665,-0.08815933,-0.048051354,1.0161691,-0.08864,-0.05049598,0.2313022,-0.21691191,-0.07288315,0.09928465,0.21858881,0.23474489,0.31069466,0.325402,0.1938123,6.216555,-0.08651111,-0.05735548,0.13298246,0.31024984,0.25347397,5.5833335,0.7015707
41.43831,-0.0114971595,-0.0053696292,0.084413424,0.19323711,0.1909626,0.58846354,0.0060093096,-0.051613204,0.06705125,0.08720123,0.09681862,8.929337,-0.12937951,-0.07917628,8.994797,-0.11666562,-0.056522574,4.1738234,-0.13685924,-0.096915744,0.3003497,0.20315288,0.021515569,2.5431042,-0.3371295,-0.23131637,1.5500643,0.05938311,0.030839961,0.38494074,0.25963333,0.2274889,8.484583,-0.0324262,-0.018888498,9.017646,0.09551286,0.18495445,298,0.15119162,0.090971746,0.8692466,-0.098690175,-0.05551435,1.0157751,-0.09815625,-0.057110425,0.2983734,-0.24117534,-0.15452191,0.06656327,0.20275675,0.20894392,1.0137491,0.3094063,0.33985904,8.180266,-0.08531138,-0.05122759,0.14344716,0.3066857,0.35146198,5.5916667,0.7026178
40.719006,-0.011378048,-0.0053836624,0.08170866,0.18744062,0.18558517,0.73571336,0.0050419704,-0.010261503,0.07498458,0.07494419,0.08036957,9.073509,-0.12496804,-0.07351614,9.153837,-0.113897644,-0.055577073,6.126153,-0.13430549,-0.08787376,0.3981305,0.25873682,0.085433476,2.2251139,-0.33561775,-0.23084334,1.5780841,0.048183486,0.015414602,0.45354968,0.25232905,0.2101296,8.10304,-0.032240197,-0.020131877,3.9239292,0.083841726,0.2815187,339,0.15502594,0.072593614,0.86973107,-0.108991064,-0.060166974,1.0158358,-0.10738329,-0.060197163,0.28224277,-0.26778886,-0.17724657,0.07432657,0.1858032,0.20837745,0.019148115,0.27659154,0.25716227,6.657085,-0.084864214,-0.051244702,0.11106045,0.29894853,0.3060814,5.6,0.7036649
40.191044,-0.0112255905,-0.0053681084,0.054135893,0.1796493,0.118627764,0.47227913,0.0030408888,-0.08077056,0.0762797,0.06061354,0.07684153,9.062445,-0.11918642,-0.07089056,9.821557,-0.11070565,-0.05451507,6.030701,-0.13148192,-0.081669934,0.40678415,0.30377397,0.19219425,2.37974,-0.33204177,-0.21900706,1.5691227,0.03848611,0.018968277,0.43519425,0.24308269,0.18478616,8.4579735,-0.03196874,-0.018271089,1.2521436,0.059757095,0.24504279,359,0.16236407,0.082701586,0.86695516,-0.118868284,-0.0736837,1.0156385,-0.11626688,-0.07254685,0.28449643,-0.28856185,-0.22647113,0.07038401,0.16792053,0.2075011,0.4401251,0.2568781,0.21432711,6.688165,-0.08424152,-0.049689844,0.1146269,0.2891055,0.27981597,5.608333,0.70471203
37.863503,-0.0110662,-0.005284969,0.06347136,0.17971008,0.068734095,0.47150216,0.013153253,-0.14573856,0.07124474,0.047761388,0.054328956,9.698246,-0.113520555,-0.060620297,10.385156,-0.1081186,-0.044802263,5.1327705,-0.12877148,-0.07720092,0.46292952,0.34260806,0.27055305,2.2586715,-0.33023682,-0.21401955,1.5460595,0.030509679,-0.009747165,0.4495742,0.23709337,0.1714459,7.695565,-0.031790223,-0.018396646,1.575002,0.03884282,0.25679716,374,0.16970217,0.0845394,0.8566565,-0.12828884,-0.10994318,1.0150756,-0.1245533,-0.10434518,0.2280195,-0.30700955,-0.22847857,0.06653237,0.15540463,0.121408105,0.5533492,0.23927554,0.26481143,6.281622,-0.08368085,-0.04947314,0.13461521,0.27880642,0.28409952,5.616667,0.70575917
42.16407,-0.010868856,-0.0052523958,0.08874155,0.18359521,0.08146078,0.7923609,0.04048436,-0.046425752,0.07270574,0.03426951,0.065352716,9.390304,-0.10727904,-0.05854911,10.096326,-0.10515856,-0.042257305,6.095991,-0.123832226,-0.06061453,0.4639316,0.3789417,0.429713,2.197038,-0.32786953,-0.23944771,1.5570742,0.02418367,-0.00457411,0.46122208,0.23025967,0.23227592,7.659523,-0.031385563,-0.02008062,1.4647974,0.015707761,0.0032339287,363,0.1749909,0.14426832,0.8581488,-0.13689457,-0.13089043,1.0151366,-0.13219927,-0.122912124,0.21879734,-0.3243623,-0.27714112,0.06762152,0.14154032,0.12418984,0.41562933,0.21593702,0.14037251,6.3901315,-0.082898565,-0.05543522,0.11199638,0.25512466,0.20158842,5.625,0.7068063
41.500187,-0.010548315,-0.0052173347,0.11927023,0.18095106,0.19190915,0.91229665,0.061506867,0.03958311,0.07554623,0.015923033,0.06644768,8.255633,-0.09714526,-0.062223937,6.357006,-0.10054752,-0.048719063,4.7705364,-0.11754399,-0.07231214,0.45277095,0.40293673,0.48287645,2.100609,-0.2891331,-0.24859606,1.5931492,0.0132052135,0.006543443,0.47535992,0.20137547,0.24966832,8.304939,-0.030094102,-0.019668536,0.98620826,-0.0014148541,-0.095390856,366,0.17188378,0.1690788,0.8587932,-0.14738464,-0.15153591,1.0151823,-0.14126234,-0.14191529,0.17091104,-0.32718775,-0.345223,0.098109394,0.12409666,0.18670565,0.4550642,0.17867585,0.23106493,6.520205,-0.07445939,-0.055891104,0.13073623,0.22824529,0.2532078,5.633333,0.7078534
46.987484,-0.004773272,-0.0049122977,0.07406643,0.148705,0.25051415,0.62677836,0.056937054,0.11483545,0.06676973,-0.010372065,0.047907438,9.560855,-0.0496159,-0.059984513,10.601563,-0.05915893,-0.046916947,5.4021783,-0.07916077,-0.07773567,0.35281724,0.40386066,0.43036836,2.5552127,-0.21408458,-0.23570271,1.5374964,-0.009224507,-0.016795876,0.39805672,0.15195054,0.22005326,8.470782,-0.02045975,-0.019642394,4.5605984,-0.020102587,0.015680155,350,0.15310878,0.16080864,0.87344426,-0.152198,-0.1392876,1.0160177,-0.14513548,-0.13088733,0.28555843,-0.29672518,-0.34457356,0.06021524,0.0857686,0.15997589,-0.17349464,0.12772185,0.10340124,7.934316,-0.053045847,-0.05174077,0.11817005,0.17902175,0.26250327,5.641667,0.7089005
44.508266,0.0009504673,-0.004614068,0.07288149,0.12151207,0.27818426,0.7810218,0.0579635,0.26559398,0.070544586,-0.029314471,0.046542443,9.609786,-0.0037978967,-0.06038197,9.670446,-0.018589478,-0.0485682,7.2647943,-0.041127417,-0.059338436,0.3702957,0.39231488,0.3402386,2.0640512,-0.1439022,-0.25000298,1.5899622,-0.026397012,0.015603067,0.4859127,0.113309965,0.24903114,7.862584,-0.0111112185,-0.019301504,1.4564993,-0.044457067,0.011701802,402,0.13479654,0.18653803,0.8662019,-0.15608999,-0.12127055,1.0155928,-0.14813986,-0.11584635,0.30762267,-0.25852942,-0.2958944,0.07010207,0.05313166,0.16935925,0.52521217,0.11529231,0.09754734,6.608044,-0.03243835,-0.050653614,0.093315564,0.13142237,0.15415369,5.65,0.70994765
50.49408,0.006633529,-0.0042402023,0.066903174,0.10290989,0.21396935,0.5379744,0.054219093,0.1416893,0.058245815,-0.0431824,0.018351993,12.342012,0.04011464,-0.047119547,13.57645,0.020746833,-0.040527772,5.780503,-0.0065408535,-0.062060785,0.45588312,0.37797543,0.33240768,2.5133758,-0.0724688,-0.22675918,1.5360619,-0.045859218,9.666419e-05,0.40304604,0.07277701,0.20263906,8.846126,-0.0017959602,-0.016879609,0.85002613,-0.05755444,-0.008937218,351,0.111261696,0.17551114,0.8648028,-0.15767887,-0.10871111,1.0155473,-0.14896825,-0.10390257,0.26298743,-0.22641997,-0.2688712,0.052949816,0.029462358,0.13079304,0.35907343,0.09631822,0.085780874,7.190805,-0.011875426,-0.047986954,0.124361254,0.09904768,0.18659292,5.6583333,0.7109948
55.57428,0.012277359,-0.0036085304,0.06202717,0.09314512,0.0456483,0.6335874,0.058394507,0.005937685,0.04612438,-0.052756004,-0.039007585,15.446061,0.08139995,-0.0148119945,14.080555,0.05809906,-0.0226834,7.2773433,0.026465587,-0.040429547,0.40048212,0.34151283,0.28153232,2.6424692,-0.0034891418,-0.1869445,1.5270479,-0.06291767,-0.048684172,0.3846787,0.036831554,0.13032597,8.813333,0.0072717373,-0.015841959,1.382742,-0.035915174,0.0043751607,348,0.08448749,0.15897082,0.86040395,-0.15796232,-0.10567078,1.0152736,-0.14872201,-0.10124665,0.31195784,-0.18876861,-0.18261786,0.050597437,0.014570009,0.0059025777,0.101227,0.10204873,0.012164985,7.6588173,0.008795833,-0.044194784,0.09789836,0.07130961,0.1004428,5.6666665,0.7120419
51.384266,0.017873304,-0.0034111948,0.072132856,0.091946244,0.03996268,0.68485045,0.07031312,0.034223016,0.059572276,-0.05312974,-0.053039428,11.486033,0.11810059,-0.00616191,9.754362,0.0934447,-0.024640763,6.4964623,0.05791239,-0.030986967,0.36946252,0.30312577,0.2977276,2.2292852,0.061822888,-0.21089293,1.5657799,-0.0756388,-0.027811747,0.4456341,0.006755143,0.1682662,8.803227,0.016264591,-0.015163426,1.4535846,0.0014248403,-0.0999331,330,0.055399466,0.1405927,0.8503928,-0.15650693,-0.14918076,1.0147249,-0.14690569,-0.13884099,0.31478664,-0.1538135,-0.16474415,0.07014801,0.010022895,0.03201199,0.37405476,0.109972686,0.12608272,7.0124955,0.029435057,-0.047264926,0.10532643,0.048772242,0.06674755,5.675,0.713089
50.58077,0.023408985,-0.0031386495,0.062124528,0.08927358,0.008332243,0.6840855,0.072753035,-0.012991987,0.053939015,-0.046594486,-0.085412934,13.637223,0.1522592,0.011933906,14.35623,0.12830494,-0.0138148,8.099836,0.08769862,-0.023781387,0.5401826,0.26440293,0.46302217,2.4840398,0.1273184,-0.18003312,1.5410979,-0.08783245,-0.06387228,0.4054003,-0.021361629,0.104062185,9.031369,0.025085775,-0.012777896,1.1283144,0.043543413,-0.11095089,348,0.02941857,0.090971746,0.856127,-0.15104628,-0.16819718,1.0150299,-0.14168088,-0.15521128,0.19539577,-0.12353971,-0.23337343,0.051237576,0.0076478096,-0.017575445,0.32491007,0.12911946,0.08440983,7.3641,0.049911126,-0.044746865,0.09081398,0.033635102,0.06018465,5.6833334,0.7141361
87.04076,0.028898653,-0.0014983666,0.07072354,0.09436028,0.019565877,0.6984376,0.07482464,0.065165214,0.037383948,-0.032305464,-0.12608434,20.986431,0.18276843,0.050774444,20.224606,0.16117212,0.0015449985,7.74796,0.11394592,-0.0068041966,0.46683064,0.2076562,0.4736738,8.463548,0.18921404,0.25717235,1.4485427,-0.09818179,-0.12845898,0.09994771,-0.042009667,-0.13764139,13.79094,0.033640545,-0.002685362,3.6988556,0.090730034,-0.015310352,270,0.0056192772,0.016540317,0.82784545,-0.14521456,-0.23795475,1.0135299,-0.13604806,-0.21387568,0.317725,-0.08917378,-0.1999002,0.038792133,0.013701613,-0.054790482,-0.27381095,0.15878786,-0.047261864,40.025097,0.070042245,0.06460843,0.10125964,0.03107355,-0.0004224036,5.6916666,0.71518326
1893.4889,0.03412932,0.080990665,0.006944199,0.10905392,-0.14240351,0.41173503,0.083706886,-0.042893007,0.0076898104,-0.0058762105,-0.20101474,124.81242,0.2047671,0.5421722,210.403,0.18977787,0.45512545,56.907448,0.13726866,0.42145404,0.22243705,0.142679,0.30044156,8.376448,0.1788307,0.67849237,1.3687565,-0.09555918,-0.24527343,0.12335714,-0.017800983,-0.34603038,69.3134,0.040618114,0.12079733,0.34642944,0.12950963,-0.050101303,136,-0.008395862,-0.17826787,0.8913371,-0.13116294,-0.17956786,1.0171354,-0.12362726,-0.15973637,0.7373468,-0.063400626,0.06023481,0.0045616454,0.033965196,-0.17580067,-0.28670862,0.22189337,-0.12797193,63.287254,0.0748987,0.24988009,0.016865699,0.03510135,-0.21301149,5.7,0.7162304
36.71559,0.028456092,0.08033231,0.09649996,0.16401267,-0.07075297,0.80315244,0.11968596,0.014728639,0.11093392,0.04002796,-0.10088227,5.3297925,0.15117384,0.5145114,7.2433233,0.14554995,0.44932398,4.9209113,0.09650133,0.4078586,0.21904369,0.09779782,0.15408882,2.0349333,0.09633329,0.6642118,1.6110231,-0.06898679,-0.21188527,0.5139699,0.050110687,-0.29153648,7.2912397,0.030906348,0.11771131,4.6883607,0.17760962,0.058496185,359,0.00852808,-0.15161957,0.8802299,-0.12449082,-0.12324991,1.0164263,-0.118068494,-0.11025896,0.3722111,-0.08530233,0.09535115,0.081627555,0.0883816,-0.14562543,1.2020841,0.31817713,0.044299707,6.1117764,0.05388352,0.24688023,0.12015148,0.083476216,-0.17411797,5.7083335,0.71727747
39.197453,0.022844,0.07982141,0.10829175,0.21845001,0.06500001,0.8150986,0.15679993,0.07854153,0.09658922,0.07875504,-0.017733248,5.8905377,0.09908757,0.4797045,6.238071,0.10171002,0.4305679,4.28251,0.056126207,0.3749189,0.31573516,0.071459256,-0.06429143,2.157589,0.016832855,0.64022493,1.5512532,-0.046689168,-0.20439091,0.4730892,0.11099826,-0.2375585,7.7231383,0.021485582,0.11504117,5.8482738,0.2190801,0.21695405,353,0.025980895,-0.14702503,0.87517804,-0.12029689,-0.08729073,1.0161539,-0.11476981,-0.07757158,0.2532273,-0.11850646,0.13071644,0.09120808,0.14157791,-0.04055851,0.36682752,0.3754699,0.05302064,6.8040295,0.033488717,0.2450149,0.13285725,0.13044097,-0.06381752,5.7166667,0.7183246
46.232765,0.017254956,0.07798987,0.09359462,0.2654412,0.13225156,0.7233079,0.1953038,0.09065517,0.08184556,0.114546895,0.06894721,7.597017,0.048189506,0.41954404,7.0213776,0.058562603,0.40006337,4.8051896,0.01797023,0.34952572,0.2751564,0.046554103,-0.2507844,2.0515895,-0.06393272,0.16908848,1.5679368,-0.01869658,-0.11628155,0.49977553,0.17520693,0.08128133,7.385266,0.012063678,0.10196697,5.519603,0.24099481,0.27807993,355,0.049251314,-0.06891799,0.8709252,-0.116012126,-0.0059769996,1.0158812,-0.11141685,-0.009196192,0.3466257,-0.1467232,0.14838986,0.08855557,0.1904369,0.090250194,1.1120421,0.44201475,0.34134758,6.6765327,0.012973478,0.13394682,0.12939803,0.16724594,0.010003521,5.725,0.71937174
54.175068,0.011667246,-0.0045619663,0.08518952,0.30465192,0.36232895,0.7620249,0.23198836,0.26127177,0.08668695,0.1490282,0.22295664,7.583009,-0.0014883492,-0.10718346,7.7442474,0.016696809,-0.06815639,5.8800125,-0.018451579,-0.09079008,0.37358272,0.03943308,-0.10372446,2.4140193,-0.14188087,-0.26901755,1.5587925,0.00853812,0.023959555,0.4163963,0.23401114,0.31496328,8.972665,0.0028491854,-0.021190519,4.643891,0.24857861,0.42235374,322,0.07047235,0.10199862,0.8651507,-0.111806765,-0.05540434,1.0155321,-0.10809408,-0.055818,0.28376517,-0.18240985,-0.1289856,0.08488209,0.23192747,0.3013814,0.30828628,0.49928045,0.46513635,8.520039,-0.0074781384,-0.04845654,0.111793615,0.19651526,0.2590468,5.733333,0.7204189
42.12073,0.006061477,-0.0043193735,0.08275837,0.34143886,0.32192233,0.61518174,0.26307312,0.16971637,0.09500046,0.17958052,0.19189346,6.0165353,-0.049158767,-0.10409783,6.962576,-0.024201704,-0.068805024,4.2487745,-0.05494243,-0.09658995,0.3270377,0.02509215,0.0013502953,2.1111386,-0.21951993,-0.26341814,1.5725045,0.037269723,-0.0044660755,0.48965985,0.29303497,0.29557744,7.884755,-0.006470594,-0.019979134,3.4209788,0.2483829,0.37980536,348,0.09605659,0.09189065,0.8662488,-0.10738053,-0.08179383,1.0155928,-0.104539916,-0.080054,0.24453594,-0.21397503,-0.20706184,0.08209227,0.2673217,0.30260295,0.94744986,0.554076,0.41215968,6.6211796,-0.028231937,-0.04675996,0.1345267,0.22718294,0.29676017,5.741667,0.72146595
47.67914,0.00047905525,-0.0039386996,0.09958743,0.37850237,0.29632762,0.88570195,0.3028719,0.20410532,0.09514367,0.20636876,0.18907526,6.2446666,-0.09511966,-0.10250668,7.140243,-0.06462225,-0.066720665,5.2841144,-0.08955256,-0.08794711,0.3434814,0.008580975,0.028346488,2.0755332,-0.29712436,-0.26944742,1.571336,0.06754193,0.010354447,0.4892318,0.35173014,0.30845022,8.405972,-0.015719637,-0.01858545,2.5545642,0.24605018,0.26922935,355,0.1207153,0.09372846,0.8586009,-0.101811424,-0.11308345,1.0151975,-0.09972418,-0.10786895,0.2506591,-0.2375568,-0.20863235,0.08321012,0.30149,0.28157943,0.6959836,0.60257983,0.48064065,6.9335265,-0.049005054,-0.046328668,0.11243899,0.2490087,0.24319293,5.75,0.7225131
44.001026,-0.0051126224,-0.0040388643,0.10075624,0.40973493,0.3173861,0.8073097,0.33382142,0.24502029,0.09367306,0.227925,0.21213366,6.1569057,-0.13882378,-0.108977295,6.433338,-0.10394842,-0.068079256,4.6211004,-0.12302087,-0.08953561,0.34463117,0.00016793079,0.09594322,2.003021,-0.3722262,-0.27301612,1.5875899,0.09759491,0.02485791,0.50746495,0.4056023,0.3145821,8.311874,-0.024951266,-0.016694209,2.8260305,0.24053788,0.1788011,325,0.14510958,0.06616127,0.8640733,-0.09482232,-0.1260165,1.0154713,-0.093746826,-0.119789615,0.23210502,-0.2615201,-0.27866432,0.089648046,0.33180133,0.28445113,0.94196326,0.64389676,0.44525573,6.6612577,-0.06969246,-0.04637954,0.124804944,0.27023745,0.23114295,5.758333,0.7235602
44.170437,-0.010577204,-0.0044878908,0.09601083,0.43364948,0.3492057,0.7180152,0.36387601,0.22358435,0.08679223,0.24340601,0.21233891,6.6528893,-0.177691,-0.113156445,5.631415,-0.1406057,-0.07296071,4.318218,-0.15358464,-0.10301234,0.2975519,0.004806791,0.021967636,1.9542799,-0.41064647,-0.30679676,1.6014619,0.12024833,0.05634665,0.52037233,0.43607596,0.39749703,7.464185,-0.03351308,-0.019773068,3.1510792,0.23658903,0.12868464,374,0.16897498,0.113944404,0.864152,-0.09207819,-0.12790157,1.0155017,-0.091251105,-0.12067344,0.27986726,-0.28113213,-0.281048,0.10253535,0.35251507,0.33085468,0.86198384,0.66094524,0.5604526,6.5743504,-0.08280466,-0.052859694,0.13371699,0.2833036,0.2886589,5.766667,0.72460735
47.19655,-0.010599817,-0.004260079,0.1163256,0.44372246,0.44790888,1.0133191,0.3909357,0.41750622,0.100939415,0.24973233,0.22391725,5.7780147,-0.17878942,-0.11422815,6.0628085,-0.14074719,-0.07503952,5.080546,-0.1518495,-0.09583498,0.36710846,0.0052207815,0.060955204,2.0423703,-0.41256845,-0.3118497,1.6029631,0.13209565,0.07882419,0.5094982,0.44311342,0.41331697,8.253884,-0.033673033,-0.019019661,2.3661332,0.22755301,0.093271494,376,0.1800152,0.13967378,0.8669572,-0.08579828,-0.12656447,1.0156536,-0.08551366,-0.11890687,0.21612097,-0.28083938,-0.2984244,0.0961979,0.3545685,0.36793292,0.35599226,0.66049945,0.43739972,7.010349,-0.08297638,-0.051563557,0.1147966,0.2720198,0.23689698,5.775,0.7256544
41.710217,-0.010673236,-0.0045279753,0.10645885,0.4452361,0.46811402,0.89056206,0.4000989,0.41987345,0.100484386,0.25812072,0.23432928,5.8606935,-0.18003982,-0.11595339,6.6928062,-0.14059949,-0.076073274,4.926404,-0.15054627,-0.09892166,0.28296182,-0.0034118167,0.0020715785,2.028357,-0.4149401,-0.3153161,1.6212363,0.14433739,0.11564924,0.5171856,0.45183444,0.43560857,7.5753193,-0.034085203,-0.02071505,3.0130565,0.23278892,0.10866395,392,0.19383201,0.17367333,0.8848895,-0.07602169,-0.076944396,1.0167434,-0.07661726,-0.07394999,0.30594638,-0.2723907,-0.26461497,0.08799122,0.35366884,0.38050058,0.7356178,0.690723,0.44564563,6.4717655,-0.08351185,-0.05310146,0.11954119,0.26567915,0.25552958,5.7833333,0.72670156
42.424206,-0.010750448,-0.0045987456,0.08137073,0.4452718,0.41111165,0.8544686,0.39755338,0.44284323,0.0955558,0.2652686,0.23799978,6.6408453,-0.18114762,-0.113778986,7.660115,-0.1404208,-0.07323895,6.66359,-0.1503356,-0.08129702,0.3647392,-0.006066857,0.021636073,2.0859015,-0.41599697,-0.3092262,1.5853468,0.15006743,0.11399389,0.5038786,0.45540592,0.43274868,7.4512496,-0.03439223,-0.022471616,4.8930817,0.2445147,0.17805871,328,0.2030873,0.17643005,0.8764049,-0.07091944,-0.05366825,1.0161994,-0.07206866,-0.052777223,0.26983204,-0.26876554,-0.24154402,0.08284096,0.35217094,0.3626074,1.3362943,0.70698905,0.5276863,6.4413195,-0.08383894,-0.053833973,0.09522964,0.26919273,0.1779388,5.7916665,0.7277487
46.64605,-0.010808791,-0.0044876356,0.09622887,0.44813856,0.41175282,0.72372156,0.38766357,0.44562265,0.09760134,0.2705135,0.25907275,5.953139,-0.18189774,-0.116923064,6.837324,-0.14038154,-0.07045283,4.369864,-0.15170676,-0.08085137,0.23694444,-0.01822793,-0.03733306,2.239995,-0.41798165,-0.2882325,1.6191065,0.15661791,0.12701516,0.45187792,0.4592778,0.37812832,8.356938,-0.034627665,-0.020649476,5.0300655,0.254774,0.24113978,362,0.21723466,0.16540317,0.87168515,-0.06802584,-0.039449256,1.0159116,-0.069492646,-0.040858656,0.34408987,-0.25852695,-0.20227045,0.08497977,0.35222033,0.3164606,0.37460038,0.70892245,0.42628607,8.055807,-0.08396279,-0.048899952,0.13296394,0.28184798,0.17596318,5.8,0.7287958
40.782104,-0.01084905,-0.0047755274,0.094767325,0.452346,0.34836152,0.8049843,0.38682058,0.34414843,0.10202455,0.2737771,0.26118827,5.855175,-0.18200138,-0.116576366,6.8535933,-0.14020552,-0.068625815,5.0742674,-0.15179129,-0.08090554,0.25162637,-0.014099544,-0.14969347,1.999088,-0.4201701,-0.2914128,1.6086324,0.15764546,0.13119905,0.5280529,0.46362537,0.39292464,7.4869957,-0.034867745,-0.022214724,4.5986223,0.2575403,0.31608862,352,0.23052259,0.14334941,0.89135516,-0.0679586,0.0066023073,1.0171202,-0.06941683,0.0017915785,0.3457452,-0.25573766,-0.1230023,0.08716181,0.35286772,0.29270825,1.1623467,0.7171214,0.59404826,6.1451283,-0.084281586,-0.051781584,0.117725685,0.28782105,0.18364762,5.8083334,0.72984296
41.635773,-0.010883834,-0.004778869,0.10788587,0.45598513,0.3525576,0.82382,0.37606755,0.3116402,0.096867464,0.27570355,0.25413686,5.8595133,-0.18209815,-0.11658167,6.067071,-0.13986829,-0.0700715,4.334183,-0.15315625,-0.08601582,0.2698675,0.0041515515,-0.16243382,2.1076882,-0.4212686,-0.28558373,1.5973902,0.15395257,0.113601245,0.4904027,0.46368584,0.37156677,7.908778,-0.035028473,-0.021534123,2.8057737,0.25289,0.30912974,358,0.24447162,0.11210659,0.8725682,-0.07480758,-0.016654372,1.0159721,-0.0757963,-0.020636577,0.2977287,-0.2656252,-0.1280276,0.09355358,0.35025254,0.3073295,0.6575544,0.7141284,0.5778071,6.8788996,-0.08441691,-0.05042562,0.13095807,0.30294627,0.21359976,5.8166666,0.73089004
44.1038,-0.010844383,-0.0047034854,0.09418652,0.4568958,0.39024195,0.8895343,0.37337205,0.32871976,0.104118004,0.27445263,0.27082938,6.3461733,-0.18114495,-0.11790568,7.622625,-0.13904585,-0.070158124,6.2403893,-0.15269536,-0.08966762,0.42081386,0.037068095,-0.10787494,2.0014691,-0.42286354,-0.29178762,1.5854113,0.14707215,0.1136489,0.51395875,0.46305594,0.3796051,7.763611,-0.034973007,-0.020896582,2.530991,0.24605887,0.22982995,372,0.25888342,0.15253848,0.86594266,-0.08750163,-0.036402024,1.0155928,-0.087214716,-0.038274344,0.23993702,-0.28073865,-0.1463091,0.086682856,0.34416926,0.31742835,0.7749429,0.711456,0.46101788,6.524325,-0.08438106,-0.050149165,0.10588296,0.30901262,0.24154873,5.825,0.73193717
42.117264,-0.010793236,-0.004906746,0.115846716,0.4603875,0.4479275,0.93511826,0.36079735,0.4316853,0.096812986,0.2695859,0.26929244,5.767144,-0.18025099,-0.11874137,5.824098,-0.13869506,-0.07249907,4.5068927,-0.15475774,-0.088485196,0.3084509,0.05925989,-0.038301416,1.9588106,-0.42427477,-0.31244844,1.6279254,0.14062932,0.12015697,0.5157192,0.4605363,0.43051487,7.4648495,-0.034714267,-0.022717366,4.075723,0.23900121,0.1977909,418,0.2711136,0.20399724,0.8655851,-0.10238626,-0.047915954,1.0155624,-0.100584775,-0.04842541,0.24988355,-0.2971283,-0.20391838,0.09586625,0.33919272,0.34604466,1.0138718,0.7089955,0.5940184,6.6218967,-0.08414468,-0.054924835,0.123884566,0.32688,0.21772902,5.8333335,0.7329843
40.43193,-0.010727343,-0.0049224626,0.09334014,0.45306513,0.44373092,0.6905954,0.33024547,0.3759696,0.10650514,0.26173124,0.27802762,5.754336,-0.17847379,-0.119194455,6.505473,-0.13791248,-0.07330336,4.534412,-0.15672033,-0.093143605,0.37766975,0.079883374,0.08433479,1.9706283,-0.42471555,-0.3145396,1.6024303,0.12949856,0.11557994,0.53388053,0.45590007,0.43516207,7.3598313,-0.034389395,-0.022976913,5.3182135,0.22664191,0.22194892,435,0.27732787,0.2802665,0.8819864,-0.117859684,-0.065599635,1.0165321,-0.114449196,-0.065529995,0.23519662,-0.30759612,-0.27152136,0.09420781,0.3318867,0.36456585,1.2574105,0.7000517,0.6137965,6.313387,-0.083902575,-0.054364447,0.13515894,0.34824693,0.26346514,5.8416667,0.73403144
42.93519,-0.010588961,-0.0048641423,0.09723382,0.44919902,0.412409,0.61738425,0.32068816,0.27542043,0.09501896,0.24907267,0.27442387,6.2736344,-0.17554052,-0.117333755,7.3215094,-0.13653705,-0.07040512,3.7850156,-0.15622368,-0.097882375,0.34104425,0.09592248,0.1535875,2.1306312,-0.42349643,-0.31285378,1.5669398,0.117805414,0.09310846,0.4730249,0.44551024,0.4213043,8.201495,-0.033700958,-0.022379467,2.57622,0.2002234,0.21424237,362,0.2739563,0.2839421,0.8567672,-0.13776258,-0.09542425,1.0150604,-0.1323438,-0.0920449,0.25506994,-0.31183198,-0.29760814,0.08141957,0.32039934,0.33267027,0.30911934,0.65287435,0.54130447,7.053531,-0.08315583,-0.053782832,0.15749319,0.35668528,0.33308005,5.85,0.7350785
45.02098,-0.010459093,-0.004822978,0.08330704,0.44533363,0.38041827,0.76694375,0.32158267,0.21570994,0.09490586,0.23701689,0.25646424,6.7952704,-0.17275327,-0.1153159,7.5161633,-0.13510999,-0.07065109,5.937199,-0.15467174,-0.1004986,0.30983523,0.11138306,0.0456088,1.9568384,-0.42348084,-0.31613314,1.6184151,0.1092083,0.1174643,0.5131304,0.440298,0.42064375,8.044257,-0.033316486,-0.02180666,3.724614,0.18255019,0.25431454,375,0.2747496,0.28669882,0.86400795,-0.15100189,-0.09907609,1.0154865,-0.14408721,-0.09513789,0.33507577,-0.31643912,-0.23942864,0.08580322,0.30825853,0.33035806,0.7438903,0.6266503,0.534844,7.097581,-0.08276474,-0.05187359,0.1086221,0.3533677,0.34026617,5.858333,0.73612565
45.2556,-0.010328577,-0.004682123,0.11397351,0.45006034,0.3749102,0.9547988,0.33451855,0.22529581,0.09356458,0.22361474,0.2501313,6.3306346,-0.17008221,-0.112784065,6.698132,-0.13403611,-0.06863173,4.962113,-0.15356359,-0.09657051,0.3478975,0.13478811,0.08398909,2.030097,-0.4228809,-0.31089517,1.5740118,0.09819429,0.077677555,0.49551195,0.4345537,0.40452963,7.7070208,-0.03305044,-0.021312378,2.6471324,0.16743164,0.20635407,389,0.27256802,0.26005054,0.85534334,-0.16401495,-0.11840767,1.0149841,-0.15560275,-0.11195433,0.24442565,-0.3313781,-0.24276626,0.08843109,0.29862133,0.31081393,0.79791695,0.6087226,0.48991454,6.7364697,-0.082628205,-0.051492,0.11936914,0.35034105,0.32841995,5.866667,0.7371728
41.301712,-0.010198365,-0.004643086,0.103933975,0.44831833,0.40606096,0.6997032,0.33009037,0.22973199,0.09895854,0.21121377,0.23541878,5.71518,-0.16775528,-0.112959996,7.6494527,-0.13314703,-0.0659887,3.8074968,-0.15359919,-0.10284306,0.39087293,0.1526462,0.09683538,2.0789547,-0.42141396,-0.3029356,1.5546676,0.089272596,0.042430066,0.49297,0.42693213,0.37190577,7.673394,-0.03264273,-0.020672387,3.0354037,0.15792613,0.12971587,366,0.26767594,0.19664599,0.8604823,-0.17494075,-0.15899712,1.0152736,-0.16528577,-0.14855124,0.17469291,-0.34500366,-0.27976564,0.073935464,0.2902814,0.25752583,0.73953474,0.58405775,0.3821704,6.4738417,-0.082204156,-0.050957605,0.14854008,0.35553855,0.36352533,5.875,0.7382199
60.791267,-0.01006318,-0.0038416716,0.10253753,0.44189376,0.4216563,1.0018599,0.32885796,0.41699955,0.07461461,0.19860294,0.19563933,8.734521,-0.16512887,-0.1019029,7.7173824,-0.13257124,-0.06507408,6.367766,-0.15230279,-0.080556504,0.4191609,0.16208646,0.1728404,2.0524325,-0.42004433,-0.30868146,1.5626082,0.084524244,0.039233487,0.47974175,0.42013457,0.3772621,9.003083,-0.032096356,-0.019036317,2.2510521,0.15053959,0.11879938,368,0.26166,0.20215943,0.8392259,-0.18161286,-0.19210672,1.0141131,-0.17105745,-0.17609811,0.23256193,-0.3489598,-0.2935298,0.08444869,0.28747594,0.2654882,0.63739824,0.56046075,0.45046887,7.5751276,-0.081678875,-0.049220417,0.102347165,0.35125926,0.21884981,5.883333,0.739267
48.177166,-0.010041972,-0.003700016,0.10052617,0.43283638,0.47228852,0.6775943,0.31238464,0.37347987,0.08727799,0.19147666,0.18076836,6.3514934,-0.1641906,-0.10389685,6.164598,-0.13237767,-0.068196714,3.7365534,-0.15299073,-0.09954587,0.33398592,0.1589143,0.19633825,2.0322664,-0.41832036,-0.30313918,1.5915844,0.080969445,0.019433215,0.4880648,0.41515112,0.35727367,8.711719,-0.03193334,-0.017674007,2.1522357,0.15004401,0.0660117,386,0.25537962,0.2122674,0.8500817,-0.18038236,-0.21839277,1.0146943,-0.17000568,-0.1991345,0.22035968,-0.3504565,-0.3636813,0.089924045,0.28597462,0.27632025,0.6199956,0.5459362,0.42469257,7.2669005,-0.0815936,-0.048656493,0.14835747,0.35504922,0.32309547,5.891667,0.7403141
45.06945,-0.010018232,-0.003708371,0.081594184,0.4217409,0.37707832,0.6169276,0.3053662,0.20891207,0.08428646,0.18544054,0.16268013,7.623953,-0.16276701,-0.0980858,8.440345,-0.13132186,-0.06417154,4.858621,-0.15150706,-0.10043891,0.29551235,0.1616967,0.14536916,2.1342177,-0.41650254,-0.29548863,1.5649166,0.075266,0.012721232,0.47478995,0.4112695,0.34074906,7.952343,-0.031941324,-0.017173294,3.041098,0.15187916,0.07923787,371,0.2464549,0.19572708,0.86225265,-0.17679505,-0.20535128,1.0153649,-0.16688448,-0.18806471,0.3470837,-0.34822112,-0.3009036,0.076133855,0.279415,0.24399559,0.796344,0.5359411,0.4243653,6.694614,-0.08173862,-0.048795894,0.13225892,0.34702784,0.35691184,5.9,0.74136126
58.27345,-0.009987846,-0.0029466476,0.08764188,0.4190636,0.32917204,0.9930118,0.30663309,0.35177463,0.07582052,0.18054631,0.11757124,9.320257,-0.16187353,-0.0818877,10.2758465,-0.13096754,-0.058103554,8.00677,-0.150862,-0.06420337,0.31855094,0.17627029,0.07500217,2.1911657,-0.4155228,-0.2872436,1.5911642,0.07156099,0.0396547,0.45965284,0.40866885,0.31418055,9.142166,-0.03181241,-0.014175481,3.0746012,0.15179546,0.0805538,349,0.23786071,0.18010567,0.86116374,-0.1743139,-0.20406498,1.015304,-0.16460966,-0.18717971,0.3881158,-0.35885286,-0.17039067,0.068769686,0.27857172,0.23041676,-0.01968085,0.52065456,0.26641038,7.8298597,-0.08171995,-0.044279646,0.08825865,0.34349558,0.1987636,5.9083333,0.7424084
41.270126,-0.009995164,-0.0038227928,0.088012226,0.41473985,0.28646097,0.65542287,0.2893362,0.18303463,0.09410194,0.17777872,0.15556292,6.2331634,-0.16165245,-0.09312664,8.239987,-0.13108543,-0.056896135,4.3680305,-0.15316802,-0.08145909,0.3903333,0.20724963,0.04695384,2.0209818,-0.4149831,-0.28955457,1.5717331,0.06307453,0.046388548,0.51760244,0.40851197,0.34437227,6.5900493,-0.031823877,-0.019100565,5.3712797,0.15506086,0.18530567,395,0.23277031,0.20491615,0.8825795,-0.17033441,-0.12223423,1.0165925,-0.16085975,-0.11507959,0.19621947,-0.38760358,-0.1926149,0.071183704,0.28033987,0.19554827,1.0765167,0.5369092,0.35776907,6.0753727,-0.08204242,-0.049274612,0.13428313,0.35109037,0.28254753,5.9166665,0.74345547
47.83762,-0.00995399,-0.0038380323,0.12821822,0.41167012,0.36788836,1.0379648,0.272014,0.35856122,0.084096335,0.17176497,0.14936009,6.588939,-0.16048834,-0.09205976,5.3898764,-0.1315559,-0.05868604,4.485651,-0.15538175,-0.07499513,0.37568325,0.23276724,0.08752403,1.930675,-0.41330096,-0.29701927,1.6053554,0.054941453,0.056551084,0.51326317,0.40309593,0.36446652,7.7654366,-0.031321697,-0.021031959,3.500243,0.14315496,0.2305608,377,0.22252339,0.19664599,0.8534422,-0.17318447,-0.11589121,1.0148927,-0.16335143,-0.10931056,0.17842238,-0.4101839,-0.21826051,0.10280489,0.28680086,0.229407,0.62421364,0.5347146,0.35864663,6.6372194,-0.0818563,-0.05137178,0.12352848,0.36093882,0.21740872,5.925,0.7445026
43.762203,-0.009886779,-0.003896704,0.09936389,0.3926952,0.42013952,0.66884017,0.23669004,0.3838464,0.097082675,0.16587089,0.17430705,5.639612,-0.15860687,-0.10097567,5.521612,-0.1308557,-0.06542944,3.6854007,-0.15622321,-0.085118845,0.37453938,0.25819683,0.16441482,1.9728582,-0.4100917,-0.3088756,1.5688502,0.045598693,0.059453942,0.50697166,0.39436793,0.3901296,8.099988,-0.03042782,-0.020730611,2.3385391,0.124990985,0.20697458,375,0.21168149,0.20032161,0.85589564,-0.17505585,-0.1278902,1.0150146,-0.16494058,-0.119493864,0.17296925,-0.4245312,-0.32473543,0.099157386,0.28348,0.28992692,0.8373494,0.5287928,0.36717784,6.6783,-0.081239626,-0.051426113,0.1485615,0.36744806,0.26017848,5.9333334,0.74554974
43.509377,-0.009760236,-0.004559343,0.08967994,0.36975846,0.42613235,0.6895799,0.21232028,0.23605305,0.09430898,0.15423363,0.21035136,6.505057,-0.15406238,-0.113624744,6.6868343,-0.12840292,-0.07372144,4.717299,-0.15348135,-0.1135037,0.402173,0.28507617,0.24577644,2.141688,-0.40390924,-0.31251112,1.5803539,0.032512695,0.05147621,0.47200987,0.37976083,0.39998364,8.880574,-0.029419178,-0.021264529,2.2552722,0.10524891,0.17946817,363,0.19740191,0.21318631,0.8640383,-0.17680122,-0.122464396,1.0154713,-0.16641316,-0.11462917,0.21131225,-0.4280703,-0.4328548,0.09174525,0.27008075,0.35032073,0.3775677,0.51743835,0.44982547,7.246547,-0.0804132,-0.053368848,0.13005012,0.35739478,0.36981833,5.9416666,0.7465969
41.257225,-0.0095827505,-0.004559922,0.084020644,0.34864262,0.41439527,0.72608274,0.19679113,0.27046955,0.09374848,0.13896891,0.20966226,6.367757,-0.14836553,-0.113019995,7.2222157,-0.12537825,-0.07607288,5.158825,-0.1495612,-0.10667993,0.37675175,0.3075778,0.23256204,2.0595694,-0.3972452,-0.30967578,1.5506063,0.016737709,0.035885245,0.50017184,0.36379716,0.38608375,7.275273,-0.028383506,-0.019865964,4.242936,0.084862925,0.14158757,374,0.17948633,0.19388928,0.8698467,-0.18184137,-0.14649773,1.0158205,-0.17068665,-0.13707696,0.22021575,-0.42777377,-0.41818053,0.08265711,0.2506627,0.38047987,1.1341856,0.5135371,0.46182343,6.341357,-0.07955995,-0.05248298,0.115717724,0.34313437,0.32111204,5.95,0.747644
53.109974,-0.00931469,-0.0043232893,0.09667205,0.33079097,0.32163498,0.7471851,0.184464,0.12883873,0.07866429,0.118333556,0.19907217,7.8638163,-0.14118116,-0.1072918,9.546412,-0.12197094,-0.066469684,4.7812147,-0.14551319,-0.104129516,0.33766466,0.3327455,0.19557115,2.0795875,-0.38956878,-0.298734,1.556749,0.00013105322,1.5173965e-05,0.4810555,0.34371275,0.3604,8.401065,-0.026944157,-0.018568626,2.6348166,0.05439419,0.112533584,360,0.15919082,0.17826787,0.85329646,-0.19194381,-0.14677285,1.0148774,-0.17938976,-0.13752049,0.28093684,-0.4255705,-0.3554906,0.06479937,0.22935627,0.28057814,0.7231303,0.49263623,0.48240307,6.9994035,-0.078251325,-0.05127672,0.12938166,0.33288726,0.33646783,5.9583335,0.7486911
50.27809,-0.009051471,-0.0040308437,0.089446515,0.31146896,0.2924733,0.54544294,0.16803378,0.06873531,0.08037688,0.09649708,0.16650325,7.834713,-0.13361272,-0.09742892,7.119023,-0.119403064,-0.06277905,3.8400788,-0.14182462,-0.102794796,0.4617933,0.36538488,0.28046647,2.162055,-0.38147068,-0.28483227,1.540049,-0.016114496,-0.021239216,0.4558147,0.32188103,0.31960523,9.447565,-0.025305461,-0.015818175,1.2973502,0.01877927,0.077578925,329,0.13790368,0.13599816,0.84996694,-0.20362818,-0.15796335,1.0147249,-0.18943693,-0.14594842,0.16793644,-0.4304385,-0.35856828,0.08845733,0.21496378,0.25245184,0.27731413,0.46480623,0.36588764,7.4852824,-0.07675652,-0.048589047,0.16398877,0.32506856,0.37694126,5.9666667,0.7497382
63.31581,-0.008791548,-0.0031418942,0.07370867,0.28992403,0.24551035,0.74266917,0.1590777,0.09459364,0.06118348,0.07368149,0.1019232,10.798391,-0.12574178,-0.07813839,11.395809,-0.116357826,-0.051899504,6.6568694,-0.13679299,-0.086058244,0.50879127,0.38047126,0.38420266,2.3342214,-0.37261045,-0.27068532,1.4886411,-0.032081325,-0.08892055,0.42730883,0.29971203,0.2839587,9.891131,-0.023890696,-0.013755593,2.0686765,-0.011012415,0.07131456,316,0.11740984,0.09280956,0.85246855,-0.21415308,-0.17980151,1.0148469,-0.19863957,-0.1641045,0.15189184,-0.42270753,-0.39490518,0.05797597,0.19565566,0.16368555,0.50041467,0.449838,0.39144596,7.8500166,-0.07541431,-0.04657918,0.09924833,0.30341327,0.29613283,5.975,0.75078535
56.066154,-0.00857989,-0.002477242,0.085062936,0.27018136,0.24857517,0.6927068,0.15546164,0.07833714,0.068689324,0.05512227,0.053068936,9.120756,-0.119123615,-0.0657688,7.1793194,-0.114020005,-0.051998608,5.1018677,-0.1311863,-0.08654973,0.3566069,0.37840104,0.36460236,2.1124947,-0.36505282,-0.2667965,1.5832708,-0.040135752,-0.06481505,0.4720439,0.28088582,0.26152828,8.759772,-0.022725498,-0.010725681,2.5596669,-0.03903618,0.014804066,350,0.10081645,0.0707558,0.8531141,-0.22373493,-0.21138458,1.0148622,-0.20708452,-0.19197339,0.26989162,-0.40073782,-0.3645273,0.08726434,0.18170165,0.17579614,0.79269195,0.42399892,0.32039818,7.327968,-0.07418078,-0.043293253,0.122797884,0.28086925,0.3147076,5.983333,0.7518325
59.492046,-0.008406386,-0.0021908027,0.09357663,0.2519868,0.23947321,0.7729621,0.15284654,0.090892404,0.07418984,0.04037081,0.044345748,8.610112,-0.11354728,-0.06241559,9.8347,-0.111246526,-0.051332556,5.276477,-0.12588172,-0.08227611,0.44019327,0.37920088,0.46435943,2.1734111,-0.3571282,-0.25990254,1.5692079,-0.051101044,-0.055620763,0.45663294,0.2629728,0.24205269,10.370082,-0.021767862,-0.00670685,0.9631452,-0.0626859,-0.041317068,370,0.08594189,0.079944864,0.85079765,-0.23009235,-0.21610104,1.0147706,-0.21254028,-0.19507924,0.19858961,-0.3824135,-0.41488448,0.06495194,0.16247389,0.1761972,0.2921683,0.39893016,0.23073646,8.065462,-0.07313479,-0.03974272,0.12106238,0.25966138,0.292882,5.991667,0.75287956
62.409153,-0.008243595,-0.0016463379,0.064938866,0.23872164,0.1674094,0.70905596,0.1606792,0.17058381,0.057262357,0.024599085,-0.00071733096,13.217373,-0.107477106,-0.038230576,14.182275,-0.10857374,-0.035013724,8.263997,-0.12016265,-0.044102114,0.42321685,0.3708354,0.42682576,2.4391444,-0.34920582,-0.23954262,1.4922463,-0.06311246,-0.09089782,0.41767046,0.24535643,0.21163484,9.337775,-0.02128473,-0.0069309343,1.4467524,-0.074645,-0.036301352,309,0.0679602,0.061566737,0.85746795,-0.2374161,-0.2019428,1.0151061,-0.2189033,-0.1839928,0.33364108,-0.35923842,-0.31355235,0.053366467,0.14736396,0.083956964,0.5672323,0.38395068,0.29105398,7.5401115,-0.072404325,-0.03956011,0.09158497,0.23527452,0.10293074,6.0,0.7539267
63.009415,-0.008169326,-0.0016600895,0.08453342,0.24078003,0.19923918,0.9426969,0.17612544,0.26801187,0.062286478,0.017113464,0.0014330249,10.873052,-0.105615,-0.037895117,8.934285,-0.10854469,-0.040700793,7.5524673,-0.11885793,-0.036374,0.34693402,0.35413343,0.26934373,2.289221,-0.34437966,-0.24284914,1.554719,-0.06786483,-0.04213431,0.42779952,0.23277314,0.21202615,10.28674,-0.020981785,-0.006123484,1.2371762,-0.07658463,-0.064216375,305,0.0563911,0.051458765,0.84092665,-0.24464619,-0.22372839,1.014205,-0.22520816,-0.20266017,0.33031005,-0.34637308,-0.20444557,0.075802825,0.14467405,0.13081683,0.44027975,0.36295566,0.2785429,8.136921,-0.071579665,-0.03860457,0.089671895,0.22533923,0.07780698,6.008333,0.7549738
52.468483,-0.00816746,-0.0018215597,0.08182995,0.24114914,0.18973272,0.5456494,0.1751423,0.19638422,0.0723551,0.014437533,0.008579675,8.619796,-0.105341904,-0.040146,8.874819,-0.108761504,-0.036783535,4.158795,-0.1197283,-0.044511773,0.37486568,0.35260215,0.28710896,2.2449698,-0.3393977,-0.23311517,1.5227313,-0.07484783,-0.08681076,0.4499775,0.2215215,0.19442946,8.519111,-0.020959295,-0.006614683,2.5086613,-0.07178876,-0.06592873,344,0.04892077,0.045945324,0.859494,-0.24815944,-0.21168634,1.0152127,-0.22838803,-0.19246787,0.2488205,-0.34680417,-0.21733105,0.07027593,0.14379051,0.086160935,0.66234857,0.33377427,0.25142494,7.10499,-0.070942804,-0.0393472,0.149968,0.22522554,0.14908776,6.016667,0.75602096
56.399567,-0.008207059,-0.001960356,0.08546383,0.24873494,0.16587733,0.6946016,0.19698426,0.15821697,0.060986966,0.015323503,-0.01716008,10.568714,-0.10599752,-0.03134574,8.216474,-0.10952575,-0.040522262,5.238569,-0.119096324,-0.044838883,0.4549093,0.35706654,0.3014272,2.2011526,-0.33640006,-0.23107678,1.5288056,-0.07863208,-0.1166265,0.4440993,0.2141046,0.18443461,9.5578985,-0.021063864,-0.008272376,1.2155848,-0.06413183,-0.05745386,319,0.04488811,-0.0009189065,0.8437071,-0.25235167,-0.22506995,1.014358,-0.23203999,-0.20446564,0.18964455,-0.35281035,-0.22280116,0.07844653,0.147457,0.121632956,0.4314496,0.3064779,0.28040242,7.548538,-0.07036142,-0.04106883,0.123040065,0.21099348,0.1542762,6.025,0.75706804
54.367744,-0.008255987,-0.0023212696,0.086180486,0.25635043,0.2283375,0.69650996,0.21560887,0.15210617,0.06907876,0.019908264,0.0058766734,8.984738,-0.107980184,-0.050363533,8.477138,-0.110027604,-0.053703327,5.016125,-0.119021416,-0.07286477,0.36127755,0.35444343,0.24116224,2.3240957,-0.33351028,-0.2395303,1.5205011,-0.08189606,-0.095775254,0.43105882,0.2083535,0.19511105,9.294319,-0.021387748,-0.008361071,1.7056236,-0.051848345,-0.04876307,299,0.04515255,-0.010107972,0.84706587,-0.25450528,-0.24470404,1.0145262,-0.23396733,-0.22132674,0.25937703,-0.35466754,-0.2682153,0.07321512,0.14860734,0.17380734,0.4911359,0.28436786,0.26457056,7.6066365,-0.06988626,-0.040847264,0.12373188,0.20051312,0.23861359,6.0333333,0.7581152
51.97476,-0.008258656,-0.0028165255,0.06878989,0.2673788,0.18204424,0.6513322,0.23273613,0.0101904,0.078665316,0.02439923,0.037808154,8.386603,-0.10934804,-0.061535478,8.545035,-0.110703655,-0.05460264,6.2466526,-0.119357616,-0.08413265,0.43826032,0.3684499,0.33001983,2.2479122,-0.33244935,-0.24256557,1.5371317,-0.08301357,-0.10875417,0.45225605,0.20444573,0.21461374,8.802931,-0.021503188,-0.011389576,1.7161008,-0.04132679,-0.032684673,342,0.051300697,0.023891568,0.85140646,-0.2586746,-0.22492316,1.0147859,-0.23739155,-0.20443422,0.2214745,-0.3647645,-0.3347707,0.0772068,0.1532583,0.17749783,0.4011,0.25129986,0.2564192,7.393448,-0.06910238,-0.04332342,0.10561413,0.19792107,0.28043804,6.0416665,0.7591623
57.91093,-0.008243101,-0.0025722582,0.08985659,0.28646815,0.20564626,0.75979555,0.2572229,0.11449512,0.072010234,0.029385038,0.03713582,8.773403,-0.11072622,-0.060845297,8.563999,-0.111189164,-0.055320755,5.342065,-0.12054919,-0.07392222,0.36650366,0.37744686,0.32188386,2.268625,-0.33076623,-0.24082744,1.5392528,-0.08245903,-0.09656175,0.44213697,0.1987085,0.20836136,9.401541,-0.021432867,-0.009588507,1.3645184,-0.026252802,-0.07109569,331,0.055663902,0.011945784,0.8497469,-0.2597998,-0.24332094,1.0146943,-0.23813958,-0.21950844,0.26527116,-0.374353,-0.32471076,0.073771,0.15636122,0.186685,0.5527584,0.21546908,0.23361897,7.7580066,-0.06805824,-0.041148536,0.11826417,0.19950856,0.19726306,6.05,0.76020944
67.509674,-0.008302705,-0.002073616,0.083590396,0.3090998,0.20013751,0.8190549,0.28646073,0.17511289,0.05658437,0.042140804,0.028552704,12.164716,-0.11348111,-0.05367425,13.714283,-0.11244856,-0.0426187,6.744582,-0.12222403,-0.060926825,0.36539534,0.38285437,0.23478961,2.4157522,-0.3317061,-0.22505914,1.5130944,-0.075701654,-0.10815617,0.40508646,0.20015104,0.17725082,9.481696,-0.021725588,-0.009744038,2.7464066,-0.0042132963,-0.01970314,316,0.06445642,0.009189065,0.84033185,-0.25647378,-0.24969178,1.0141743,-0.23496376,-0.22485003,0.3229374,-0.385169,-0.24319914,0.05019094,0.16640913,0.11241204,0.53500116,0.18756,0.2551629,8.109688,-0.0674817,-0.039279617,0.10205714,0.20153996,0.14221437,6.0583334,0.7612565
51.00801,8.180739e-05,-0.002224407,0.10715702,0.31977612,0.2618182,0.975975,0.29921618,0.31123266,0.07996947,0.051288288,0.04978478,7.728867,-0.094229884,-0.05931705,8.003624,-0.088954195,-0.043712698,5.6293488,-0.112537645,-0.055635314,0.34518376,0.39144632,0.21913084,2.3602436,-0.31191406,-0.22240308,1.5541863,-0.06949392,-0.083297424,0.41463083,0.19183657,0.16415042,9.249107,-0.010113336,-0.009836317,4.2577386,0.006212225,0.065976135,340,0.06875351,0.04686423,0.8597982,-0.24836263,-0.22565924,1.0152279,-0.2276719,-0.20444645,0.27288973,-0.38661033,-0.23493584,0.077224195,0.17126413,0.12295036,-0.04564452,0.13604052,0.14348564,8.815114,-0.052606907,-0.035254758,0.10979484,0.19469719,0.10565057,6.0666666,0.76230365
57.931995,0.016036602,-0.001957035,0.070937805,0.30341235,0.2681341,0.70660913,0.28476083,0.33815652,0.06655815,0.05002272,0.02618118,10.307106,-0.063347705,-0.050687976,9.801693,-0.049461827,-0.040809333,6.8334417,-0.0873629,-0.05057191,0.52228194,0.40467167,0.30088127,2.4641898,-0.2739732,-0.20651148,1.4865108,-0.06573646,-0.120654166,0.40641165,0.1731722,0.12759213,9.628349,0.012089745,-0.00815161,2.708238,-0.0032961038,0.09928403,309,0.06584471,0.016540317,0.84789884,-0.23803198,-0.23227994,1.0145721,-0.2169351,-0.21066338,0.16373996,-0.3706094,-0.27024183,0.06999014,0.15989281,0.103980586,0.03653912,0.09188819,0.06763868,8.203526,-0.024656704,-0.032556776,0.10039186,0.16952774,0.09194993,6.075,0.7633508
49.604584,0.050232008,-0.0023298394,0.1157346,0.27674007,0.34422737,1.0448614,0.26127198,0.4770043,0.07784004,0.039653234,0.037546717,7.9881635,0.11301977,-0.054216165,7.4546976,0.097495675,-0.043372247,5.6136518,-0.04495373,-0.048228383,0.46411046,0.39330798,0.3958496,2.0809631,-0.21291594,-0.22030047,1.5559068,-0.07447421,-0.108364016,0.46550643,0.14005631,0.14622794,8.827619,0.055484768,-0.009323004,1.8317096,-0.027463488,0.114968516,366,0.046144184,0.048702046,0.8436455,-0.23238158,-0.24379642,1.014358,-0.20960118,-0.22044152,0.15768848,-0.3237656,-0.33603105,0.08341035,0.13736282,0.12931868,0.29791945,0.053979296,0.014619391,7.6253066,0.022320217,-0.032998733,0.1107655,0.12851648,0.072277196,6.0833335,0.7643979
56.522522,0.087773085,-0.0028229633,0.074404255,0.2212962,0.3172159,0.54621756,0.1977251,0.3441127,0.07122094,0.019539874,0.066081546,9.153045,0.3173613,-0.067748,8.3593025,0.27702823,-0.055744313,4.785652,0.027742945,-0.06513199,0.4644277,0.35643336,0.49220496,2.303727,-0.12812497,-0.22853184,1.5107919,-0.09035965,-0.11006323,0.435693,0.0900189,0.17063493,9.10026,0.10358267,-0.010101528,1.5061376,-0.052339207,0.073330365,343,0.0111724455,0.07351252,0.8506182,-0.2164837,-0.22438075,1.0147401,-0.19227965,-0.2039899,0.18746074,-0.2447525,-0.4188781,0.077983595,0.09848807,0.20237477,0.4352799,0.009189077,-0.0061276276,7.631764,0.079024665,-0.034590468,0.13621727,0.076886974,0.16189623,6.0916667,0.76544505
74.16013,0.125656,-0.0017838527,0.09998446,0.15656407,0.29612523,0.80299157,0.13784438,0.2598572,0.05707286,-0.007638509,0.021443283,12.043787,0.52972823,-0.04836049,8.8574915,0.46459195,-0.05377155,5.520408,0.11467258,-0.06607205,0.5135223,0.29628047,0.65599304,2.1641111,-0.03693313,-0.24294323,1.5419201,-0.09675109,-0.119115405,0.43789545,0.03785906,0.18918711,10.675531,0.1533966,-0.0071901474,1.4627595,-0.079590745,-0.02050231,358,-0.03193072,0.090052836,0.82784975,-0.19464281,-0.28468406,1.0135453,-0.1692683,-0.25292012,0.17385106,-0.13716888,-0.47944248,0.077603616,0.04884813,0.2033721,0.08058485,-0.049441848,0.020134412,9.082119,0.13846265,-0.033701204,0.12451496,0.0029448103,0.20051444,6.1,0.7664921
46.819515,0.1634763,-0.0022826015,0.104189366,0.076144315,0.3939002,0.77913374,0.06724957,0.29518193,0.09988123,-0.033969343,0.08640853,5.9427176,0.7420516,-0.06797027,6.7637687,0.6536262,-0.060790326,4.438719,0.20579463,-0.08673611,0.2915878,0.20022972,0.43153492,2.2711535,0.06772067,-0.2571271,1.6175343,-0.101609886,-0.022423856,0.4458483,-0.025914405,0.22063558,9.082184,0.20323399,-0.008304889,3.0459137,-0.10388028,-0.009165905,341,-0.08647076,0.11945785,0.8749831,-0.16315214,-0.23356208,1.0161237,-0.13808833,-0.20780082,0.3019782,-0.0034264238,-0.39490667,0.08775669,-0.007560333,0.25007346,0.1443646,-0.09911643,0.04256752,8.078437,0.19834186,-0.034117814,0.13372463,-0.083581746,0.2879629,6.108333,0.76753926
34.243053,0.20158277,-0.0029720557,0.11236777,-0.02129376,0.38400018,0.9683538,-0.004791644,0.2579172,0.13396375,-0.06933996,0.1958249,4.1513453,0.9579863,-0.08520961,5.604817,0.84433925,-0.06506426,4.7925696,0.30285794,-0.093821235,0.32184267,0.1078251,0.29311284,1.9628975,0.18343166,-0.2658023,1.6136204,-0.12454433,0.020167142,0.5352831,-0.10225066,0.27627847,7.3708043,0.25510243,-0.011278297,2.743531,-0.13806595,0.021445645,379,-0.15099329,0.13140363,0.8824078,-0.13250609,-0.16039757,1.0165774,-0.10744594,-0.14326328,0.23428705,0.13940433,-0.3480649,0.09922353,-0.07186826,0.29164013,0.76419574,-0.15221001,0.13957639,6.1370077,0.2713374,-0.039074626,0.11603999,-0.18909532,0.30180055,6.116667,0.7685864
2941.8662,0.26113632,0.12652755,0.013807547,-0.14370571,0.20581785,0.37436387,-0.106240086,0.174212,0.011750545,-0.12993483,0.07988397,84.049286,1.2303953,0.25130925,156.53749,1.0735545,0.2772844,26.777464,0.41535398,0.09594613,0.33899957,0.02040944,0.17107522,6.3086166,0.32518864,0.028468117,1.4464904,-0.17363252,-0.027285488,0.18631601,-0.20645718,0.07741459,96.23113,0.33353373,0.16655877,0.23762919,-0.18743466,-0.021140553,194,-0.2399762,-0.005513439,0.86859614,-0.11014686,-0.12646385,1.0157295,-0.0841842,-0.1144919,0.6486254,0.30171737,-0.06605231,0.0063091908,-0.15761434,0.10323602,-0.56746423,-0.22881383,-0.0690447,70.86992,0.36632875,0.17154138,0.03688269,-0.31012604,0.04119642,6.125,0.76963353
2609.3242,0.30432585,0.24031043,0.014129606,-0.2510593,-0.046635095,0.43265826,-0.18751238,-0.0061672027,0.024099145,-0.1836935,0.015599826,38.35499,1.4672775,0.369529,91.62227,1.2592368,0.4685029,28.303389,0.5133707,0.2925405,0.33757564,-0.072595604,-0.00011531743,5.4770246,0.44967067,0.27189362,1.5693614,-0.2204113,-0.0070345346,0.2342063,-0.30032414,-0.08501583,87.12429,0.3903856,0.32259327,-0.2979858,-0.2227527,-0.080252066,262,-0.3224804,-0.09372846,0.88009304,-0.08950504,-0.027853627,1.0171504,-0.06213113,-0.0096568065,0.58674675,0.44736975,0.18644276,0.010088403,-0.23392385,-0.074235216,-0.2387484,-0.28858006,-0.13548203,67.442406,0.43737048,0.36591154,0.03265766,-0.41871017,-0.19979109,6.133333,0.7706806
6244.595,0.33240938,0.51847816,0.005782635,-0.32794064,-0.33599636,0.20153782,-0.24110082,-0.28749833,0.0021311308,-0.21926805,-0.1749696,461.47952,1.6836854,2.416317,613.87415,1.4150053,1.8711617,34.27625,0.5835778,0.5500086,0.32388923,-0.1644551,0.031312965,6.709541,0.5475699,0.59801644,1.1798228,-0.26632598,-0.33005297,0.13734147,-0.3809984,-0.33103237,164.97333,0.42629555,0.6407724,-1.2380688,-0.22975183,-0.22407337,59,-0.3968532,-0.3528601,0.8169895,-0.06920556,-0.13731751,1.0131606,-0.04303685,-0.09582353,0.659584,0.5614633,0.40512678,0.0016020762,-0.28619647,-0.3007022,-0.011456145,-0.36119837,-0.16790056,91.72645,0.4823108,0.644503,0.028692557,-0.49894544,-0.4753426,6.141667,0.77172774
1182.4224,0.32458553,0.5700106,0.0057331887,-0.38879022,-0.6495513,0.3512959,-0.2644498,-0.58805037,0.009797153,-0.24142306,-0.41703945,94.2172,1.6137792,2.820995,188.87935,1.362384,2.2945964,56.559677,0.6321778,0.996707,0.165602,-0.2502043,-0.12070426,6.0960445,0.61660945,0.9017109,1.4526635,-0.27617463,-0.4488345,0.19102027,-0.44183248,-0.60556227,43.756157,0.42194864,0.7150361,0.8929873,-0.21444893,-0.28619957,157,-0.44550952,-0.55685735,0.91073924,-0.03320597,-0.08384139,1.0187238,-0.010855409,-0.033404656,0.7574583,0.6544731,0.72505784,0.004887037,-0.32315567,-0.54867613,-0.4586012,-0.43681663,-0.42230368,50.813194,0.49308413,0.79329795,0.016320113,-0.564212,-0.73695755,6.15,0.7727749
172.67674,0.31004217,0.4457242,0.016887944,-0.41062054,-0.6404935,0.50699764,-0.25305218,-0.52344805,0.028141836,-0.23938783,-0.3850837,32.65658,1.4872224,2.5900807,53.581295,1.2450422,2.056728,27.59004,0.61761945,1.0037187,0.1201288,-0.30599228,-0.33365858,3.5333786,0.6433491,0.69779253,1.6739779,-0.2714716,-0.2809553,0.3909108,-0.47355995,-0.4424096,21.275099,0.40798205,0.5620483,0.9186872,-0.1909453,-0.2633352,244,-0.46712723,-0.510912,0.9056315,-0.0073092966,-0.013936581,1.0180962,0.0104811145,0.035417482,0.7988874,0.69557,0.8169465,0.01715181,-0.33264855,-0.52017516,-0.34952,-0.49270338,-0.37696034,19.704987,0.48418012,0.6228921,0.033309706,-0.58922863,-0.7463313,6.1583333,0.773822
72.70928,0.294793,0.3318762,0.035324115,-0.41174778,-0.57817185,0.59044766,-0.23766257,-0.44659317,0.051462617,-0.22318493,-0.33173704,14.967719,1.3448927,2.4849987,17.49211,1.1118624,1.8854587,12.875308,0.575991,0.8705898,0.12013805,-0.33165485,-0.54521847,4.3745384,0.66376877,0.61678433,1.5925906,-0.27946812,-0.2638129,0.2456881,-0.5080074,-0.43325356,12.229278,0.39122984,0.40918505,2.3145278,-0.16768956,-0.17562822,244,-0.48339006,-0.52745235,0.8867382,0.010229971,-0.0013937601,1.0168339,0.023731366,0.026216147,0.6501399,0.6908844,0.8557129,0.044035744,-0.3224555,-0.43094078,0.1803579,-0.53541845,-0.28976518,12.492995,0.4704564,0.43988192,0.059825987,-0.580252,-0.6750552,6.1666665,0.7748691
138.79419,0.27942255,0.05783647,0.054468952,-0.38986978,-0.4350116,0.86386704,-0.2144057,-0.12399077,0.052882414,-0.19432479,-0.23279452,14.712006,1.1980658,0.47761214,14.4053545,0.9750248,0.50045496,12.33903,0.5244083,0.68129355,0.20033464,-0.31523633,-0.66543317,4.241368,0.66441935,0.4354285,1.3529506,-0.28962553,-0.13604958,0.2241291,-0.524699,-0.36404538,24.313025,0.37386307,0.122092605,0.7185339,-0.14992924,-0.10994141,189,-0.48689386,-0.40799448,0.89172333,0.021702759,0.13966776,1.0171804,0.03189942,0.14311428,0.5776717,0.6425442,0.8056217,0.054008137,-0.2964349,-0.29318562,-0.3071824,-0.58212984,-0.3512911,66.295044,0.45509022,0.35518208,0.063052475,-0.5434232,-0.584912,6.175,0.7759162
7290.75,0.26350397,0.33198962,0.009967912,-0.35427773,-0.42255956,0.30127516,-0.19326167,-0.1483545,0.0055735977,-0.15404733,-0.24102859,174.88457,1.0459825,0.8400614,218.75978,0.8360573,0.5694903,29.460913,0.46531007,0.44745827,0.35301122,-0.28740475,-0.48308992,6.2434106,0.64729744,0.4462566,1.1888257,-0.2730789,-0.33075428,0.15076545,-0.52058053,-0.3961463,200.88132,0.35256663,0.44279036,-1.4884738,-0.12549607,-0.1898915,57,-0.4734076,-0.49988514,0.8479958,0.032178257,0.021238435,1.0146027,0.039051943,0.023271129,0.62172496,0.5719992,0.7226176,0.0044557373,-0.26238146,-0.29431933,-0.3639576,-0.6077603,-0.33160046,100.99572,0.41334835,0.52231604,0.03308574,-0.4892133,-0.5409274,6.1833334,0.77696335
261.4831,0.20482427,0.3359754,0.019341659,-0.28018755,-0.41534448,0.5304428,-0.1313215,-0.13693501,0.018503057,-0.07660462,-0.25981992,45.621628,0.78371936,0.89831513,55.0089,0.62104094,0.5727886,23.15043,0.37595218,0.40914887,0.22764811,-0.26790625,-0.37847707,7.1596637,0.5829359,0.712708,1.4239631,-0.21050476,-0.51525795,0.14475366,-0.47304004,-0.5924426,24.124548,0.27876142,0.4486062,2.9213908,-0.082265116,-0.12265701,170,-0.41741315,-0.5678842,0.8829599,0.053889416,-0.021554518,1.016653,0.056465596,-0.018699318,0.61649144,0.46819493,0.6110784,0.015345508,-0.19271968,-0.2990674,-0.7105398,-0.60290605,-0.4067107,28.580732,0.32845318,0.5518769,0.036463235,-0.4027495,-0.53265417,6.1916666,0.7780105
39.93962,0.15339883,0.33450463,0.073514104,-0.19599651,-0.30304825,0.7136631,-0.06636354,-0.076920144,0.10544727,0.013123777,-0.15457377,5.407376,0.52081084,0.8553592,7.334036,0.41579306,0.54931957,5.535342,0.27850467,0.3458123,0.3473792,-0.23563215,-0.1573786,3.913047,0.48704585,0.6787987,1.6010286,-0.13667423,-0.50903094,0.279889,-0.40420407,-0.5651693,10.836593,0.21261825,0.44576368,5.6117673,-0.045753565,-0.011962507,307,-0.34793243,-0.50999314,0.8976171,0.076465786,-0.0010204425,1.0175263,0.07464469,0.0014341209,0.2228138,0.3512334,0.34975877,0.077746145,-0.11426896,-0.21045586,-1.1641524,-0.5788158,-0.6864363,11.581711,0.24840674,0.54884183,0.10300954,-0.30454752,-0.41936216,6.2,0.77905756
242.56648,0.10953123,0.33916214,0.02081322,-0.11989086,-0.40201166,0.5968834,-0.009502381,-0.20696056,0.038968783,0.09293897,-0.18169919,23.633808,0.2684276,0.89544606,48.248276,0.22548237,0.6275097,26.41197,0.19447501,0.4672477,0.21836971,-0.21081959,-0.13983105,5.873222,0.39304316,0.7987037,1.5614797,-0.06333283,-0.3551425,0.20830855,-0.3300976,-0.57778525,23.96963,0.15651153,0.4450628,3.057514,-0.034709197,0.06656142,198,-0.27917892,-0.50172293,0.91315544,0.09846478,0.039433043,1.0185895,0.09385297,0.0424094,0.7026111,0.25630033,0.426162,0.019088367,-0.046843078,-0.30224636,-0.23038544,-0.5062597,-0.6704587,25.383823,0.18018855,0.41258618,0.034869824,-0.2160846,-0.4932993,6.2083335,0.7801047
34.320694,0.08272307,0.013480049,0.090892926,-0.024025625,-0.16405474,0.69235414,0.04728365,-0.016476696,0.124295115,0.18301259,0.0497552,4.543856,0.15041308,0.13008238,7.025595,0.12814048,0.13832223,4.3020635,0.10116855,0.25015196,0.32248873,-0.17774732,-0.16952845,2.662865,0.28274605,0.5356131,1.6271496,-0.0036813826,-0.03167211,0.41538793,-0.24192365,-0.366764,7.8698287,0.117388606,0.05111982,2.9849062,-0.039324243,0.21674116,357,-0.2059961,-0.226051,0.8960608,0.10803932,0.13015667,1.0174211,0.10210288,0.124369554,0.24229038,0.13701527,0.19412917,0.08038879,0.032497685,-0.1026479,-0.090839095,-0.4221926,-0.6136363,7.690854,0.122812726,0.10183237,0.13128097,-0.109363824,-0.23568423,6.2166667,0.78115183
49.251198,0.059304353,0.003954686,0.062921524,0.052543443,-0.035909805,0.5866441,0.09437745,0.010897428,0.09197281,0.2596958,0.1929887,7.184331,0.06118555,-0.04262154,9.904362,0.063430466,0.034113377,6.1605763,0.04056898,0.103546485,0.2337207,-0.15871128,-0.16362002,3.6501932,0.19074513,0.277745,1.5947837,0.051984783,0.0943885,0.29951057,-0.15873736,-0.24335422,12.94387,0.08315919,0.028299676,0.23962812,-0.028453603,0.12670937,226,-0.14068027,-0.17459224,0.8930006,0.1232272,0.14910865,1.0172256,0.11701715,0.14102468,0.42704248,0.04534218,0.07827684,0.06671436,0.09657976,0.03238085,-0.38380888,-0.36210772,-0.5456599,10.63766,0.07564125,0.04207259,0.10725672,-0.029446855,-0.049957614,6.225,0.78219897
30.077326,0.03621954,0.0035120482,0.08572829,0.12151586,5.535069e-06,0.612161,0.13976514,-0.038541485,0.14136457,0.33453196,0.26301154,3.927571,-0.020847041,-0.049270503,5.595559,0.005944534,0.030096827,3.9646616,-0.007634479,0.08999308,0.36636424,-0.14518584,-0.1451482,3.103977,0.093283586,0.21829635,1.6020187,0.11359305,0.0951192,0.35779676,-0.064279765,-0.18122724,9.25878,0.049498945,0.025079304,1.1354197,-0.006062042,-0.023569994,323,-0.06419198,-0.15988973,0.8965251,0.14252652,0.14704752,1.0174662,0.13629203,0.13927713,0.1888552,-0.034402583,0.05751039,0.099225014,0.15505642,0.08884045,0.05242256,-0.30192298,-0.29255128,8.699605,0.030110886,0.032473676,0.14004207,0.037800673,0.047197193,6.233333,0.7832461
44.712334,0.013286542,-0.0053680143,0.07334165,0.17430179,0.15446338,0.88568825,0.17690532,0.10212743,0.09203942,0.39571112,0.3664758,7.160264,-0.09912977,-0.12328835,10.091343,-0.048968557,-0.05806038,7.9585347,-0.050309166,-0.06924163,0.28255433,-0.15430044,-0.08269859,3.0821674,-0.001148775,0.013215847,1.5980332,0.1764551,0.1220946,0.35906783,0.030647589,-0.061005335,10.615949,0.016125461,-0.0021760098,0.8571556,0.019770695,-0.09744013,294,0.010643573,-0.071674705,0.9003917,0.16265117,0.122955695,1.0177065,0.15647785,0.11359751,0.3764722,-0.08691536,-0.14193091,0.06530613,0.19872268,0.21032897,0.44244322,-0.23419674,-0.15256917,8.82077,-0.014934251,-0.02268992,0.082807526,0.09002361,0.17296168,6.241667,0.7842932
32.076416,-0.009402816,-0.005468742,0.100122906,0.22745247,0.18160379,0.8489524,0.20908724,0.17840217,0.15763457,0.4584568,0.431473,3.5041418,-0.1759817,-0.12795992,5.050428,-0.1037583,-0.06262378,4.683635,-0.092308395,-0.065949045,0.2575215,-0.16347672,-0.14590962,2.2058759,-0.086360745,-0.02036269,1.6424967,0.2273485,0.13342029,0.51045185,0.11501708,0.014802712,7.8511524,-0.01576239,-0.0022141293,1.2263944,0.11567779,-0.15647666,378,0.08389251,-0.05237767,0.90452427,0.18261307,0.13893062,1.0179913,0.17663202,0.13017909,0.2948524,-0.13755222,-0.10978804,0.109371714,0.24469846,0.2865138,0.24487662,-0.24790908,-0.08272347,6.5725093,-0.046454977,-0.02641459,0.117937,0.1463202,0.13795379,6.25,0.7853403
43.544968,-0.010713249,-0.0057248482,0.07539695,0.26748756,0.2182873,0.7763798,0.22125489,0.27081722,0.11796401,0.5048861,0.4821443,5.1902,-0.19804208,-0.13691983,8.311007,-0.120733246,-0.06630504,6.304549,-0.12035806,-0.0647067,0.31047866,-0.1699571,-0.071226574,2.4590843,-0.15069644,-0.10788273,1.6162724,0.25564626,0.14927848,0.46817046,0.18374956,0.14929932,8.42184,-0.0215621,-0.011443744,3.1219425,0.21027048,-0.05971198,350,0.14081249,0.061566737,0.9043266,0.19623646,0.16030869,1.0179764,0.19099021,0.15201019,0.3017781,-0.17657036,-0.18639004,0.07366818,0.27331144,0.30479267,0.24243613,-0.26131177,0.04756691,7.55921,-0.056632906,-0.036667433,0.09711348,0.19356886,0.11134303,6.258333,0.78638744
36.049995,-0.011422851,-0.005456784,0.09245812,0.30170524,0.23807612,0.753576,0.22608604,0.3396966,0.11198982,0.5425133,0.4248765,5.1411734,-0.20759377,-0.13146695,6.8887963,-0.12990458,-0.063317165,4.6926994,-0.13934478,-0.05842446,0.2437716,-0.17921773,-0.19050533,2.6814044,-0.19081831,-0.13893244,1.6233599,0.2756837,0.16502766,0.41590214,0.23844683,0.19563507,8.431599,-0.02542346,-0.013132048,2.1099243,0.3042458,-0.02699604,341,0.19198096,0.07810705,0.91046786,0.20698692,0.1866259,1.0184402,0.20258695,0.18033305,0.33198744,-0.20602882,-0.098861426,0.08357905,0.29628316,0.2636655,0.6719812,-0.28333804,0.1764662,7.602991,-0.062358674,-0.04031973,0.1226925,0.23496774,0.06582645,6.266667,0.7874346
31.332014,-0.012135031,-0.0060573174,0.13467465,0.33449364,0.4184235,0.9899918,0.23442389,0.3905,0.15321709,0.5844328,0.5441459,3.0089433,-0.21757692,-0.1501194,4.459025,-0.13917963,-0.076329984,3.3889637,-0.15787542,-0.09785529,0.23839319,-0.17760202,-0.23347272,2.1677477,-0.2270485,-0.20612195,1.6818546,0.2954226,0.22688545,0.52037555,0.29155374,0.32426876,7.99126,-0.029044347,-0.018489126,1.5660375,0.40612465,-0.003197552,404,0.24599214,0.17918676,0.90875894,0.21615955,0.20241922,1.0182908,0.21240671,0.19732234,0.22262833,-0.24540883,-0.19294043,0.10339066,0.31954312,0.36377493,0.20656961,-0.34229848,0.12739265,6.5987597,-0.06745121,-0.047720183,0.13603613,0.27131763,0.20547165,6.275,0.78848165
36.756695,-0.012218392,-0.005847258,0.07953967,0.33549544,0.35789928,0.7448142,0.22254865,0.33977714,0.13774835,0.60814446,0.5053765,4.2554336,-0.22048643,-0.14674373,8.335501,-0.14021637,-0.068740204,5.489014,-0.16137113,-0.09090568,0.2660321,-0.17045753,-0.22519219,2.4513216,-0.24242403,-0.18808715,1.7255738,0.30616558,0.288194,0.55427283,0.3259674,0.35921347,8.006789,-0.030547483,-0.018171465,10.799681,0.51303303,0.31819558,438,0.2869137,0.23432116,0.9268164,0.22498438,0.24449597,1.0196018,0.22188136,0.2441539,0.32014683,-0.26241896,-0.17747232,0.070323184,0.32392386,0.26113153,-1.0895599,-0.40029764,-0.1502371,9.327537,-0.068341404,-0.038544506,0.10679129,0.28410727,0.17623088,6.2833333,0.7895288
39.170254,-0.012286579,-0.006043603,0.070959195,0.33703133,0.34485024,0.61548877,0.20722197,0.26141152,0.14186573,0.6241997,0.55197436,4.052686,-0.22253592,-0.15185474,6.7764807,-0.14183384,-0.07228555,4.9869146,-0.16523282,-0.10227555,0.26355457,-0.15417908,-0.27084783,2.8054883,-0.2576896,-0.16263415,1.6289985,0.30427465,0.2975854,0.4012875,0.34726462,0.30587813,8.802566,-0.03198308,-0.017394392,3.8182163,0.57395244,0.3415708,377,0.3158695,0.25913164,0.9136473,0.22404858,0.26208895,1.0186343,0.22090618,0.26328745,0.3113827,-0.28530976,-0.1715989,0.08484305,0.3348764,0.2905059,-0.41240665,-0.41778815,-0.28647724,8.7686615,-0.070135295,-0.0345164,0.115289174,0.30068824,0.22391479,6.2916665,0.7905759
38.97921,-0.012334848,-0.0059121344,0.055173025,0.3374863,0.23521483,0.3882946,0.19009139,0.083492994,0.1282101,0.63210076,0.5835967,4.530897,-0.2235511,-0.15459679,8.140424,-0.14325023,-0.069393806,4.0882835,-0.16878481,-0.10749105,0.2684735,-0.13715106,-0.24681364,2.3667996,-0.2660055,-0.18575059,1.6353761,0.29722872,0.306453,0.47795632,0.35862815,0.3553628,8.399255,-0.03298299,-0.017460406,1.2280248,0.71075255,0.31196377,377,0.33649555,0.29221228,0.9129922,0.21906532,0.26685372,1.0185746,0.21560426,0.2671966,0.31243324,-0.30644634,-0.18355672,0.07136075,0.347555,0.25838876,0.35419273,-0.48866215,-0.35259318,7.034571,-0.07123883,-0.036409535,0.14209063,0.31751466,0.27480575,6.3,0.79162306
33.332874,-0.012418354,-0.005822332,0.09403881,0.3510223,0.11572664,0.7598709,0.18788964,-0.028592601,0.14301762,0.6443332,0.56371224,4.051237,-0.22510953,-0.14991362,6.469708,-0.1457201,-0.064748354,4.6817684,-0.17280652,-0.09633544,0.3638363,-0.108941816,-0.124761485,3.5465138,-0.27245477,-0.08444193,1.6146859,0.28769654,0.25688452,0.31305715,0.3668584,0.19003823,7.8552847,-0.033945777,-0.017737938,26.892305,0.84774387,1.1622139,375,0.35593164,0.26556396,0.9077428,0.20810671,0.26493573,1.0182159,0.20418729,0.26502168,0.215562,-0.34002557,-0.18787795,0.089555554,0.37150937,0.22202167,-3.448223,-0.56213415,-1.1129735,10.668217,-0.072113305,-0.022856124,0.12375629,0.33505785,0.24258961,6.3083334,0.79267013
30.437046,-0.01246726,-0.0061059697,0.124678,0.35921547,0.2484542,0.80067986,0.18616694,-0.0013819888,0.18657115,0.64711404,0.6588951,2.2539587,-0.22557713,-0.15890652,3.5966558,-0.14774105,-0.075696915,2.7005951,-0.17529394,-0.12039672,0.20300816,-0.086679414,-0.18608178,1.8442817,-0.28950855,-0.12904587,1.6649141,0.2764903,0.2121194,0.6021382,0.3882255,0.22820812,6.8674903,-0.034622785,-0.020063285,3.455514,0.8488888,0.9156565,452,0.37186396,0.27842867,0.9097493,0.19340846,0.23272131,1.0183505,0.18897857,0.22863469,0.2175155,-0.3679379,-0.25063932,0.11692074,0.39281288,0.34450853,0.8713536,-0.5019718,-0.705005,5.7645717,-0.07433196,-0.034722656,0.15571518,0.34703666,0.37094134,6.3166666,0.79371727
29.558037,-0.012514241,-0.006537384,0.10235548,0.3566894,0.3407738,0.8038636,0.18113638,0.09037022,0.15100378,0.64183706,0.67671025,3.5987818,-0.22522607,-0.16094597,5.415013,-0.14895463,-0.07884243,4.267904,-0.17592476,-0.12660107,0.35105088,-0.05145011,-0.10095064,2.022127,-0.30007613,-0.18660554,1.6509275,0.26205516,0.22830242,0.5510404,0.39365128,0.3476275,6.988201,-0.035122566,-0.023766464,3.0943384,0.8873871,0.89135456,443,0.37900373,0.3390765,0.9024401,0.17706968,0.21156742,1.0178565,0.17208013,0.20601448,0.19237877,-0.39292708,-0.32341293,0.100356124,0.40657556,0.38528636,0.7040504,-0.50556624,-0.47272593,6.066073,-0.07595597,-0.043723684,0.12732941,0.34993032,0.4025289,6.325,0.7947644
31.285585,-0.012511607,-0.006882688,0.10425345,0.34746683,0.4850929,0.89790547,0.1743699,0.3385877,0.150922,0.6296399,0.7209884,3.535294,-0.22409321,-0.16541936,5.861401,-0.1496043,-0.084107846,4.595347,-0.17500998,-0.12222561,0.3054786,-0.02012917,-0.06494584,2.13502,-0.30781862,-0.2036362,1.6399944,0.24420212,0.23171058,0.5246581,0.39211994,0.38486946,7.7968206,-0.035401683,-0.024996053,1.5288919,0.92300534,0.9014552,418,0.37609494,0.37675166,0.9105479,0.15906309,0.20695375,1.0184252,0.15351254,0.20167083,0.22807504,-0.41002777,-0.37499988,0.091028355,0.41602385,0.4369848,0.40363923,-0.52032954,-0.46243858,6.4018064,-0.07719585,-0.045831118,0.116107374,0.34616485,0.33436188,6.3333335,0.79581153
33.54807,-0.012476034,-0.0068730297,0.08955008,0.3349685,0.471894,0.78123015,0.16199419,0.34899122,0.13006832,0.6090106,0.69574296,4.3479958,-0.22218011,-0.16408597,6.911777,-0.15008907,-0.0830865,4.9337106,-0.17389561,-0.1200516,0.3424515,0.009676475,-0.08575255,2.1344063,-0.3135738,-0.3073947,1.6305349,0.22450309,0.24340668,0.51206243,0.3853358,0.5435648,7.602614,-0.03567615,-0.025511762,1.9332628,0.9725049,0.06353354,412,0.370079,0.4107512,0.9015473,0.13894477,0.19525968,1.0178115,0.13276482,0.18991002,0.22308502,-0.4233557,-0.3703994,0.081822164,0.42491925,0.41665673,0.6982979,-0.5377328,0.4002458,6.246293,-0.0781146,-0.060558427,0.11462701,0.34323597,0.3104112,6.3416667,0.79685867
44.344097,-0.012420166,-0.0062488555,0.07085765,0.32506865,0.3136373,0.6945029,0.1502796,0.29727533,0.093425736,0.58835214,0.5141507,6.637469,-0.2202276,-0.14439027,6.385578,-0.15071107,-0.07664301,6.0779386,-0.17283401,-0.0909085,0.34840676,0.029913353,0.055715695,2.2591383,-0.2954505,-0.27691194,1.5828716,0.204902,0.18286167,0.46835738,0.35904256,0.43688223,8.640936,-0.035734218,-0.0218921,1.6188915,1.0742226,0.0018746856,338,0.36274087,0.30599585,0.8785703,0.11974118,0.13640869,1.0163205,0.11290523,0.13087589,0.27170366,-0.43224853,-0.3372621,0.09711108,0.4359318,0.36458486,0.21986476,-0.5963582,0.26470342,7.0003476,-0.075626135,-0.05644265,0.10202644,0.34102857,0.16955888,6.35,0.79790574
35.85032,-0.012391254,-0.005966446,0.07359052,0.31730896,0.22905502,0.5906207,0.14375272,0.19341058,0.1302267,0.57632214,0.47364455,4.1326394,-0.21931104,-0.14199157,4.7774115,-0.15050319,-0.07811612,4.3193097,-0.17140763,-0.09046492,0.30478138,0.04510434,0.010696916,3.184498,-0.2750572,-0.1915035,1.564827,0.19406654,0.11932189,0.3328128,0.33625278,0.2628582,7.868556,-0.035892315,-0.020095266,35.439075,1.2021972,1.087748,402,0.3641292,0.2683207,0.90153426,0.10761257,0.13469903,1.0177815,0.10039249,0.12869552,0.2333986,-0.43716425,-0.31217754,0.11265095,0.43784642,0.3969032,-3.4827461,-0.66902256,-0.6063603,9.92775,-0.0724636,-0.043581255,0.12459861,0.33766618,0.16239461,6.358333,0.7989529
35.91985,-0.012319491,-0.0057584518,0.0900448,0.31102172,0.187275,0.6089522,0.14496179,0.05266935,0.14774033,0.56130385,0.46744174,3.4473414,-0.21758653,-0.14238676,4.7720265,-0.14923653,-0.08063299,3.4443557,-0.16845362,-0.10039682,0.34053192,0.05577215,0.044802673,1.9583026,-0.26102555,-0.2044883,1.6212813,0.18939131,0.10551215,0.54441446,0.32382342,0.2786128,7.8130054,-0.035855543,-0.020062232,1.3913239,1.1532862,1.0831296,413,0.36260867,0.26372617,0.8810953,0.09442164,0.07910664,1.0164868,0.08703433,0.072324306,0.16877946,-0.43217054,-0.34843814,0.10672854,0.4279124,0.43817288,0.5079311,-0.61809546,-0.5846623,6.3742776,-0.07005765,-0.04367294,0.14786841,0.32874644,0.24571964,6.366667,0.8
33.69856,-0.012215112,-0.0057516973,0.08801276,0.29548752,0.18275458,0.64831847,0.14452267,-0.012068281,0.122673884,0.5375061,0.45302585,4.3292813,-0.21449907,-0.14247085,5.3678246,-0.14664485,-0.084200114,3.9121068,-0.1631675,-0.10921224,0.35472912,0.06847068,0.0567484,2.143596,-0.2435286,-0.20381308,1.5993886,0.18369403,0.08252707,0.4921975,0.30451998,0.26277164,7.1983533,-0.035738427,-0.020887341,2.7243383,1.1050535,1.1096874,403,0.3564605,0.255456,0.8848256,0.08510757,0.047544096,1.0167434,0.077612825,0.041266248,0.17636062,-0.41797018,-0.37701115,0.09893947,0.406079,0.48316765,0.27546963,-0.56975263,-0.67263186,6.6197257,-0.06746044,-0.042429216,0.13575543,0.30966634,0.30115002,6.375,0.80104715
29.450811,-0.01212356,-0.006420136,0.095619224,0.28320217,0.25556502,0.65391105,0.14762363,-0.03183945,0.15470268,0.5231505,0.5724888,3.5457957,-0.21206972,-0.15636215,6.674698,-0.14413494,-0.08353214,3.7513278,-0.15802412,-0.12928857,0.34558505,0.07720103,0.05400296,2.62479,-0.21935341,-0.1769458,1.6257051,0.18200248,0.114136964,0.42060846,0.27855098,0.22469462,7.188487,-0.035531815,-0.02385184,19.488878,1.123221,1.7096164,393,0.35262617,0.30599585,0.901696,0.07926005,0.09119431,1.0178264,0.07155645,0.08506149,0.20295905,-0.40271908,-0.41905004,0.082182616,0.3857746,0.44392648,-2.1349697,-0.58510107,-1.1625555,7.564886,-0.06397926,-0.040549006,0.14622666,0.29158944,0.41710925,6.383333,0.8020942
32.41277,-0.0120280115,-0.0065744193,0.09582024,0.27662942,0.3209307,0.77965844,0.15484495,0.06023563,0.13182336,0.5112538,0.5756016,4.4348664,-0.21010932,-0.1550042,5.6842,-0.14267743,-0.08143711,4.7568564,-0.15388235,-0.12551297,0.33221805,0.07489257,0.08069798,2.0826163,-0.20348601,-0.25790963,1.6203505,0.18202363,0.15511172,0.5146739,0.27103058,0.36971846,7.1789637,-0.035382092,-0.02525932,2.002378,1.0513177,0.5870839,384,0.35394835,0.28945553,0.8870545,0.07285612,0.06386346,1.0168641,0.064892195,0.05838478,0.25240096,-0.38889578,-0.40742967,0.10284983,0.3791804,0.41816315,0.5292718,-0.500147,-0.32785454,6.2578588,-0.061335966,-0.052771654,0.122900285,0.27626252,0.4126537,6.391667,0.80314136
37.702335,-0.011921341,-0.006494418,0.09966463,0.26828128,0.34921744,0.8752131,0.15812603,0.189924,0.12622455,0.49986827,0.5336553,4.352119,-0.20821224,-0.15093891,5.759705,-0.14085108,-0.07915519,4.824111,-0.15007971,-0.11360707,0.3441539,0.07348842,0.08422207,1.9385663,-0.18834855,-0.2593598,1.6213964,0.18445514,0.15519664,0.5433866,0.26588702,0.36889878,7.1962585,-0.03514633,-0.026518121,6.077811,0.98197675,0.744418,448,0.36036095,0.32161728,0.89353573,0.067067266,0.0873451,1.0172708,0.05888368,0.081183955,0.20519033,-0.37732577,-0.3851636,0.09537715,0.36693922,0.38832477,-0.015123943,-0.41297895,-0.43667623,6.609165,-0.058640104,-0.051989358,0.1138747,0.26238304,0.32347128,6.4,0.8041885
42.653526,-0.011842375,-0.0060925023,0.057422124,0.2596712,0.25926685,0.5921542,0.15556987,0.16256791,0.1067001,0.49120882,0.50251347,5.8094077,-0.20648097,-0.14428851,8.594159,-0.13886616,-0.07170112,6.392227,-0.14685208,-0.092206106,0.30106953,0.07687084,0.03201298,6.3056407,-0.17105857,0.04645801,1.5810845,0.18588015,0.14168869,0.16938642,0.2575051,0.11147539,8.807024,-0.034748424,-0.023234772,21.598104,0.88832206,1.3780456,400,0.35969988,0.31886056,0.90173936,0.06284457,0.11927015,1.0177965,0.054536607,0.11180591,0.31879482,-0.36899772,-0.29806185,0.07212624,0.35238996,0.3178432,-1.158774,-0.30927008,-0.7350708,20.838818,-0.056066073,-0.004632373,0.09697157,0.25359923,0.22172186,6.4083333,0.8052356
42.781025,-0.01179031,-0.0054942174,0.07288,0.25866473,0.19240303,0.7986625,0.16053016,0.23307239,0.11421403,0.48341826,0.42357856,5.8028193,-0.2046535,-0.1341474,9.093919,-0.13717352,-0.06611179,7.262956,-0.14430675,-0.06190426,0.35408652,0.088712625,0.040284634,2.4666617,-0.20019571,0.034839105,1.6074679,0.18936706,0.12823015,0.4424878,0.28616178,0.12892291,8.538686,-0.034701202,-0.02047897,2.141548,0.6891482,0.7956633,370,0.35910487,0.2977257,0.8875885,0.055469703,0.09264203,1.0168792,0.047162693,0.084259324,0.30867687,-0.36636686,-0.23341303,0.07287984,0.34075776,0.29338986,0.7293633,-0.15376505,-0.13914591,7.6297593,-0.060043074,-0.004416311,0.091252565,0.24898596,0.07749741,6.4166665,0.8062827
47.07614,-0.011754426,-0.0048360983,0.08358649,0.26895604,0.15643017,0.79609954,0.1661336,0.2410804,0.09603745,0.47424075,0.35381186,6.721315,-0.20321336,-0.12387408,8.721259,-0.13674349,-0.05909501,6.1478906,-0.14491796,-0.049901024,0.2772582,0.09738991,-0.013189574,2.4433377,-0.23335387,0.06134411,1.6182276,0.19353145,0.12666355,0.44190285,0.32179862,0.07089215,8.369076,-0.034794264,-0.01804991,1.690494,0.4938809,0.7851927,383,0.36108816,0.2968068,0.8808229,0.046658535,0.08087974,1.0164868,0.038431183,0.0732853,0.36823976,-0.37250718,-0.16257498,0.07401431,0.33818498,0.21759246,0.4890388,-0.025777388,-0.14751638,7.7683,-0.064368,0.00061424606,0.10499503,0.2562999,0.030522997,6.425,0.80732983
43.932064,-0.011810237,-0.0045564966,0.07866647,0.28099853,0.09468587,0.7805331,0.16057125,0.19496435,0.10102052,0.47895736,0.30467516,6.5958276,-0.20388621,-0.1137928,8.840933,-0.13791677,-0.05197619,6.6112037,-0.14857705,-0.0344802,0.44345623,0.11251949,0.08342842,2.159976,-0.26471454,0.07761281,1.5876797,0.19667238,0.10178165,0.49305916,0.35739937,0.03075891,7.8182015,-0.03514899,-0.016780503,1.8052818,0.39274785,0.64175594,379,0.36399695,0.23340225,0.8805773,0.043355413,0.05642044,1.0164565,0.035141293,0.049607158,0.22285773,-0.3969288,-0.15177096,0.07536693,0.35159692,0.16499338,0.51442206,0.037832715,-0.03734426,6.5528917,-0.06860644,0.00042682586,0.10078557,0.27659985,-0.003816333,6.4333334,0.80837697
29.710323,-0.011917893,-0.0051374114,0.09823626,0.294656,0.21469828,0.6421767,0.14880668,0.21932894,0.173581,0.49191463,0.43506333,2.5638385,-0.20598325,-0.12837557,3.8070223,-0.140056,-0.063036315,2.9092133,-0.15435681,-0.06453513,0.2853078,0.11226977,0.06809274,1.9166023,-0.29687586,-0.244884,1.6605436,0.20355503,0.16042016,0.55709773,0.3965066,0.3399365,7.2002444,-0.035544876,-0.020059993,3.0950716,0.29168475,0.020574575,466,0.36836016,0.29405007,0.8899663,0.04282163,0.034198586,1.0170299,0.034587577,0.027315304,0.15972589,-0.4199355,-0.24904522,0.1168981,0.37192538,0.2826812,0.3700901,0.10527616,0.28073615,6.448563,-0.07294197,-0.04750022,0.15297389,0.30545354,0.14310567,6.4416666,0.8094241
29.82078,-0.0120052835,-0.0057190913,0.09513305,0.30587354,0.28013253,0.62983096,0.13738862,0.1370957,0.14138907,0.49231458,0.48804265,3.381555,-0.20693454,-0.13925464,3.845595,-0.14149946,-0.07516196,3.1653726,-0.15898095,-0.09989318,0.32037765,0.121688426,0.035295077,1.9424446,-0.32160595,-0.28340232,1.6191839,0.20524108,0.16906625,0.5552662,0.42069492,0.4298708,7.0906954,-0.035926424,-0.023015391,2.235868,0.2408454,0.023741076,412,0.3643275,0.33264416,0.88913924,0.043418493,0.03712556,1.0169847,0.035296556,0.030383483,0.15773728,-0.44018698,-0.3413482,0.12432795,0.3845872,0.41791824,0.5738535,0.117121726,0.24838232,5.6900063,-0.07666254,-0.05396061,0.15104538,0.3302188,0.29997203,6.45,0.8104712
39.04311,-0.012033904,-0.0060796286,0.08040505,0.31079832,0.27077764,0.63812727,0.12974863,0.060151763,0.11650036,0.4883102,0.5279363,5.074314,-0.2066287,-0.14665484,8.023695,-0.14127097,-0.076773606,4.6916823,-0.1604847,-0.1124588,0.3271302,0.13460197,0.083818965,2.014574,-0.34012014,-0.3149069,1.6357769,0.2072331,0.1820171,0.51904404,0.4312659,0.4913865,8.003111,-0.036207903,-0.02376234,1.8573924,0.24675056,0.02934417,402,0.35804713,0.35010338,0.87664735,0.046807766,0.029244097,1.0162145,0.03891072,0.02246733,0.26402923,-0.4504498,-0.40507528,0.073676705,0.3791411,0.4170308,0.48064077,0.06890045,0.24663511,6.6802173,-0.07955391,-0.05758449,0.12600158,0.341931,0.35508272,6.4583335,0.8115183
34.714466,-0.012104914,-0.006493332,0.09376578,0.322749,0.3151766,0.6787102,0.13053335,0.010556638,0.122098364,0.4911134,0.56902874,4.654127,-0.20710514,-0.15537916,6.548097,-0.14201587,-0.08207094,4.113278,-0.16253074,-0.13401341,0.45558268,0.14992522,0.09561762,2.121136,-0.3586432,-0.3177608,1.5835887,0.20952237,0.17899804,0.5066128,0.44436088,0.50219476,7.7892833,-0.036719453,-0.023821361,1.6413594,0.2531359,0.023840988,371,0.3534856,0.34275213,0.88919985,0.05283257,0.045519356,1.0169847,0.045039333,0.03782696,0.112678595,-0.46691698,-0.4724523,0.08678266,0.38399637,0.44703832,0.50859267,0.025532426,0.2454223,6.2821436,-0.082680054,-0.058486223,0.1381529,0.35457736,0.45311585,6.4666667,0.81256545
42.627537,-0.0121862795,-0.005913583,0.063324675,0.33616242,0.21252038,0.62689006,0.13811827,0.0031109317,0.08988852,0.50216955,0.40586543,7.569492,-0.20829363,-0.13288808,8.635894,-0.14330378,-0.07091439,6.735803,-0.16448063,-0.10099376,0.38826555,0.15329084,0.19579226,2.3018816,-0.3797055,-0.28945133,1.5709864,0.2184777,0.112907484,0.46150875,0.46496058,0.42596805,7.42992,-0.03742262,-0.023352586,2.2675264,0.27354577,-0.00394125,389,0.36055928,0.27199632,0.8764181,0.06118737,0.019946886,1.0161994,0.05352644,0.013675622,0.2921449,-0.4792213,-0.3914751,0.07878865,0.3954847,0.34686342,-0.06454896,-0.026565852,0.15499558,6.696745,-0.08587717,-0.05765965,0.101014,0.36272317,0.31679916,6.475,0.8136126
35.72565,-0.012265781,-0.0056485613,0.13141023,0.3482585,0.31919202,0.9219719,0.14121173,0.1454048,0.12453635,0.5149123,0.37301007,3.765477,-0.210171,-0.13116308,4.71524,-0.1446521,-0.068905175,3.2900665,-0.1675809,-0.099917784,0.3116674,0.15701278,0.18731749,1.9661583,-0.3791089,-0.2877089,1.6449947,0.22692871,0.13195515,0.53625005,0.47093,0.41080374,7.403744,-0.037888266,-0.022713644,4.1079173,0.34372917,0.058906946,441,0.36816183,0.2986446,0.8849814,0.07201957,0.012098935,1.0167284,0.06457641,0.0062210844,0.15727133,-0.49755046,-0.39176005,0.09945173,0.40492928,0.2814735,-0.32905218,-0.08863312,-0.032854095,6.733056,-0.08593991,-0.054185748,0.1425317,0.3734834,0.29446352,6.483333,0.8146597
27.176176,-0.0123214265,-0.0061811716,0.10234127,0.3390534,0.38369465,0.66910315,0.13278273,0.1604923,0.16669403,0.5261922,0.4708655,2.7491062,-0.21111678,-0.14161055,3.6655934,-0.14474444,-0.07897407,2.9960828,-0.16731527,-0.114549115,0.34780666,0.16341764,0.20743501,2.0186858,-0.36709,-0.2874068,1.6520946,0.23215625,0.14399719,0.55037475,0.4580726,0.4357882,6.9433537,-0.03809089,-0.024876643,2.7299523,0.44454464,0.08820041,378,0.36717018,0.27659085,0.9046932,0.083306156,0.065036006,1.0180362,0.07603042,0.059197392,0.110452905,-0.5039484,-0.48567545,0.12501647,0.40571362,0.41642576,0.7926522,-0.16601077,0.03205993,5.9882355,-0.0847494,-0.05649041,0.15295291,0.36982015,0.36517027,6.491667,0.8157068
34.34564,-0.012312089,-0.006197725,0.07536587,0.32799932,0.3295904,0.7674356,0.12883921,0.20370802,0.11648516,0.5284713,0.45992222,5.322109,-0.2107963,-0.13860922,7.4880266,-0.1438097,-0.07680247,6.312794,-0.1652577,-0.095569484,0.31262314,0.16190296,0.06833991,2.2206655,-0.3532274,-0.28009358,1.6254915,0.23504302,0.17492026,0.5018003,0.440666,0.43195054,7.520402,-0.038105752,-0.02542544,2.2450812,0.54376763,0.10846848,367,0.3707401,0.27291524,0.9024741,0.09127417,0.09009134,1.0178565,0.08411849,0.08454783,0.30732363,-0.49599192,-0.3666456,0.082791746,0.393816,0.40593523,0.7393329,-0.25449404,0.080065474,6.3056464,-0.08320942,-0.056412134,0.098204814,0.3593577,0.26036653,6.5,0.8167539
32.60094,-0.0122795105,-0.0066477377,0.09625589,0.32104096,0.4264234,0.64635235,0.12183829,0.21318759,0.12972975,0.53274626,0.537595,4.356029,-0.21067658,-0.15304773,6.1515827,-0.14284745,-0.08254218,3.7946558,-0.16467242,-0.12094865,0.36284074,0.1694338,0.043602377,2.9981182,-0.3402761,-0.22893566,1.6225177,0.23617776,0.21294886,0.36630526,0.42446926,0.3560312,7.30768,-0.038077433,-0.025674935,22.026392,0.6431657,0.77181053,402,0.37602884,0.28486103,0.90425843,0.09669957,0.14264037,1.0179764,0.089728944,0.13622187,0.20226583,-0.49769965,-0.42160866,0.09186361,0.3801063,0.44030416,-2.7032032,-0.3503789,-0.46890697,8.974768,-0.08161968,-0.04882513,0.1489217,0.35733458,0.3860523,6.508333,0.81780106
50.140392,-0.012250891,-0.0060007772,0.06317255,0.31082106,0.22577311,0.7182477,0.110907964,0.1139591,0.09484023,0.54176337,0.47970068,7.120736,-0.21102642,-0.1379721,10.4012,-0.14234295,-0.06940542,7.6782694,-0.16456144,-0.08308284,0.34829053,0.17569223,0.07923552,2.3546073,-0.33879676,-0.20039327,1.6185021,0.23890834,0.19339804,0.4565385,0.4286433,0.2924658,7.7295513,-0.03805347,-0.02500995,5.9532313,0.636251,0.8337612,397,0.38634184,0.24442913,0.899184,0.09787386,0.16944797,1.0176615,0.09105437,0.16335593,0.3270417,-0.50384027,-0.31779024,0.06492829,0.37164873,0.34955552,-0.13987495,-0.3368539,-0.42954862,7.4522295,-0.08126871,-0.04642991,0.08795371,0.3555531,0.24286701,6.516667,0.8188482
31.28422,-0.012309912,-0.0058164005,0.10013107,0.31232125,0.2192741,0.7474524,0.10467492,0.15212084,0.15254791,0.5581421,0.45212203,3.2847097,-0.21298951,-0.13556556,4.8994665,-0.14352931,-0.0665547,3.740399,-0.16799359,-0.076660134,0.35866874,0.17393316,0.089804,1.9449703,-0.3419743,-0.20580973,1.6568768,0.2432426,0.19692717,0.5666731,0.4427756,0.30546278,7.1336136,-0.038079254,-0.024621624,1.8898557,0.60688394,0.8055576,446,0.39791095,0.30691478,0.88757193,0.09298475,0.13713124,1.0168792,0.086516626,0.12970826,0.14240685,-0.51664567,-0.2982497,0.10227147,0.37671623,0.28976774,0.70854366,-0.30156115,-0.4470474,6.0727596,-0.08155632,-0.046148397,0.13396315,0.36723492,0.1930474,6.525,0.81989527
28.211498,-0.012300024,-0.006091712,0.09518326,0.30655992,0.27754638,0.6846916,0.09579676,0.11181849,0.18024936,0.5618669,0.576434,2.7452734,-0.213348,-0.14714363,4.28856,-0.14385553,-0.0739467,3.559539,-0.1696952,-0.10041798,0.38526186,0.17547369,0.16047919,1.8565888,-0.33949164,-0.23256128,1.6730074,0.24043994,0.23199248,0.598461,0.4418875,0.3825441,6.9717393,-0.037803218,-0.025741464,2.3877985,0.60870683,0.81034887,470,0.4004231,0.40156215,0.90372276,0.08314149,0.13948816,1.0179315,0.077402376,0.13188769,0.10957195,-0.52284145,-0.41917932,0.11538461,0.37473425,0.3754417,0.53486764,-0.3139373,-0.48958644,5.64385,-0.08097521,-0.048352525,0.13901626,0.37227535,0.30011618,6.5333333,0.8209424
43.23421,-0.012230702,-0.005614471,0.06263817,0.29937586,0.17869474,0.5278871,0.08643787,0.054117303,0.08580435,0.54610455,0.49079892,7.190509,-0.21169494,-0.13440794,8.338595,-0.14296988,-0.06889386,5.1996117,-0.17024365,-0.08829461,0.48087713,0.19019887,0.27532485,2.1118715,-0.3343646,-0.2976807,1.5512632,0.22835702,0.17940873,0.50288534,0.42965466,0.4914589,7.8012967,-0.037303545,-0.024733976,1.3311352,0.60900044,0.115570396,386,0.39063895,0.38685963,0.8711487,0.06702457,0.07699305,1.0159419,0.062148113,0.07272516,0.13609982,-0.5278651,-0.45964134,0.07399051,0.36014017,0.32846028,0.46165228,-0.3347966,0.16886227,6.3029227,-0.080000035,-0.05725116,0.11865827,0.37585962,0.22072011,6.5416665,0.82198954
36.76821,-0.012135731,-0.0062146396,0.08339909,0.29474637,0.23817012,0.7021858,0.08074843,0.046293985,0.12381908,0.53090197,0.54729486,4.6207833,-0.20992142,-0.14564055,7.3864064,-0.1421669,-0.0758592,4.817192,-0.17031246,-0.112982854,0.31002745,0.1905464,0.23809606,3.4769185,-0.32679278,-0.2152158,1.6209992,0.21842168,0.18125153,0.3073426,0.41051257,0.3724837,8.205052,-0.03682736,-0.023763463,17.394608,0.6411796,0.4996788,382,0.38098702,0.37307605,0.8860521,0.0504176,0.05220627,1.0167887,0.046253487,0.04734611,0.26211372,-0.5197334,-0.49934626,0.077458665,0.3477407,0.36139774,-2.2598386,-0.38175187,-0.27219647,11.333379,-0.078483075,-0.044324912,0.11877068,0.37993613,0.30156842,6.55,0.8230367
29.334545,-0.012052259,-0.006302145,0.11184808,0.29659155,0.27262354,0.6756677,0.08169107,0.01132963,0.16943091,0.51776946,0.58020926,2.7087007,-0.20849203,-0.14822865,4.3749595,-0.14207625,-0.077071,2.7724152,-0.1705101,-0.12133558,0.29798228,0.18873604,0.17905003,1.9186738,-0.3358146,-0.217148,1.6412866,0.21235603,0.1697464,0.58087856,0.41808912,0.38381177,6.8997974,-0.036598425,-0.02424069,3.1808963,0.5960054,0.54302144,442,0.37774765,0.3694004,0.9017033,0.03485266,0.078879505,1.0178264,0.031395823,0.07489269,0.16095535,-0.51305026,-0.48800343,0.104901,0.34344527,0.36830977,0.4634784,-0.3471081,-0.32318237,5.741083,-0.07918838,-0.04542957,0.16553712,0.3849108,0.3844027,6.5583334,0.82408375
32.648624,-0.0076759835,-0.0061029983,0.092550695,0.2773087,0.26488256,0.6633,0.0758619,0.000910362,0.14701024,0.48482713,0.5154077,3.4249928,-0.19515307,-0.14517458,6.289535,-0.12585725,-0.072447985,3.60859,-0.15539934,-0.12091232,0.31927735,0.19413699,0.11484918,2.120895,-0.32232726,-0.1977274,1.6298646,0.19616506,0.13790822,0.531277,0.40159348,0.3302364,7.540478,-0.028341267,-0.023079874,2.7495928,0.54255533,0.55516756,381,0.35322118,0.28761774,0.9037912,0.016799094,0.07900862,1.0179614,0.014925259,0.0757642,0.18423167,-0.49099928,-0.44234732,0.08005504,0.3257078,0.27544206,0.5425084,-0.3188495,-0.3215927,6.276637,-0.06700505,-0.043322057,0.13953067,0.36191976,0.38575226,6.5666666,0.8251309
34.14729,0.0041955193,-0.006510836,0.0779623,0.23726143,0.3099426,0.5335255,0.06316832,0.0036566986,0.12166301,0.43034127,0.5853162,4.6902833,-0.16195074,-0.15640841,5.926714,-0.07324353,-0.07802036,3.9050646,-0.10590563,-0.13208297,0.4210334,0.19469243,0.056623135,2.0596228,-0.2793499,-0.2015665,1.6149498,0.17268452,0.18490703,0.52464443,0.36247534,0.34758803,7.3830514,-0.008328622,-0.023933526,1.6689721,0.47857386,0.56650937,414,0.3136879,0.31334713,0.8841423,-0.00021033504,0.10353418,1.0166831,-0.00040144546,0.09731847,0.14960058,-0.43949658,-0.4340913,0.096281685,0.29498824,0.3340369,0.45757124,-0.29724678,-0.32244176,6.0674047,-0.040433574,-0.044106454,0.14612664,0.30735126,0.45781553,6.575,0.826178
40.710815,0.026695352,-0.006333885,0.0898322,0.18627535,0.3288589,0.9465315,0.044840075,0.12267079,0.10384309,0.36138278,0.5463718,5.8506303,-0.06252176,-0.15088256,7.466084,0.0353172,-0.077836275,6.4015226,-0.030022645,-0.11841178,0.25434196,0.1784769,0.0024429222,1.946782,-0.20087266,-0.31399754,1.6484277,0.12824577,0.20514849,0.5284837,0.29103425,0.5239354,8.002216,0.02673247,-0.02434752,1.3731982,0.4627127,0.028640684,401,0.2500248,0.33080634,0.86015224,-0.024683239,0.054647796,1.0152736,-0.01922763,0.05325857,0.35320556,-0.35994083,-0.3783866,0.08137432,0.24682675,0.34432963,0.386703,-0.34726542,0.22817162,6.413464,0.004383278,-0.060492333,0.09490672,0.22899975,0.39520845,6.5833335,0.82722515
46.916378,0.049476527,-0.0055447794,0.083537266,0.11700134,0.24561203,0.7780159,0.008440921,0.1725218,0.09310735,0.28149462,0.39757466,6.477465,0.044189803,-0.13394898,6.603208,0.1506671,-0.07268816,5.616907,0.055585258,-0.093866654,0.44035912,0.16694671,0.14097108,2.8720205,-0.10198511,-0.24394771,1.5417634,0.07424383,0.13170327,0.35687006,0.19678451,0.34530142,8.48596,0.062786095,-0.021110108,13.448779,0.46085763,0.3733527,353,0.17439593,0.24902366,0.85839796,-0.03996922,-0.027091758,1.0151517,-0.029376695,-0.024520818,0.16274048,-0.27037996,-0.37729493,0.091334336,0.18467547,0.30866814,-1.779682,-0.4149742,-0.23851828,9.275737,0.05152604,-0.048720095,0.10737219,0.13862306,0.24261281,6.5916667,0.8282722
41.883278,0.07224902,-0.005130311,0.08948474,0.044234302,0.23659669,0.6763591,-0.033061124,0.17888255,0.09135004,0.206431,0.28906193,7.0824175,0.15110165,-0.11751569,8.831198,0.26749316,-0.06681594,4.8901105,0.14246538,-0.08280841,0.5153411,0.135777,0.3317349,2.057671,-0.0073137954,-0.24859327,1.5853058,0.028855504,0.09882027,0.4958735,0.11553212,0.31706914,7.8004694,0.098948225,-0.020579457,2.56908,0.39751658,0.36729255,383,0.101279214,0.25086147,0.8674672,-0.0475473,-0.09565387,1.0156687,-0.032426033,-0.091188826,0.13163804,-0.16617152,-0.40945715,0.073260635,0.1159383,0.2908083,0.07778225,-0.40593585,-0.33520463,6.7340727,0.097909935,-0.047196597,0.13230358,0.047201004,0.22365253,6.6,0.82931936
52.547283,0.0949908,-0.004304485,0.07472882,-0.033227123,0.22708876,0.5381461,-0.077912934,0.1811331,0.085943624,0.14330834,0.21942493,7.185514,0.25667235,-0.10630428,7.5773506,0.38380432,-0.06300233,4.4471684,0.22941117,-0.0781306,0.35495594,0.07828947,0.26744363,2.352347,0.09228457,-0.22708455,1.5725285,-0.0111236265,0.06751462,0.42584535,0.031485837,0.23828253,7.999763,0.13540882,-0.019320728,12.17829,0.32938048,0.72011,385,0.025319804,0.22421318,0.86191285,-0.04782633,-0.1376123,1.0153496,-0.028484866,-0.12996487,0.26259318,-0.049278766,-0.34035963,0.081499346,0.05307113,0.25195128,-0.4990702,-0.38457406,-0.53423405,8.285489,0.14455453,-0.03980922,0.13886344,-0.047963474,0.20459752,6.608333,0.8303665
33.907112,0.117658116,-0.004609848,0.06777195,-0.11298371,0.16222145,0.6798781,-0.117900625,0.05125356,0.13872312,0.08340867,0.28742555,4.407589,0.36171934,-0.11278806,6.0591354,0.5003792,-0.06625293,6.1338205,0.31754902,-0.0804406,0.27558872,0.027385755,0.28811604,2.0658293,0.1918998,-0.21833722,1.6708589,-0.050321374,0.084068194,0.53636134,-0.048510738,0.24456453,7.1862416,0.17190759,-0.02098616,2.0947537,0.20313977,0.744334,420,-0.052292336,0.24167241,0.8955568,-0.04321848,-0.07078544,1.0173911,-0.019907942,-0.06838851,0.33584583,0.06272651,-0.35097548,0.100911185,-0.012487616,0.3033061,0.45881012,-0.32376513,-0.51923215,6.186262,0.19054005,-0.04056592,0.099682495,-0.15281358,0.21712677,6.616667,0.8314136
1488.6772,0.14031933,0.06009907,0.015679784,-0.18718736,-0.0373109,0.48059317,-0.1580289,-0.09361289,0.022681579,0.021497881,0.15012649,39.64803,0.466668,0.036251735,95.61337,0.617028,0.13939482,27.563375,0.4038214,0.108935505,0.3577659,-0.015192898,0.20775548,5.782126,0.2998645,-0.0045091393,1.4372299,-0.09399058,0.006925388,0.19881341,-0.14368725,0.118523404,65.9556,0.2086134,0.09631131,0.5734623,0.11720883,0.31208554,184,-0.13439989,0.08637721,0.8785706,-0.040124815,-0.032709204,1.0167736,-0.012828745,-0.021225747,0.541514,0.1636126,-0.11934692,0.009405378,-0.08156593,0.08794673,-0.22951771,-0.31080383,-0.1967202,62.026913,0.23775,0.13512298,0.0326259,-0.24964452,0.021029983,6.625,0.83246076
2575.1917,0.15439472,0.17379867,0.0058785947,-0.22981115,-0.2831516,0.3547677,-0.18846565,-0.25025126,0.014966621,-0.0058483235,0.0012126372,63.204517,0.54825705,0.28841588,209.37563,0.7013859,0.6027297,57.087685,0.46056905,0.55934846,0.25228238,-0.06707784,-0.048192315,7.2137933,0.3695714,0.37435126,1.4951113,-0.116942964,-0.05963559,0.17303012,-0.2067435,-0.13892572,94.09795,0.22959764,0.2724474,-0.63788897,0.04857377,0.20442158,168,-0.18801442,-0.11118769,0.91355944,-0.03254633,0.054290652,1.0186642,-0.0030144595,0.06587951,0.6936757,0.23452896,0.22435185,0.0045179953,-0.11764269,-0.09275093,-0.03355948,-0.26228428,-0.21988486,69.35797,0.2600816,0.34369317,0.016570264,-0.30126446,-0.28259623,6.633333,0.83350784
3643.4597,0.15350504,0.33496553,0.0049565225,-0.24251671,-0.48831436,0.25291997,-0.19762684,-0.38917708,0.0043849926,-0.0039520618,-0.15779059,210.66127,0.5922788,1.2026597,319.73416,0.7139892,1.323932,47.136753,0.4536178,0.9277169,0.22431594,-0.108480796,-0.1753009,7.3720236,0.38336256,0.74318594,1.2073797,-0.1288807,-0.32910487,0.12900679,-0.2331865,-0.3756375,118.2368,0.22723843,0.49744493,-0.90519804,-0.0059081535,-0.23481557,61,-0.21796185,-0.4089134,0.8036175,-0.028540596,-0.05574303,1.0135607,0.0029044938,0.013856279,0.69943225,0.26393974,0.49148884,0.0028891133,-0.12899019,-0.29938665,-0.46257216,-0.19329278,-0.21229143,83.18918,0.25379762,0.59316146,0.019597195,-0.31296724,-0.59549105,6.641667,0.834555
126.78118,0.13142058,0.3391339,0.025021689,-0.2306012,-0.6140199,0.63673127,-0.18117477,-0.41019276,0.03036993,0.022121366,-0.36903134,27.193268,0.5055772,1.3050388,42.638798,0.61596406,1.4084451,21.015741,0.39745563,1.056133,0.23160799,-0.13419838,-0.21809274,5.1328483,0.34086022,0.96854365,1.4958333,-0.09988742,-0.45826873,0.20951492,-0.22201298,-0.6362788,15.581328,0.19510646,0.5145796,1.9692152,-0.04746116,-0.23903014,224,-0.20751661,-0.58901906,0.8954786,-0.0055269836,-0.05589066,1.0174211,0.019903475,0.014730506,0.5942496,0.25754645,0.6495086,0.01936869,-0.11362038,-0.51373017,-0.094688125,-0.09009225,-0.32744682,15.576779,0.21292947,0.6244368,0.039297096,-0.2897077,-0.7539121,6.65,0.8356021
59.602406,0.108827904,0.27499434,0.049472492,-0.19613825,-0.51465374,0.6566345,-0.15508738,-0.32444784,0.070073105,0.06605452,-0.27663884,10.292104,0.405468,1.1731387,16.592657,0.5056556,1.2258769,9.57228,0.32274634,0.90088785,0.22353905,-0.15448639,-0.34869123,3.0566678,0.26432812,0.76828307,1.5910468,-0.059225295,-0.34475622,0.36982659,-0.17775515,-0.4999056,10.637082,0.16095954,0.4016726,2.285089,-0.09078006,-0.18156762,298,-0.17948633,-0.48426372,0.89161116,0.011492918,-0.031276457,1.0171354,0.03112175,0.025248606,0.49766064,0.22816296,0.6226913,0.043464992,-0.07791579,-0.42420068,0.10507318,0.03721147,-0.25783515,9.150113,0.1679708,0.44832948,0.07534251,-0.2404586,-0.6418451,6.6583333,0.83664924
45.128593,0.08615408,0.16144039,0.06030646,-0.14595197,-0.35461065,0.56828326,-0.1234739,-0.22045028,0.09255787,0.11603168,-0.12537026,7.255236,0.30291328,0.92175114,10.483746,0.39175814,0.76636004,6.327992,0.24250619,0.4628824,0.24540313,-0.15263969,-0.35538453,3.1263187,0.18271439,0.46794453,1.6008426,-0.02191904,-0.2667296,0.34540176,-0.13101453,-0.36244908,10.826302,0.12632316,0.23171236,0.9783098,-0.10248696,-0.12730882,253,-0.14550623,-0.40615666,0.89028955,0.02083843,-0.07519878,1.01706,0.035216123,-0.021399602,0.4261261,0.1721324,0.45907864,0.064054325,-0.02470877,-0.26770282,0.32287422,0.1330533,-0.18367906,8.967781,0.12274639,0.2471987,0.10612043,-0.17370233,-0.40691036,6.6666665,0.8376963
36.585342,0.06344154,-0.00044285972,0.07533983,-0.08365139,-0.1476512,0.6932404,-0.08279499,-0.005982265,0.110403806,0.16960566,0.08131948,5.5543666,0.19948058,0.00017827233,8.296393,0.276819,0.04681893,5.642581,0.16028301,0.10482914,0.3291053,-0.12824987,-0.2534278,2.5957918,0.08960245,0.11699764,1.6087071,0.016771339,0.029438417,0.41821274,-0.06692215,-0.1318239,8.479316,0.09085043,0.0076936167,1.5524272,-0.10630923,-0.04480174,359,-0.09321389,-0.13232253,0.892231,0.02675289,0.09206097,1.0171804,0.03604312,0.08386395,0.2841179,0.094207324,0.20510453,0.07391443,0.03483669,-0.08100488,0.78786826,0.22828263,0.07647527,7.377151,0.07656827,-0.0052948273,0.10867778,-0.09816551,-0.17320757,6.675,0.83874345
28.972765,0.04076822,-0.0048326836,0.0799188,-0.01947025,0.013771689,0.65338427,-0.050762054,0.002128967,0.13845111,0.22119126,0.29202995,3.8891497,0.09626369,-0.10453026,5.146459,0.16137788,-0.039802805,4.4022107,0.07620753,-0.038529042,0.3676866,-0.104142,-0.121027626,2.1249313,-0.0063221008,-0.1040174,1.6353776,0.054355793,0.13241819,0.5052139,0.00042984242,0.10397913,7.691492,0.05526296,-0.0084098065,1.6916935,-0.08028558,-0.054118667,390,-0.038211085,0.020215943,0.8928059,0.029011734,0.08701614,1.0172106,0.033482548,0.07774118,0.17077053,0.013765163,-0.05386253,0.10462672,0.098394044,0.14310533,0.45114508,0.29675943,0.19003595,6.4098773,0.0304986,-0.035825387,0.12231516,-0.009950044,0.044590224,6.6833334,0.8397906
33.580997,0.018116156,-0.006000573,0.077463396,0.04557166,0.09607788,0.57409555,-0.014228999,-0.03807348,0.13675858,0.27294585,0.4220371,4.0546618,-0.0068402025,-0.13255592,5.602514,0.04611366,-0.065194264,4.1095743,-0.006994631,-0.08566674,0.27609885,-0.0918794,-0.06988862,2.90906,-0.10172026,-0.114863314,1.628568,0.094168074,0.1601077,0.36725163,0.06836673,0.10192575,9.278015,0.019602416,-0.011183707,4.3578568,-0.05094878,0.015468021,357,0.017320596,0.07443143,0.89173776,0.0330025,0.08725509,1.0171504,0.032703694,0.07817896,0.27841094,-0.055802558,-0.18793868,0.098975174,0.16033846,0.28902,1.1035621,0.37396294,0.39777175,9.1895895,-0.015513047,-0.035693906,0.13493119,0.07474955,0.20092104,6.6916666,0.8408377
37.870773,-0.00021665661,-0.0063263173,0.06884738,0.09725622,0.121192135,0.6797425,0.024591908,0.016215278,0.10358834,0.30539787,0.44354162,6.335752,-0.097834826,-0.1366873,9.700524,-0.052586094,-0.06700381,6.4798665,-0.074396156,-0.08435621,0.344608,-0.0728466,0.026634593,2.460934,-0.18317612,-0.1637543,1.5705804,0.12369329,0.13777506,0.44229168,0.13151471,0.17918992,8.813646,-0.008436108,-0.015291604,1.2050325,-0.03551371,0.023079526,313,0.06181205,0.12956582,0.8944102,0.035989236,0.09503281,1.0173309,0.031837054,0.08605657,0.31170204,-0.110244796,-0.25791156,0.06765717,0.20192803,0.2984905,0.5568438,0.42242098,0.44644916,6.92365,-0.049825355,-0.04250193,0.101284504,0.1327746,0.18823399,6.7,0.8418848
58.24404,-0.011044574,-0.0053542345,0.055097204,0.1366567,0.061669465,0.73498076,0.049501076,0.036545847,0.069549255,0.3240488,0.36389333,10.730625,-0.17034094,-0.113429666,12.580761,-0.11592868,-0.05710527,9.955519,-0.11168367,-0.04713987,0.26600814,-0.05723686,-0.034756936,2.7721322,-0.23640414,-0.1507972,1.581006,0.1502082,0.11733247,0.378072,0.17602655,0.14717999,9.920015,-0.02478577,-0.012351088,1.2986138,-0.019590227,0.014558537,319,0.09770932,0.09280956,0.8769407,0.04015977,0.06617206,1.0162296,0.032368336,0.058406763,0.48029885,-0.15114768,-0.1379425,0.05932129,0.2329153,0.2601308,0.56648254,0.46958503,0.40038982,8.615395,-0.069516405,-0.038377933,0.07496414,0.17795712,0.09978632,6.7083335,0.8429319
40.339283,-0.011363273,-0.004844084,0.07298602,0.16938742,0.041283883,0.6138343,0.05174941,0.017282134,0.091667324,0.3385658,0.27268565,6.904659,-0.18001316,-0.099880576,8.865086,-0.12542747,-0.04851381,5.3231444,-0.12948872,-0.039193135,0.2914008,-0.04027447,-0.1089806,2.326885,-0.26561892,-0.13595812,1.5659472,0.15759684,0.06609474,0.4575726,0.20995124,0.10918879,8.327484,-0.026616666,-0.011053006,1.912632,-0.007601409,0.021975854,313,0.1178065,0.022053756,0.88229245,0.035639465,0.04632774,1.0165472,0.028140616,0.039115164,0.3415308,-0.19104725,-0.033518713,0.07139599,0.2574951,0.17278014,0.79729795,0.50187296,0.47240698,6.7979565,-0.072531,-0.03708543,0.118901834,0.22356537,0.09083146,6.7166667,0.84397906
44.744797,-0.011460768,-0.004343032,0.09405048,0.2083952,0.090057574,0.6997999,0.07159104,0.07850927,0.09264721,0.3539023,0.186688,6.513266,-0.18450567,-0.088833734,6.436967,-0.12979722,-0.046585903,4.489976,-0.13902408,-0.035910647,0.34315512,-0.02836448,-0.043736972,2.3465264,-0.28117406,-0.17729183,1.5762811,0.16793008,0.027508523,0.42533514,0.23603523,0.15550706,9.184985,-0.027606023,-0.011242883,2.8038619,0.0042784596,-0.03019466,333,0.14292797,0.0,0.86270845,0.03582235,-0.00846554,1.0153953,0.028748889,-0.011922873,0.26028082,-0.22785592,-0.044605695,0.09374538,0.2798053,0.15903305,0.19716038,0.5107845,0.28382996,7.8588953,-0.07372268,-0.041517332,0.13439624,0.25728565,0.08942803,6.725,0.8450262
35.22723,-0.011507521,-0.004461679,0.09171993,0.23384455,0.15731345,0.73014146,0.092407,0.10305723,0.12090752,0.36497903,0.22045276,4.701884,-0.18721631,-0.096174926,6.289156,-0.1316483,-0.054467477,4.5255203,-0.14361495,-0.052774705,0.3181089,-0.029054096,-0.06951978,2.170339,-0.29142067,-0.19864409,1.6427962,0.18066314,0.08080171,0.49231872,0.25834778,0.19540077,7.6954293,-0.028402774,-0.013525203,2.3013663,0.011063547,0.0066113146,400,0.16514064,0.079944864,0.8853412,0.04108849,-0.025583345,1.0167434,0.03407978,-0.02900662,0.25038424,-0.24638268,-0.082102925,0.0903926,0.28818753,0.21879563,0.5330658,0.52665454,0.27888292,7.01822,-0.07466614,-0.041202366,0.1256194,0.27145442,0.1532706,6.733333,0.84607327
33.940956,-0.011348107,-0.005552447,0.08535676,0.24278112,0.2462905,0.59089017,0.10391341,0.03287465,0.11985962,0.36469868,0.3185357,4.5933094,-0.18645944,-0.12375071,6.198005,-0.1306857,-0.0692141,3.8112504,-0.14225449,-0.10579361,0.29896915,-0.036299367,-0.037449777,2.3439863,-0.29189208,-0.2301033,1.6237783,0.19011626,0.11236645,0.46644616,0.26508376,0.26587412,8.114287,-0.028172622,-0.017210754,1.9563572,0.0104765445,0.028692992,374,0.17214821,0.13048473,0.89296097,0.049466223,0.004655174,1.0172406,0.04254707,0.00039360902,0.25158322,-0.24372226,-0.2219677,0.08882734,0.283937,0.29635558,0.5504732,0.52864325,0.27555218,6.944562,-0.074247375,-0.04676711,0.14445452,0.270405,0.33557853,6.741667,0.8471204
31.251722,-0.011160524,-0.0059603136,0.09637094,0.25043684,0.315053,0.7608871,0.12618476,0.10450005,0.13945433,0.36409745,0.4116992,3.7215679,-0.18529207,-0.13805276,5.2266192,-0.12894775,-0.07762036,4.097624,-0.13864042,-0.11636862,0.27974266,-0.042988624,-0.048792798,2.2767212,-0.29033932,-0.23378922,1.6424161,0.20004988,0.16879834,0.48409086,0.26892427,0.28702092,7.658746,-0.027858792,-0.018575672,2.5130334,0.007980491,0.048849586,368,0.17882524,0.18102458,0.90407294,0.059547126,0.0457663,1.0179614,0.052736375,0.0415182,0.23924613,-0.23518044,-0.2845171,0.099297225,0.27432436,0.36969703,0.94071907,0.5333251,0.30539095,6.88798,-0.07368585,-0.046467282,0.12665603,0.255849,0.35592166,6.75,0.84816754
44.64636,-0.010946287,-0.005964732,0.07243799,0.24987796,0.25150228,0.7357215,0.1436714,0.121996485,0.10517723,0.360704,0.43612722,6.0611386,-0.18364605,-0.14008424,8.568511,-0.12670808,-0.072695665,6.47475,-0.13362117,-0.099242,0.29733518,-0.04301952,-0.09337415,2.490984,-0.28976864,-0.22317478,1.6235704,0.2095967,0.20369649,0.45361373,0.27536362,0.30957147,8.709554,-0.027423857,-0.019546043,3.004758,-0.0001627936,0.055594042,363,0.18834496,0.20859177,0.8967783,0.068089396,0.11007377,1.0174812,0.061374582,0.10217774,0.3401586,-0.22659147,-0.23567002,0.0743996,0.26116508,0.3188445,0.7987535,0.52015156,0.4305525,7.6687264,-0.07324404,-0.047100645,0.09845844,0.2351085,0.26163885,6.758333,0.8492147
48.071968,-0.010792552,-0.005388236,0.07037529,0.2500998,0.18873917,0.590478,0.15621455,0.05397022,0.08806602,0.36469683,0.37210083,6.8746033,-0.18301941,-0.13032192,8.486281,-0.12521847,-0.067619465,5.079716,-0.12993036,-0.09445985,0.3849049,-0.040903397,-0.028383747,2.678495,-0.2887461,-0.18583663,1.5885957,0.21985778,0.16369812,0.39215136,0.28042644,0.22969371,9.576296,-0.02704956,-0.015707131,3.228452,-0.007741769,0.086718045,328,0.19845966,0.14243051,0.88484246,0.077124156,0.109132305,1.0167284,0.07058491,0.10173893,0.22051403,-0.2235462,-0.25393632,0.071340896,0.2545578,0.268765,1.0735167,0.5059457,0.5429934,8.622122,-0.07277353,-0.041758817,0.11918361,0.22072737,0.24475457,6.766667,0.8502618
40.362255,-0.010708484,-0.005100036,0.07187799,0.25220695,0.14910537,0.542287,0.17584398,0.030296942,0.10351891,0.37677023,0.34024367,5.9020476,-0.18335326,-0.12444158,7.6542134,-0.123656966,-0.06425506,4.6095195,-0.12532084,-0.087571576,0.32825997,-0.04086759,0.00011531743,2.4005451,-0.2920033,-0.18168081,1.5895939,0.23099662,0.13847099,0.44568592,0.29535687,0.21313861,8.482356,-0.027057158,-0.014955892,2.0483387,-0.02308852,0.089806035,338,0.21300367,0.10934988,0.8799211,0.08814952,0.08451934,1.0164112,0.08169785,0.07761706,0.2827136,-0.21730106,-0.23489939,0.07982186,0.24831711,0.24509309,0.74791086,0.4698334,0.5840704,7.1890364,-0.07318785,-0.04094459,0.13254604,0.20194736,0.21351267,6.775,0.8513089
28.984392,-0.0105993515,-0.005201798,0.15234607,0.25535464,0.31369814,1.1147997,0.20664066,0.20267808,0.15914889,0.39046928,0.3786393,2.6993277,-0.1829014,-0.12903464,3.8808608,-0.12173699,-0.06736428,3.143582,-0.117920786,-0.095804006,0.2743998,-0.05086162,-0.005083119,1.9261413,-0.29604837,-0.20744064,1.6922611,0.24697801,0.17525515,0.57125014,0.31470844,0.28264317,7.2686005,-0.02709844,-0.01575219,1.8157859,-0.03951117,0.06639814,478,0.235613,0.2104296,0.90717345,0.10236856,0.09037156,1.018201,0.0960308,0.08458371,0.15519524,-0.20160729,-0.28629842,0.11069581,0.24398047,0.27505553,0.35731763,0.43200916,0.4626936,6.0149255,-0.07360435,-0.043852318,0.1366578,0.17307223,0.23975231,6.7833333,0.852356
47.11141,-0.010445563,-0.005091162,0.07081377,0.2299217,0.30892217,0.7719771,0.20908166,0.22033721,0.08307632,0.39231795,0.33555233,8.267171,-0.18059191,-0.11912264,10.418629,-0.118381605,-0.063089795,7.487226,-0.10800018,-0.08706735,0.27126363,-0.051567975,-0.03044991,2.5711215,-0.29676598,-0.20155232,1.6073173,0.25317034,0.16326085,0.41620526,0.32529947,0.25281206,9.15076,-0.026969789,-0.014851674,1.439818,-0.054596324,0.013860175,324,0.24156281,0.17459224,0.8749493,0.1121447,0.04916882,1.0161237,0.10573661,0.04510624,0.41554254,-0.17579351,-0.24019945,0.06592098,0.22789243,0.25276855,0.6857368,0.40900832,0.43918043,7.6564536,-0.07379853,-0.043893192,0.09173039,0.13663132,0.22210129,6.7916665,0.85340315
95.30906,-0.010274299,-0.0029710734,0.04054195,0.20654349,0.22119835,0.61479616,0.21268773,0.23218194,0.06355647,0.39622298,0.28776956,12.915331,-0.1789424,-0.09198084,17.887787,-0.115593806,-0.0413687,12.447777,-0.09789842,-0.023488348,0.29117206,-0.0493153,-0.121649,2.9355977,-0.29743767,-0.18266098,1.6221501,0.25940844,0.18802299,0.3722721,0.33504528,0.2369595,12.124034,-0.026873209,-0.009651656,0.90000975,-0.057797037,-0.064309984,317,0.2522064,0.16448426,0.9055778,0.12365491,0.08830714,1.0180663,0.11719181,0.08401124,0.5296807,-0.15489084,-0.051136993,0.04588901,0.21629564,0.18586542,-0.047685947,0.3606542,0.20591405,11.043751,-0.07371908,-0.0358279,0.065943725,0.10341283,0.08242652,6.8,0.8544503
40.85834,-0.010474933,-0.002948808,0.08896744,0.20619215,0.27144924,0.8090796,0.22290392,0.3621293,0.12689383,0.4159793,0.33334032,4.9068427,-0.18282956,-0.09645243,8.451784,-0.11720071,-0.039526004,5.6624293,-0.098243475,-0.014402791,0.27728415,-0.04561567,-0.17124687,2.4486012,-0.30701822,-0.17912994,1.6480201,0.26604044,0.23113982,0.4650539,0.35956836,0.25240433,8.36525,-0.02809116,-0.009890674,1.6547822,-0.054958437,-0.07752241,384,0.27408853,0.20675397,0.90747625,0.12960418,0.14031796,1.018201,0.123065524,0.13605762,0.34536394,-0.16191725,-0.012824882,0.07367061,0.22278339,0.16969617,0.46652815,0.3303092,0.14737232,7.138176,-0.07570007,-0.035997294,0.10996131,0.09784741,0.023175485,6.8083334,0.85549736
42.578434,-0.010723396,-0.002338682,0.07173616,0.2066167,0.034418825,0.72591877,0.22050059,0.17271604,0.119387336,0.43378124,0.2558229,5.0402026,-0.18692513,-0.085934564,8.122889,-0.119709544,-0.029725287,6.0891433,-0.100933775,0.011014458,0.2930024,-0.03476188,-0.15314713,2.2555873,-0.31927675,-0.15492298,1.6420722,0.26817697,0.19410184,0.50750947,0.38699132,0.20157479,8.517512,-0.029528776,-0.0073416033,1.2473946,-0.049722042,-0.09660437,389,0.29676396,0.124971285,0.90288645,0.13048664,0.1322262,1.0179014,0.12379357,0.1273478,0.30873397,-0.18097684,0.08106753,0.07407911,0.23606057,0.07344511,0.41291392,0.30634123,0.15893915,6.840937,-0.07798139,-0.033246245,0.098821186,0.106233954,-0.076088816,6.8166666,0.8565445
35.174316,-0.011017266,-0.0028744412,0.071317635,0.21507801,0.03590042,0.7501495,0.21496992,0.1620844,0.12933318,0.45462176,0.3460033,4.902444,-0.1915506,-0.10105273,7.3244457,-0.12303279,-0.03687404,6.669197,-0.10615439,0.0039556865,0.35120496,-0.020622434,-0.07536674,2.1524727,-0.3326458,-0.18568437,1.6322055,0.26926905,0.21246855,0.5163835,0.41388825,0.28146124,7.6947055,-0.031176765,-0.010313459,1.8602041,-0.03335539,-0.08249123,378,0.31963772,0.17459224,0.9058051,0.12828778,0.19046721,1.0181111,0.12140893,0.18514277,0.28284377,-0.20740274,-8.077231e-05,0.086566105,0.25656083,0.12771313,0.43512002,0.28489214,0.10679829,6.2737637,-0.08027877,-0.037851322,0.09507123,0.12904379,-0.06732415,6.825,0.8575916
34.624836,-0.011288988,-0.005598062,0.08133286,0.22908153,0.15584455,0.712216,0.21827164,0.20953491,0.13352005,0.47105676,0.4824013,4.431039,-0.19581422,-0.1391738,7.67551,-0.1263552,-0.060468335,5.1808105,-0.111816674,-0.058750976,0.39358214,-0.010932202,0.02427501,2.142463,-0.3437309,-0.24396212,1.6233633,0.2689731,0.21336389,0.51113003,0.4351987,0.3921925,7.527647,-0.032712705,-0.01969484,2.3812292,-0.012316496,-0.032763917,410,0.344032,0.26005054,0.8913864,0.1215219,0.16368072,1.0171202,0.11433533,0.15763436,0.19805041,-0.2327909,-0.20288023,0.077080555,0.27660587,0.20970356,0.34198493,0.2706756,0.18786938,6.439494,-0.08216124,-0.053185895,0.11419691,0.15254675,0.059268013,6.8333335,0.85863876
30.988396,-0.011509915,-0.006041044,0.093863204,0.23843314,0.17024036,0.68211216,0.21317884,0.14769256,0.14975604,0.4789783,0.5269725,3.5131829,-0.19894482,-0.1454357,4.739833,-0.12961112,-0.069044374,3.8233626,-0.11744071,-0.074620284,0.23806348,-0.00047994655,-0.013885437,1.8902302,-0.35195717,-0.28498998,1.6906055,0.2655046,0.24479067,0.5890737,0.4494218,0.49109122,6.7967424,-0.033917114,-0.022896215,2.400456,0.009376925,-0.007730259,479,0.36088982,0.34734666,0.90875095,0.11324625,0.16608676,1.0182757,0.1058776,0.15980947,0.28805685,-0.25621262,-0.23792481,0.11099977,0.29744473,0.3078274,0.83179206,0.27442247,0.2638626,5.753101,-0.083568685,-0.05779892,0.13760671,0.17777593,0.1317957,6.8416667,0.85968584
32.788097,-0.011631338,-0.006480452,0.08875537,0.23901178,0.22028472,0.7714391,0.2001365,0.16986425,0.1372065,0.47060496,0.56171197,4.2619996,-0.19953623,-0.14893228,6.953613,-0.13127954,-0.07174585,5.082707,-0.12164943,-0.08330482,0.3985666,0.02316935,0.08882519,2.11131,-0.35178888,-0.29559115,1.6317437,0.25029796,0.2371685,0.5347814,0.44179475,0.512839,7.4606624,-0.034538656,-0.025053281,2.213224,0.032615516,0.024694445,391,0.35983208,0.34918448,0.89609396,0.09606742,0.15326573,1.0174361,0.08871975,0.14627947,0.18620743,-0.278887,-0.3128526,0.08409643,0.30385745,0.33415905,0.76196235,0.2605392,0.3364822,6.2070804,-0.083773375,-0.059909992,0.115051694,0.19922014,0.17437641,6.85,0.860733
55.409985,-0.011736178,-0.0055722375,0.057854094,0.2504989,0.1806957,0.87884635,0.19372164,0.23254894,0.089022994,0.45907545,0.48312494,7.971831,-0.19988866,-0.1351411,11.214416,-0.13330838,-0.06275852,10.780505,-0.12727244,-0.047828343,0.2443479,0.043140583,-0.015143343,2.8037999,-0.35204738,-0.24773309,1.6392274,0.23433687,0.24235047,0.3925901,0.43230593,0.41412082,8.88044,-0.035084613,-0.022633158,4.4677596,0.05175572,0.112234965,386,0.36055928,0.35653573,0.9012254,0.07458633,0.14462143,1.0177665,0.06777941,0.1362567,0.4653283,-0.30545104,-0.20125914,0.0632825,0.31339735,0.2729555,-0.27029428,0.23491079,0.18972063,8.654238,-0.08389442,-0.051981773,0.06582959,0.22720507,0.09766102,6.858333,0.8617801
29.150852,-0.011931538,-0.0058179204,0.104536735,0.27241075,0.24892579,0.6962752,0.17878781,0.22478461,0.12582038,0.45305818,0.468114,3.9371264,-0.20156077,-0.13736032,4.818806,-0.13661872,-0.0693586,3.299456,-0.13925178,-0.06406255,0.28622815,0.067153014,-0.11959536,2.132163,-0.3583236,-0.24848989,1.6090219,0.21687305,0.23176692,0.50549,0.43298867,0.4096232,6.875782,-0.035803515,-0.023963636,1.7305305,0.062090386,0.090389796,404,0.3606254,0.35102227,0.88080454,0.047772974,0.124648035,1.0164716,0.041652236,0.117394514,0.20914258,-0.34622636,-0.19447602,0.10279947,0.3302155,0.34056053,0.39770585,0.24798465,0.20131338,6.0315957,-0.08483737,-0.053340286,0.1501371,0.27299324,0.19195005,6.866667,0.86282724
31.540382,-0.011917626,-0.005793146,0.09645889,0.27579966,0.2565583,0.6515068,0.16240314,0.20987758,0.119179994,0.43741047,0.40850422,4.5733047,-0.1999068,-0.13259704,5.643028,-0.13716698,-0.06727188,3.6813757,-0.1440375,-0.06528776,0.3643387,0.09672747,0.0032664016,2.0816727,-0.35988575,-0.23442313,1.5864629,0.19832571,0.15491265,0.5133625,0.42576534,0.3492479,6.999178,-0.03574109,-0.023550458,2.2393298,0.07193932,0.08498049,406,0.35302284,0.2839421,0.88098127,0.024505401,0.072232306,1.0164716,0.019038117,0.06493125,0.18070771,-0.37043995,-0.26012245,0.09658758,0.33355355,0.3026765,0.745939,0.258083,0.18345164,6.0144625,-0.084646694,-0.052469816,0.14805508,0.29359773,0.21936135,6.875,0.8638743
38.492016,-0.011856633,-0.005537144,0.08729854,0.27311298,0.25227454,0.5978305,0.15368381,0.12531759,0.12224946,0.42365423,0.37934464,4.7134576,-0.19800027,-0.1305686,6.4478135,-0.13684225,-0.06844047,3.9460049,-0.14606851,-0.07509636,0.3562024,0.11597487,-0.037952624,2.0389051,-0.35751233,-0.23974328,1.621794,0.18478158,0.14757013,0.521912,0.41214558,0.33898526,7.8276234,-0.03536969,-0.02280148,4.0950313,0.08173254,0.14815629,413,0.33920604,0.30415806,0.87676,0.0057391482,0.0357391,1.0162145,0.0009158373,0.029406214,0.22001526,-0.3796967,-0.2394482,0.08936637,0.33014566,0.31652912,0.028633628,0.26763484,0.030882467,6.723465,-0.083980955,-0.050749987,0.14602558,0.29800138,0.3006213,6.883333,0.86492145
33.219723,-0.011736151,-0.006533084,0.09791753,0.26261485,0.37007955,1.0275729,0.15302216,0.19775821,0.120245114,0.4039633,0.44021395,4.867269,-0.19471592,-0.1445178,6.085113,-0.13470459,-0.08029113,6.1419315,-0.14446406,-0.11512262,0.337449,0.12354889,0.05263181,2.2161312,-0.3358632,-0.28292385,1.6143489,0.16599402,0.12921055,0.48340806,0.37900403,0.4114074,7.504697,-0.03450544,-0.025609419,2.4423118,0.084811874,0.0801582,416,0.3159356,0.33172524,0.877867,-0.009497519,-0.008350357,1.0162902,-0.013689632,-0.01352431,0.2478163,-0.37392497,-0.37246174,0.09617986,0.31637856,0.40300345,0.48358977,0.28346515,0.18772817,6.6987066,-0.08111015,-0.057262927,0.09529011,0.28254157,0.3779109,6.891667,0.8659686
38.420506,-0.011592356,-0.0061170445,0.06902317,0.25056273,0.26565328,0.5839965,0.14623325,0.14307031,0.11473098,0.3870307,0.4185945,5.505593,-0.19158596,-0.13747047,7.23788,-0.13236402,-0.074702136,5.3444138,-0.14291543,-0.09747667,0.41384172,0.12657568,0.17679577,2.1098187,-0.3157307,-0.2845657,1.5975802,0.1498324,0.12076691,0.5086398,0.35054806,0.41391918,7.9195232,-0.033554994,-0.023479106,1.7758931,0.08649144,0.0816811,378,0.2869137,0.30783367,0.88571024,-0.020155521,0.0009092547,1.0167887,-0.023713212,-0.004303713,0.21782033,-0.36316788,-0.36715508,0.08727169,0.30086225,0.36218697,0.6339898,0.3028668,0.23688707,6.340466,-0.078357555,-0.056234226,0.118191086,0.26871383,0.2941006,6.9,0.8670157
55.390762,-0.011326301,-0.0050465954,0.07196894,0.23419255,0.1936415,0.58523,0.14303432,0.1107887,0.07303102,0.36413842,0.32862446,9.008581,-0.18541466,-0.11754218,10.736209,-0.12717824,-0.06293493,5.3498945,-0.13672881,-0.083079025,0.3484552,0.11906029,0.16134164,2.858043,-0.2824534,-0.2275197,1.567587,0.13049807,0.106837094,0.35797596,0.30677894,0.29000726,9.401899,-0.03215507,-0.01857507,3.323603,0.0922066,0.11808218,349,0.25180975,0.255456,0.86551934,-0.030031282,-0.028275503,1.0155928,-0.033073608,-0.029858325,0.30945066,-0.33819702,-0.28842586,0.06127916,0.27436206,0.26937488,-0.088873014,0.30632588,0.0632043,9.592741,-0.07401407,-0.044316694,0.12297548,0.24339645,0.22830431,6.9083333,0.86806285
42.22105,-0.011127391,-0.0048792292,0.07972512,0.2178756,0.17137213,0.6254195,0.15146668,0.12422656,0.09144734,0.3530732,0.26857394,6.5667276,-0.18092078,-0.109215185,8.003218,-0.12250966,-0.059341345,4.7108183,-0.12668094,-0.07647945,0.46682873,0.09600251,0.26897755,2.2213361,-0.25526673,-0.2141151,1.5568268,0.118768126,0.058893207,0.46640384,0.27879724,0.2457427,8.209149,-0.031244852,-0.017796362,1.0960696,0.09230651,0.017401427,331,0.2233828,0.18010567,0.85019225,-0.03284775,-0.07842254,1.0146943,-0.03579341,-0.074065626,0.13368104,-0.30196738,-0.34122118,0.07503354,0.25605515,0.23169945,0.49737835,0.32739562,0.16072671,6.766159,-0.070948355,-0.0441745,0.12747462,0.20884667,0.17963591,6.9166665,0.8691099
32.981663,-0.010934848,-0.004889914,0.09703567,0.20013998,0.16877905,0.73205334,0.16851367,-0.019712908,0.13656561,0.34781614,0.30039167,3.5788972,-0.17692786,-0.11500401,4.8172593,-0.11737624,-0.062270578,3.6872442,-0.114650875,-0.097660944,0.2788563,0.052367944,0.21196872,1.9768621,-0.22565824,-0.23169608,1.6424569,0.11355501,0.07963605,0.54330355,0.25062016,0.2935059,7.3369637,-0.03013905,-0.01813871,4.241547,0.09404711,0.07780513,438,0.19680692,0.20032161,0.8843427,-0.025289023,-0.06619961,1.0166981,-0.029000953,-0.06220125,0.20989798,-0.24937552,-0.3644091,0.101459,0.2359982,0.24557625,0.97889423,0.34571385,0.26377487,6.0469036,-0.06765802,-0.046345346,0.13255273,0.16401842,0.27739435,6.925,0.87015706
34.029488,-0.010692629,-0.0050869905,0.07588579,0.17475489,0.1889583,0.73455316,0.18552247,0.05361913,0.11541229,0.3392889,0.30171993,5.286485,-0.17169029,-0.11598849,7.253341,-0.1110111,-0.062234856,5.9058423,-0.098761484,-0.092816375,0.36582413,0.003549368,0.16524914,2.1587877,-0.1910153,-0.22809795,1.5752139,0.107197896,0.06313037,0.5032066,0.21332519,0.28917322,7.3792615,-0.028900292,-0.019241404,2.381545,0.09278301,0.098138005,375,0.16441345,0.1975649,0.88473064,-0.015362664,-0.0680487,1.0167133,-0.019933704,-0.0643951,0.2443012,-0.18293904,-0.34821546,0.08411645,0.20730202,0.23728235,0.6735543,0.33893296,0.27200627,5.9918294,-0.06384876,-0.047506485,0.103308775,0.11312083,0.23835063,6.9333334,0.8712042
38.203964,-0.010445033,-0.0058583664,0.07356243,0.15383877,0.19364388,0.72217935,0.19991411,0.12032343,0.12573928,0.33031943,0.40447772,5.023955,-0.16652104,-0.13389196,7.7344427,-0.104737215,-0.069170095,6.2016277,-0.08409028,-0.08546677,0.29442737,-0.059939206,0.112681784,2.4077358,-0.15417598,-0.26118553,1.6203953,0.10385516,0.1021014,0.45204476,0.17154506,0.3641877,7.907575,-0.027563918,-0.02229137,2.8032877,0.09239134,0.08067005,334,0.12944171,0.1837813,0.8909196,-0.005081406,-0.02010513,1.0170902,-0.010521283,-0.020854043,0.33728108,-0.109463796,-0.33119652,0.081674725,0.17962961,0.29089436,0.9942128,0.31550518,0.49734247,6.974531,-0.05972532,-0.05622649,0.101861715,0.07061497,0.18295868,6.9416666,0.87225133
54.59929,-0.010202953,-0.005302808,0.063790426,0.13599482,0.14678854,0.7096693,0.2057079,0.1613592,0.080328,0.3178594,0.38279992,8.664923,-0.16109495,-0.12446448,14.948748,-0.098388664,-0.053123243,7.7434087,-0.07145012,-0.05929854,0.24197292,-0.121876866,-0.1060958,5.216326,-0.11543403,-0.04112031,1.5014412,0.095036656,0.061228406,0.20173346,0.12738374,0.1531282,10.765845,-0.026271636,-0.017073069,4.461499,0.092066854,0.1936538,294,0.097378775,0.14978176,0.87920165,0.0031451895,0.0346506,1.0163658,-0.0030998825,0.027752658,0.454063,-0.039590575,-0.13527569,0.046561487,0.15161972,0.2160524,0.002093422,0.27710298,0.39429834,16.277975,-0.055403125,-0.024547186,0.08988754,0.041051153,0.084349,6.95,0.8732984
39.178616,-0.009893358,-0.005024677,0.11674514,0.116849765,0.20474349,1.1225494,0.19918542,0.35155916,0.13197157,0.30685237,0.37384358,4.352742,-0.15408863,-0.1209875,5.984701,-0.0909018,-0.050426003,5.523444,-0.05874378,-0.04345397,0.25457764,-0.17306648,-0.12971817,2.0127435,-0.09877144,-0.038483813,1.6466104,0.09184907,0.0642936,0.5307376,0.10385461,0.14310756,7.9492326,-0.025498651,-0.015823407,2.507126,0.09087979,0.13542604,367,0.07186064,0.0845394,0.88698816,0.011556623,0.03964402,1.0168641,0.0045235455,0.032578282,0.31986055,0.024970327,-0.068031095,0.09598444,0.12811008,0.20166193,0.7355505,0.24746116,0.34367067,6.605163,-0.05380737,-0.022687891,0.103999995,0.01927509,0.009440943,6.9583335,0.87434554
83.71664,-0.009294101,-0.002794625,0.03511579,0.07579287,0.08486087,0.5626733,0.17044182,0.2678412,0.050970085,0.2819876,0.2482098,16.023619,-0.14082521,-0.07274411,22.770548,-0.07902246,-0.01457528,13.086691,-0.03711776,0.01850958,0.27386567,-0.22289984,-0.21919087,4.3917403,-0.055181306,0.12558858,1.5112436,0.0743893,0.017085355,0.24370061,0.05657802,-0.06383362,11.620179,-0.024010448,-0.00716755,2.6619391,0.08945347,0.14483939,254,0.0426404,-0.026648289,0.88636553,0.017447267,0.04272997,1.0168037,0.009719243,0.03521079,0.54285955,0.10471644,0.1145441,0.035867613,0.09283471,0.07483448,0.017602958,0.20418972,0.20719989,13.21952,-0.043139085,0.0013840841,0.062408842,-0.015182443,-0.09785997,6.9666667,0.8753927
57.001286,-0.008875752,-0.0019509662,0.05034103,0.04599772,0.01657922,0.8346839,0.14116532,0.32263905,0.08555345,0.26822227,0.16986525,9.295481,-0.1332462,-0.05355157,13.829497,-0.07141992,-0.0004933583,13.185886,-0.024711875,0.07877676,0.22261043,-0.25873175,-0.28906646,2.7533982,-0.012232344,0.15098707,1.5897038,0.059633397,-0.005564171,0.3974562,0.019535173,-0.10736484,8.402128,-0.023055293,-0.006158149,2.1715922,0.12520432,0.1236322,320,0.022477109,-0.03951298,0.879425,0.021740388,0.021033606,1.0163809,0.013729737,0.01458678,0.5726501,0.15728849,0.25847757,0.057504658,0.06819977,0.011300786,-0.006098994,0.14230098,-0.0009151438,7.82772,-0.030863713,0.0042256485,0.060311493,-0.0298683,-0.20686693,6.975,0.8764398
49.49264,-0.008420229,-0.0021801621,0.06359909,0.01757772,0.016016608,0.7359109,0.09295348,0.33542058,0.089516774,0.24921761,0.18777928,7.3159637,-0.12459817,-0.059612624,11.661974,-0.063604,-0.008087072,7.5779243,-0.018413858,0.07734879,0.2223344,-0.28361732,-0.30817413,2.7578044,0.038786154,-0.029659636,1.6062881,0.039626397,0.071809776,0.3946774,-0.027729133,0.046496928,10.397407,-0.021580229,-0.006910144,0.58524215,0.16697598,-0.0065009873,299,-0.0009916372,-0.034918446,0.8882665,0.024919335,0.038143698,1.0169244,0.01681057,0.03083119,0.43256706,0.19385594,0.2453323,0.056157,0.041415997,0.036523655,0.076015174,0.0824844,0.014464288,8.31047,-0.017248716,-0.022310294,0.08642227,-0.030954195,-0.21595804,6.983333,0.8774869
27.415882,-0.00791032,-0.0027080954,0.097957134,-0.01312778,-0.039228804,0.58412355,0.034254357,0.0731681,0.1594315,0.22508982,0.24131398,3.0507133,-0.11305012,-0.06546281,5.333789,-0.054805383,-0.009590929,2.9003084,-0.010933509,0.054713752,0.2345705,-0.28611127,-0.32764044,2.036399,0.09628046,-0.027921492,1.6238525,0.009673636,0.055015065,0.53774726,-0.08012145,0.052086733,6.7722316,-0.020170238,-0.0093124425,2.9049287,0.22507589,0.006853989,402,-0.027567513,-0.0027567195,0.8866233,0.021324271,0.037455067,1.0168189,0.013686983,0.029515568,0.25180927,0.22043768,0.20371741,0.091188416,0.015131791,0.023916785,0.79795754,0.03353665,0.027448079,5.715739,-0.0028722552,-0.02527254,0.16769934,-0.027790798,-0.048842918,6.991667,0.878534
40.733185,-0.007075404,-0.004637273,0.06958716,-0.059480388,0.062132966,0.69490194,-0.021225011,0.13757305,0.101667054,0.1815677,0.34015062,6.423668,-0.09465957,-0.10859668,9.175686,-0.041006792,-0.041000295,6.521653,0.008747617,-0.0019359676,0.22244373,-0.28226015,-0.37767234,2.5721574,0.1709321,-0.1616204,1.5989374,-0.027674248,0.11973058,0.42405272,-0.15151002,0.19590722,8.601347,-0.017707584,-0.015473981,3.354972,0.28459796,0.030120397,307,-0.06320035,0.045945324,0.8915292,0.016067607,0.04720156,1.0171354,0.00903141,0.03915632,0.43063167,0.25977564,0.1350875,0.071174555,-0.021089565,0.11672501,0.0008811357,-0.021349285,0.023969103,7.330142,0.013973798,-0.044887237,0.10013954,-0.056168504,0.050143536,7.0,0.87958115
42.99546,-0.006027536,-0.0052658804,0.066031925,-0.11324039,0.10827146,0.5368398,-0.08159019,-0.007498623,0.10595866,0.13151045,0.37993175,6.2720942,-0.07128787,-0.12218116,10.24494,-0.022253154,-0.049282003,5.4030604,0.03463079,-0.06909399,0.24808921,-0.2681657,-0.3528823,3.0688207,0.25661123,-0.13844383,1.549819,-0.07370468,0.09029674,0.34991586,-0.23069675,0.15799652,8.491385,-0.014962319,-0.015291805,3.39207,0.34062335,0.07109411,306,-0.09817208,0.033080634,0.88422775,0.0070059123,0.056266814,1.016668,0.0007626228,0.047503866,0.41649354,0.30085093,0.039594263,0.06486937,-0.063620865,0.13608396,0.3892562,-0.056120344,0.106222816,8.806406,0.032428816,-0.041627705,0.12300117,-0.09329131,0.21460985,7.008333,0.8806283
93.62395,-0.0048990464,-0.0032851854,0.0337746,-0.1698157,0.020573676,0.45477644,-0.13446935,-0.1444315,0.04937062,0.07814483,0.30166453,17.523092,-0.046140373,-0.076319166,29.83908,-0.0022459368,-0.0072858883,11.648958,0.06401006,-0.033965033,0.29110804,-0.25281772,-0.2859677,4.5059614,0.3553274,-0.009993117,1.4885583,-0.11981131,0.0034155617,0.23516685,-0.31420535,0.030795975,9.881297,-0.01180795,-0.016345201,4.509198,0.42543077,0.20282865,274,-0.13724259,0.010107972,0.8831394,0.0002720982,0.046589255,1.0166227,-0.005200076,0.038729616,0.5740179,0.3457139,0.12609464,0.02899305,-0.10753442,0.0646805,0.47471306,-0.12057352,0.18917197,13.873552,0.052728634,-0.023099745,0.07426638,-0.14325534,0.18271887,7.016667,0.8816754
143.46301,-0.003818256,0.0019232259,0.02597707,-0.22179452,-0.19108097,0.55586433,-0.17229034,-0.15819581,0.03912702,0.027351426,0.06712407,23.266768,-0.022214403,0.014514274,30.539368,0.016276695,0.050948706,19.48011,0.09654165,0.10910209,0.19232078,-0.2456563,-0.32707536,6.5508175,0.45773122,0.32171634,1.4064776,-0.16442738,-0.15700081,0.17106324,-0.3994513,-0.26161355,13.658805,-0.008193734,-0.0022894728,2.4835234,0.5040005,0.18868129,262,-0.17677586,-0.11853894,0.87570626,-0.007696343,0.025983118,1.0161691,-0.012377243,0.019834483,0.7180384,0.38799664,0.4112043,0.029809365,-0.14929931,-0.09666116,0.21090801,-0.20180562,0.06703622,46.306202,0.073535904,0.112087645,0.046732754,-0.19656046,-0.13463679,7.025,0.8827225
67.60393,-0.0030867415,0.0031292348,0.05753585,-0.25687927,-0.22651741,0.52548224,-0.19315575,-0.2407155,0.07096612,-0.0118998075,0.007270841,8.891341,-0.0032078202,0.02560186,14.297433,0.031655084,0.062781915,5.762857,0.122389644,0.10255444,0.34670407,-0.22405083,-0.20617397,6.560763,0.5241396,0.6147902,1.4765121,-0.19464408,-0.24734716,0.15415575,-0.46071923,-0.47684094,11.396828,-0.0053485725,0.003416198,17.287094,0.5816782,0.65640867,267,-0.21055762,-0.1552952,0.8740906,-0.015768783,-0.006932528,1.0161994,-0.01958886,-0.007382366,0.28427988,0.40384674,0.32170686,0.044132676,-0.1803022,-0.16774376,-1.65958,-0.27939445,-0.27842298,27.147692,0.078023724,0.17809041,0.10949152,-0.24017361,-0.1101019,7.0333333,0.88376963
71.23019,-0.0023018103,0.004396462,0.03559118,-0.29984254,-0.31602728,0.5203146,-0.20896207,-0.24876451,0.058539737,-0.05504484,-0.085175075,12.901715,0.019174932,0.055389635,18.1205,0.048959997,0.08097749,11.04134,0.1564622,0.15120716,0.2631451,-0.21208504,-0.1915251,4.0696545,0.5619499,0.6883293,1.5115997,-0.22037329,-0.27555186,0.2617527,-0.50883645,-0.547146,11.229643,-0.0026943777,0.009005074,3.2446194,0.58395135,0.65145844,241,-0.24533105,-0.21502413,0.8843126,-0.021409396,-0.0067722565,1.0166831,-0.025036545,-0.0069434047,0.4921179,0.44088888,0.36795288,0.041680027,-0.212569,-0.2286995,0.19474459,-0.28594416,-0.31889114,11.938658,0.07566067,0.18852244,0.0684032,-0.30168313,-0.25333962,7.0416665,0.88481677
75.22561,-0.0015230149,0.0035707103,0.036041763,-0.34001663,-0.30936077,0.53413033,-0.21498641,-0.2101134,0.048926514,-0.09547274,-0.08604089,17.069881,0.041646626,0.053353302,20.836578,0.06601313,0.060178243,12.377018,0.19272767,0.15748958,0.31818038,-0.19984661,-0.16518459,4.434548,0.59240854,0.6830819,1.4659275,-0.24334002,-0.29225275,0.23506285,-0.54909897,-0.54722893,12.106624,-0.00039002058,0.013547041,6.1086507,0.58165926,0.7051551,220,-0.27415463,-0.26464507,0.8715125,-0.028014261,-0.028718222,1.0159116,-0.031409025,-0.027623335,0.5169894,0.4850951,0.3330787,0.040081907,-0.24203034,-0.19955121,0.27394763,-0.30638036,-0.36066043,13.194759,0.072394304,0.18626171,0.067477465,-0.36444622,-0.27115032,7.05,0.8858639
132.17316,-0.0006847782,0.0030640012,0.020616984,-0.3734949,-0.32512188,0.53206605,-0.21075572,-0.2217049,0.035946827,-0.12921637,-0.092240855,23.768818,0.060008682,0.055609092,33.915386,0.082068756,0.06797814,22.049997,0.2261669,0.17966515,0.2867271,-0.1926863,-0.073330246,5.1170344,0.61474913,0.5777308,1.464107,-0.2537644,-0.24972388,0.20661744,-0.5799116,-0.5188765,13.95662,0.0019463608,0.014154893,2.093885,0.5715202,0.6920742,229,-0.29253298,-0.294969,0.87545514,-0.030008102,-0.029192222,1.0161388,-0.03341599,-0.02850391,0.5676865,0.5241016,0.24113514,0.025192507,-0.26973474,-0.21168713,0.27866888,-0.35274866,-0.34656277,16.216875,0.069137916,0.08604857,0.03874892,-0.42388624,-0.2920959,7.0583334,0.886911
119.72277,-0.00043023797,0.0054031922,0.026239207,-0.38080752,-0.41714847,0.5097695,-0.19129688,-0.22935812,0.038607333,-0.13735601,-0.15532616,23.027515,0.066104166,0.119124815,38.91084,0.0888563,0.12484459,17.271896,0.239602,0.27897668,0.23475598,-0.1879923,-0.18225218,4.9272714,0.60721177,0.45770544,1.4569485,-0.2491052,-0.26416126,0.21124749,-0.58181506,-0.47334912,11.903874,0.0025045797,0.015189793,3.036168,0.58643407,0.21364398,249,-0.29246685,-0.3115093,0.86753017,-0.027484369,-0.041575152,1.0156687,-0.0310653,-0.043933567,0.654275,0.53941745,0.4673955,0.0228479,-0.2786522,-0.26763654,0.47433448,-0.4253166,0.097398475,15.725812,0.061620377,0.04800776,0.05147269,-0.4507203,-0.44430822,7.0666666,0.8879581
75.154076,-0.0006707096,0.0055793035,0.0444202,-0.36852744,-0.39118707,0.57440615,-0.16121325,-0.20301159,0.061212894,-0.12629576,-0.15011469,13.034172,0.06098497,0.11971997,19.791815,0.08474986,0.12870596,10.317273,0.23869704,0.27272868,0.22080477,-0.1835848,-0.22344796,6.0255,0.5750147,0.6014166,1.4777882,-0.22934967,-0.28911316,0.17371538,-0.5620716,-0.5435538,12.086793,0.0019521149,0.016939264,14.617473,0.6201662,0.59545195,216,-0.27984002,-0.33448195,0.8963775,-0.02003149,-0.018802546,1.0174512,-0.024083864,-0.021597145,0.5770547,0.52952296,0.5193362,0.040312596,-0.26925087,-0.27123097,-1.9069593,-0.51053315,-0.33986136,18.73007,0.05043831,0.070626706,0.07733239,-0.45383894,-0.4208825,7.075,0.88900524
116.45709,-0.001139886,0.0074298494,0.026748933,-0.34502968,-0.41851228,0.6482586,-0.13073346,-0.14742282,0.037823316,-0.101506814,-0.171761,22.588375,0.05105133,0.14451529,36.396393,0.076557495,0.16465513,20.705534,0.23128591,0.34459546,0.21581134,-0.17375313,-0.3230498,4.444925,0.50369114,0.6021791,1.5041237,-0.1998028,-0.26092547,0.23882438,-0.51198894,-0.5405542,12.38188,0.00019140136,0.017501071,2.2517195,0.58823633,0.46596754,247,-0.2509503,-0.3096715,0.87708414,-0.015800254,-0.008285954,1.0162448,-0.02027258,-0.0119065875,0.6385559,0.49953234,0.59367687,0.023473954,-0.24645442,-0.31488684,-0.008713974,-0.5104705,-0.39866915,13.69495,0.033954687,0.072292596,0.04126275,-0.4387264,-0.48965678,7.0833335,0.8900524
129.1864,-0.0019501683,0.007295798,0.019707456,-0.3051485,-0.42118672,0.49405318,-0.10864302,-0.16593784,0.03338036,-0.060273018,-0.17676447,26.905872,0.033223517,0.1586105,37.445297,0.06143923,0.17281058,22.51548,0.2073444,0.34861213,0.34960577,-0.15445496,-0.26187083,4.750734,0.41995072,0.57526416,1.441167,-0.1662584,-0.27785453,0.22234307,-0.44717056,-0.52801394,13.707029,-0.0027913656,0.016991647,2.1302545,0.57000846,0.46718854,244,-0.2103593,-0.2958879,0.8635826,-0.009757257,-0.030695561,1.0154561,-0.01472654,-0.031760413,0.54852194,0.44556046,0.5819573,0.023985058,-0.20620267,-0.31806076,-0.10614565,-0.49159038,-0.47872987,14.425742,0.01571232,0.06632719,0.039889343,-0.3921884,-0.4866649,7.0916667,0.89109945
69.623405,-0.0030180323,0.005047245,0.040550258,-0.24930136,-0.37910563,0.63893175,-0.08093286,-0.10302646,0.061579328,-0.0028050444,-0.13197926,12.242216,0.006685184,0.1101507,16.637962,0.039367314,0.12135167,11.878343,0.16983213,0.30207112,0.27302474,-0.147344,-0.22463654,3.6941805,0.34346607,0.48465934,1.5274272,-0.12923843,-0.22584328,0.28999892,-0.38369584,-0.4652142,9.767685,-0.0067021903,0.012631612,4.045914,0.6683842,0.5010876,265,-0.1604469,-0.2811854,0.8814987,0.00015641606,-0.004329744,1.0165169,-0.005642226,-0.0070956484,0.4808427,0.38342115,0.47589955,0.04531008,-0.15158394,-0.2590164,0.71098053,-0.5556844,-0.42949563,11.026029,0.0042282967,0.05067447,0.06346571,-0.3220942,-0.4552012,7.1,0.8921466
83.37629,-0.0041745743,0.005416273,0.034791775,-0.1863196,-0.40741765,0.49721602,-0.06312635,-0.14062364,0.052029643,0.05986315,-0.14988254,16.784126,-0.022485292,0.12699975,20.998264,0.015665589,0.12413903,12.480101,0.12451392,0.32073417,0.30782348,-0.12669732,-0.13997008,4.091398,0.28033683,0.3425458,1.4862195,-0.09543459,-0.21962123,0.26067007,-0.32544574,-0.3958728,11.481842,-0.010500839,0.011396888,2.6305103,0.8032563,0.09866285,252,-0.10782402,-0.24810475,0.8813957,0.00904814,-0.032608137,1.0165019,0.0027477732,-0.03470213,0.5654486,0.30246952,0.46880215,0.041587822,-0.09294778,-0.25566432,-0.39565256,-0.6701528,-0.11506802,12.087486,-0.0040232935,0.028551202,0.06997316,-0.23045887,-0.47450817,7.108333,0.8931937
121.13578,-0.0052918373,0.0056262617,0.04197468,-0.12575437,-0.3626469,0.63770604,-0.04739649,-0.14576352,0.058776133,0.12110495,-0.10903382,14.063182,-0.050523154,0.088694915,24.412132,-0.0055418178,0.096450776,12.557922,0.08035864,0.25042844,0.33684176,-0.11470507,-0.022211328,4.6818666,0.22499366,0.35995573,1.5649465,-0.0622634,-0.17473577,0.23740841,-0.27104628,-0.39700195,14.051587,-0.014328675,0.014804817,8.732167,0.9403742,0.31622362,299,-0.056192774,-0.20032161,0.8920797,0.019262278,-0.0043037124,1.0171804,0.012408279,-0.0074924007,0.4897377,0.22062278,0.37779647,0.033859372,-0.037754137,-0.22836511,-1.0057062,-0.7634449,-0.3224924,18.12279,-0.011351826,0.04329821,0.06582136,-0.14236219,-0.41007867,7.116667,0.89424086
38.79586,-0.0065384195,0.0015693657,0.07414872,-0.069129616,-0.20256445,0.93344533,-0.033419132,0.068252355,0.10567132,0.17841485,0.03190154,6.3986597,-0.074727654,-0.003446745,10.474977,-0.026006356,0.034138948,8.511995,0.04178318,0.12959234,0.30139694,-0.10746372,-0.06911701,2.9366865,0.16856179,0.22666357,1.5922416,-0.038927115,-0.06324702,0.3709567,-0.21768376,-0.2784911,8.051158,-0.018677495,0.0032609918,10.5413475,1.05382,0.59859973,335,-0.016593395,-0.116701126,0.9008518,0.026037378,0.06604255,1.0177364,0.01874722,0.058820788,0.3747579,0.14569557,0.27153584,0.064549536,0.01747089,-0.121736884,-1.7334491,-0.81419736,-0.6610531,8.027437,-0.020713864,0.021988522,0.07943553,-0.058733292,-0.3063293,7.125,0.89528793
30.681545,-0.007539892,-0.00017841767,0.08088747,-0.014414216,-0.08395441,0.6410037,-0.039817516,0.06926155,0.12043116,0.23264375,0.14663656,4.80929,-0.094307944,-0.03684388,7.4976892,-0.042814977,0.0130213965,4.5898566,0.008227236,0.06669999,0.24271363,-0.101378106,-0.098608755,2.9402535,0.12040874,0.17126669,1.603084,-0.021489486,-0.007414532,0.3694446,-0.16670339,-0.2151377,7.030162,-0.022405373,-0.0023263854,9.671801,1.1343485,0.78747123,381,0.019105542,-0.010107972,0.88342726,0.02840531,0.06968274,1.0166227,0.020764207,0.061895393,0.33647472,0.07239665,0.18325154,0.077248916,0.0663292,-0.037782118,0.2270807,-0.76912516,-0.7617286,8.04789,-0.028606283,0.012069769,0.12618877,0.032991532,-0.14177546,7.133333,0.89633507
29.679298,-0.008261432,-0.0025884386,0.078915454,0.02892734,0.045789585,0.6237687,-0.040898982,0.13090189,0.12006461,0.27260494,0.2792746,4.8471823,-0.10737504,-0.090478174,6.4042873,-0.05368916,-0.02069631,4.6000857,-0.015708871,-0.0012966736,0.2759649,-0.098418884,-0.12960616,2.0926878,0.07946537,0.024405934,1.5926317,-0.0118083395,0.07111464,0.517494,-0.11757474,-0.010335285,6.78774,-0.025450854,-0.011907207,1.5769582,1.1771476,0.75210154,372,0.04422702,0.10016081,0.88245153,0.02890222,0.07167564,1.0165774,0.02110061,0.06409192,0.3060102,0.018783359,0.02459908,0.090872735,0.103946835,0.09176875,0.65595305,-0.71299297,-0.54294187,5.3996773,-0.03519579,-0.010204119,0.12651397,0.10234539,0.0065592774,7.141667,0.8973822
23.502472,-0.008847641,-0.0069704037,0.10166775,0.0637657,0.2213148,0.59193736,-0.04395258,0.1086092,0.15036984,0.30353278,0.45784178,3.1419005,-0.1174566,-0.13954896,4.0784326,-0.06150116,-0.06767499,2.7507155,-0.03547719,-0.08592307,0.28440046,-0.100584,-0.18062986,2.1975193,0.061254144,-0.1581384,1.5959849,-0.0075652194,0.09402016,0.49503443,-0.08923784,0.19510671,5.88638,-0.027818624,-0.028572671,5.0579348,1.2589767,0.6287506,397,0.05731663,0.19021365,0.88569313,0.032138746,0.059620872,1.0167736,0.024147378,0.052260604,0.18804657,-0.017667824,-0.15989186,0.11584035,0.1278207,0.30726486,0.5800614,-0.69563746,-0.21302268,5.8020263,-0.03873736,-0.051238675,0.17175424,0.16010289,0.28447407,7.15,0.89842933
27.47422,-0.009146499,-0.00747854,0.093294285,0.08187899,0.2776116,0.59957594,-0.042145867,-0.054009434,0.1501377,0.3157329,0.5445315,3.498423,-0.120774575,-0.15258011,5.320148,-0.063122965,-0.07958462,3.375602,-0.04338238,-0.13024502,0.32165155,-0.10785605,-0.16092275,4.2282534,0.054926027,-0.06323692,1.5421898,-0.007292081,0.057083327,0.250594,-0.07357687,0.09912436,6.9234037,-0.029234929,-0.030874455,44.86874,1.3291084,1.7811854,367,0.059432123,0.21961865,0.8827879,0.034477554,0.02552489,1.0165925,0.026326675,0.018993678,0.20359364,-0.02812899,-0.26456267,0.09872756,0.13021897,0.3971056,-5.150986,-0.6822985,-0.92404175,12.189188,-0.04054508,-0.03737788,0.15560044,0.18602139,0.48429266,7.1583333,0.89947647
41.541256,-0.009121238,-0.006991136,0.059249636,0.08043699,0.21398638,0.45748824,-0.039338138,-0.14339478,0.091433704,0.30692115,0.48799935,7.420171,-0.115814604,-0.14084907,9.83034,-0.05823315,-0.0741953,5.2385907,-0.03755272,-0.12464709,0.40508136,-0.11982129,-0.0029441004,3.179244,0.04226458,-0.04567642,1.5169603,-0.008411845,-0.0064734383,0.33629844,-0.04942048,0.07269219,8.964317,-0.029678704,-0.026926778,4.292274,1.1698108,1.6005846,304,0.051631242,0.14886285,0.8806352,0.03589786,0.020254849,1.0164716,0.027744591,0.01460081,0.27337235,-0.013134001,-0.3031512,0.0690163,0.11317071,0.37546527,0.21125516,-0.47471118,-0.9273343,9.082698,-0.04301908,-0.033931427,0.12951073,0.17785646,0.49300784,7.1666665,0.90052354
108.85572,-0.00906063,-0.0034375503,0.021905685,0.0839029,0.046351332,0.41228244,-0.019951083,-0.24640393,0.034755867,0.3049086,0.32168508,24.18335,-0.110785015,-0.053969074,37.87671,-0.053049088,-0.001481893,15.81913,-0.028633278,-0.027837936,0.22095884,-0.14851685,-0.056463253,5.484134,0.026447644,0.20351954,1.4487647,-0.0037007642,-0.112643145,0.19359201,-0.016831815,-0.18560113,11.519186,-0.030338246,-0.017269736,2.8463538,1.0207599,1.6432006,248,0.047135822,0.034918446,0.88918227,0.040194508,0.032959234,1.0169847,0.031956032,0.026445532,0.61955446,0.008239262,-0.111411765,0.02219077,0.098118424,0.19492711,0.22055592,-0.23597628,-1.0179187,16.285095,-0.045809824,0.0023226875,0.053132713,0.15769881,0.3004922,7.175,0.9015707
123.14866,-0.009281705,0.0010347564,0.028198602,0.10582108,-0.1696819,0.68909883,0.018902114,-0.19907923,0.038955532,0.31450894,0.104476504,22.95924,-0.11412871,0.035072897,32.157433,-0.056039132,0.06339141,21.8565,-0.028222986,0.13702591,0.28329203,-0.16153795,-0.057541747,4.737484,-0.010357694,0.3901505,1.4762596,0.0076389196,-0.20099707,0.22198212,0.02794,-0.40334472,12.16135,-0.031406704,-0.0044623106,2.607485,0.8762611,1.5609344,196,0.04792913,-0.14978176,0.88481164,0.042892713,0.031295426,1.0167133,0.034637745,0.024690377,0.6110974,0.008234635,0.1472934,0.027812837,0.094361514,-0.036463004,0.1385087,-0.008893018,-1.1097838,14.131315,-0.051127963,0.030063558,0.04092098,0.15203577,-0.04274869,7.1833334,0.9026178
28.620584,-0.009764709,0.0010862075,0.118130535,0.1396944,-0.09665186,0.7281116,0.052233886,-0.13647303,0.15214631,0.3354604,0.1083924,3.3868742,-0.1258473,0.034571692,7.5553436,-0.06487358,0.06855557,3.1761155,-0.043966457,0.13530453,0.29850015,-0.1748179,-0.08006733,2.2140927,-0.062408913,0.24215443,1.6077964,0.030001765,-0.15258126,0.49446875,0.09004554,-0.20886856,6.716737,-0.032877885,-0.0048841247,6.823924,0.74721694,0.28369886,382,0.06677024,-0.13599816,0.8905772,0.04629124,0.045997977,1.0170751,0.038040042,0.03872429,0.21680027,-0.007840212,0.15536955,0.06820344,0.10212697,-0.11669904,1.7144303,0.2097168,0.31856713,6.284142,-0.057386667,0.010396681,0.16224235,0.16805623,-0.025323678,7.1916666,0.90366495
36.663113,-0.01021199,0.0008672672,0.07864755,0.15887009,-0.039613053,0.93055564,0.090741254,0.09394513,0.09459006,0.34573495,0.1145459,6.814832,-0.13606544,0.031851828,9.394718,-0.07354754,0.06754912,7.6270723,-0.055609707,0.15591474,0.20315187,-0.19077712,-0.2765383,2.2227287,-0.1102274,0.1718718,1.6011815,0.050396558,-0.090428434,0.4959052,0.14398742,-0.08159131,7.1798654,-0.034083657,-0.008526253,2.364263,0.6163416,0.21897192,353,0.08052094,-0.090971746,0.8841804,0.050761465,0.052689627,1.0166981,0.042505935,0.04531215,0.44146353,-0.010852058,0.2581611,0.06861466,0.11621917,-0.117754795,0.61001307,0.34761629,0.40152878,6.0848866,-0.06327946,0.0004124064,0.084516756,0.16213469,-0.14336532,7.2,0.904712
30.142052,-0.010696909,-0.002665549,0.07088054,0.1788922,0.10439564,0.6144086,0.11259856,0.19239525,0.11075,0.36412108,0.2627008,5.9304276,-0.14770967,-0.050161004,10.204877,-0.08310014,0.003616533,5.6932473,-0.0706415,0.06853849,0.2532376,-0.2038565,-0.24513209,2.1626027,-0.15042971,-0.07218697,1.6036868,0.0703826,0.023899587,0.5049264,0.18407391,0.16668004,6.4776273,-0.035146095,-0.018816244,2.9602728,0.5047123,0.22279641,346,0.0925528,-0.0009189065,0.8906998,0.056380056,0.05555404,1.0171202,0.04800922,0.04925421,0.40355727,-0.022384118,0.12607393,0.06436088,0.13562065,-0.0069059655,1.0094103,0.4669264,0.56565005,5.4383755,-0.06837229,-0.035712823,0.11536384,0.16937706,0.019897953,7.2083335,0.90575916
28.08836,-0.011164954,-0.0069320328,0.0929334,0.19984318,0.29474586,0.68033797,0.13497627,0.18812805,0.121596105,0.38211462,0.42381334,4.69664,-0.15944098,-0.13221732,6.5062275,-0.09332417,-0.05564763,4.1808043,-0.08609009,-0.08398511,0.27536684,-0.21318702,-0.25284302,2.042517,-0.18546341,-0.27020717,1.6120764,0.086105056,0.12412853,0.533994,0.2155652,0.4154917,6.3950443,-0.035984397,-0.03058547,3.5412846,0.39554048,0.2541458,381,0.10233696,0.1690788,0.8870361,0.061092623,0.05975264,1.016849,0.052502684,0.053202447,0.2957263,-0.039716087,-0.06678266,0.087776385,0.15984023,0.15071489,0.9399773,0.548789,0.7323957,5.5142236,-0.07284252,-0.06441223,0.13659887,0.17749363,0.27090877,7.2166667,0.9068063
35.784058,-0.011627689,-0.0066105225,0.069072045,0.21910138,0.15049124,0.734905,0.15127732,0.19143695,0.10833815,0.40405652,0.3384068,5.794377,-0.17164977,-0.12140009,9.744944,-0.10380559,-0.05058881,6.6790853,-0.10219502,-0.05375798,0.22236338,-0.2212989,-0.3269217,2.5905871,-0.21056929,-0.24254318,1.6166282,0.09636956,0.13064605,0.4244463,0.23089251,0.35965282,7.2989955,-0.036699142,-0.029397061,2.8198414,0.3115759,0.119721256,340,0.10908009,0.13048473,0.89455885,0.065313295,0.067268,1.0173309,0.05653435,0.060642086,0.40538865,-0.061868664,0.04854341,0.064418234,0.18733427,0.14076506,0.87225604,0.6260823,0.55718124,7.030148,-0.07617489,-0.06192764,0.093987726,0.1908762,0.09184285,7.225,0.9078534
25.45773,-0.0120750675,-0.007113441,0.10249675,0.23966894,0.22061893,0.76971495,0.15746583,0.11309587,0.17259523,0.4286769,0.49048236,2.8142967,-0.18378173,-0.13937503,4.6743193,-0.114024065,-0.06149475,3.6476948,-0.11951299,-0.08809603,0.2828457,-0.22255862,-0.24938212,2.1086822,-0.2229635,-0.25092307,1.617779,0.0995657,0.14289458,0.5271174,0.23119591,0.38454273,6.5726113,-0.03719223,-0.030636488,8.325408,0.33753312,0.31984803,393,0.11410438,0.16724098,0.9030526,0.06663252,0.10288966,1.0178864,0.057740495,0.09519668,0.20288847,-0.089230075,-0.097350635,0.10391548,0.21769445,0.23355718,1.4862925,0.5916235,0.7394913,5.750049,-0.07793026,-0.06304282,0.13316196,0.21539496,0.21946348,7.233333,0.9089005
38.71798,-0.012446228,-0.0067285374,0.101311654,0.24810582,0.31010047,0.90697736,0.1494182,0.25559807,0.10511363,0.43573198,0.47949395,5.5831404,-0.1938274,-0.14093544,8.873637,-0.12273023,-0.06457042,5.2538137,-0.13540071,-0.091887906,0.37233794,-0.21767275,-0.13350129,3.1811872,-0.2289218,-0.17607975,1.5378214,0.096711636,0.09428783,0.33531886,0.21911968,0.24929044,8.546288,-0.037264634,-0.02641428,4.7444115,0.33661994,0.3797449,324,0.11106337,0.14702503,0.8840312,0.06379332,0.090302415,1.016668,0.054889213,0.08204447,0.21452627,-0.10813558,-0.21294737,0.0661357,0.23595135,0.23822248,0.17286465,0.523238,0.56544787,9.396873,-0.07885503,-0.04985896,0.11170252,0.23846534,0.20985802,7.241667,0.90994763
36.250458,-0.012597509,-0.0063622072,0.07421817,0.23234293,0.25506905,0.57608443,0.11293168,0.20481904,0.10479105,0.43116108,0.44673154,5.8509173,-0.19740312,-0.13574912,7.09789,-0.1261711,-0.063203454,4.759092,-0.14450704,-0.086897865,0.22580767,-0.22901613,-0.18172081,2.108573,-0.21602511,-0.1712261,1.5979573,0.08794126,0.083868295,0.50363564,0.19398803,0.22508138,7.306533,-0.03670991,-0.024553902,2.194208,0.34499827,0.33452103,366,0.0997587,0.13324144,0.883212,0.06154367,0.08308432,1.0166227,0.052586105,0.07546235,0.38731614,-0.102177076,-0.1569381,0.08638114,0.24631934,0.23455492,0.79991454,0.47482637,0.53630775,6.0142593,-0.07757082,-0.04819358,0.1288321,0.24948063,0.18948188,7.25,0.91099477
30.571232,-0.01249957,-0.0065961685,0.08859972,0.2061015,0.31248942,0.67688775,0.08376161,0.1765604,0.118052974,0.41793776,0.46567115,5.0339885,-0.19537607,-0.13916564,5.536588,-0.12458661,-0.07292638,4.540184,-0.14208947,-0.10535444,0.25487986,-0.23597507,-0.15008329,2.236808,-0.18560478,-0.197221,1.5857897,0.07267238,0.06111037,0.47806498,0.14806919,0.2678392,7.336083,-0.03552601,-0.024478206,2.4297764,0.35983494,0.3214258,352,0.076025516,0.14426832,0.88897693,0.06049677,0.072548345,1.0169697,0.051408228,0.06495613,0.33939743,-0.08466218,-0.19729324,0.10733638,0.24209489,0.34737003,0.5635122,0.40234584,0.47207355,6.145836,-0.0742898,-0.051138803,0.13089278,0.2379819,0.28630227,7.258333,0.9120419
29.868565,-0.0124127865,-0.0063982024,0.08064112,0.18361865,0.24822375,0.72433114,0.051329706,0.15445518,0.12995924,0.41077977,0.38254985,4.3923445,-0.19413285,-0.13207527,6.3599133,-0.122440964,-0.069032006,5.1272454,-0.14099643,-0.092587404,0.20736243,-0.23968221,-0.22352612,2.8462768,-0.15235648,-0.14302418,1.5914778,0.058986172,0.041700713,0.384901,0.098560154,0.15442975,8.384712,-0.034464538,-0.020779647,2.1692488,0.39245856,0.11475204,299,0.05328397,0.057891108,0.89422834,0.060885135,0.05589233,1.0173159,0.05169823,0.04836451,0.36346328,-0.07514118,-0.09909811,0.08975369,0.2264875,0.3101442,-0.066259764,0.35336035,0.14906484,7.630753,-0.07072232,-0.044875078,0.11133185,0.23566769,0.229031,7.266667,0.913089
36.332993,-0.012239227,-0.006505245,0.06749156,0.15506293,0.14877705,0.6205442,0.021857603,0.01494144,0.09847289,0.39205876,0.36960334,6.743281,-0.19049518,-0.1268626,10.236671,-0.118067205,-0.06588287,6.1053586,-0.13629866,-0.08523942,0.287491,-0.24322535,-0.3060795,3.1426167,-0.11772621,-0.14585824,1.5333685,0.042117164,0.03841454,0.34504697,0.0499778,0.16218735,7.817491,-0.033289045,-0.022267146,5.2517767,0.42771962,0.13178523,286,0.029815225,0.022972662,0.89161485,0.05747099,0.07020668,1.0171354,0.048322666,0.06195453,0.37653938,-0.05469081,-2.3429044e-05,0.0648678,0.1993759,0.30681136,-0.7708555,0.3132976,-0.047276296,8.207899,-0.0668706,-0.048834983,0.10876189,0.22336951,0.22131626,7.275,0.9141361
34.476376,-0.011969487,-0.006584869,0.07573228,0.12003454,0.15322927,0.5877985,-0.013809711,0.020647015,0.12261703,0.36842576,0.4043561,4.768746,-0.1836758,-0.13172494,7.489341,-0.11188883,-0.064978465,4.5383954,-0.12828326,-0.08714381,0.28485587,-0.25271875,-0.24862747,3.6356273,-0.07313169,-0.03365368,1.523999,0.025586242,-0.016164565,0.2959218,0.0011220659,-0.0034525504,7.8132606,-0.031531293,-0.021232897,11.340151,0.4491883,0.43883166,319,0.0037682212,-0.020215943,0.88439757,0.051373474,0.07244461,1.0166831,0.04248996,0.06371061,0.29987356,-0.021400152,-0.053496554,0.07807489,0.16809505,0.28497747,1.039539,0.32798365,0.0025776105,10.217439,-0.061766718,-0.03483621,0.12884057,0.20522623,0.22133848,7.2833333,0.91518325
49.306534,-0.011749669,-0.005743994,0.051398784,0.09760726,0.043841336,0.56912106,-0.040636204,-0.031843185,0.08675049,0.35103643,0.3433301,8.3289175,-0.17753199,-0.11692038,15.645575,-0.10638639,-0.041622818,8.00041,-0.12147541,-0.05728551,0.22722451,-0.26212406,-0.27553523,3.19122,-0.047521107,0.036474403,1.5561621,0.019313287,-0.03802886,0.3408064,-0.01707182,-0.11290842,9.306304,-0.030264454,-0.01721161,1.3934177,0.4324397,0.40403914,287,-0.009387499,-0.079944864,0.88284576,0.046441462,0.06087202,1.0165925,0.037782375,0.05274327,0.49531314,0.0057768943,0.041849427,0.046181597,0.14247534,0.12422532,0.52796745,0.3392026,-0.0048174905,8.788282,-0.05889009,-0.026035484,0.09031257,0.19461322,0.11487635,7.2916665,0.9162304
35.24645,-0.011528061,-0.0055026244,0.08507032,0.07735642,0.056865208,0.65804267,-0.064201586,-0.064130485,0.12120795,0.33275446,0.32626897,4.68643,-0.17050275,-0.115599014,8.006983,-0.10158488,-0.037817452,4.393891,-0.114912145,-0.06361363,0.25401992,-0.26986185,-0.23013899,2.1713676,-0.022077978,-0.013116429,1.6031255,0.01400421,-0.029433152,0.5057642,-0.03377992,-0.016526915,7.277752,-0.029124588,-0.019470952,2.4283662,0.42472315,0.4127382,360,-0.018973324,-0.023891568,0.8918121,0.043260563,0.056311306,1.0171804,0.03477636,0.048805665,0.31401268,0.030750835,0.011609268,0.070942156,0.11992547,0.07477712,0.8282215,0.3519998,0.18127948,6.0605917,-0.05595521,-0.03126494,0.12927781,0.18448202,0.16195758,7.3,0.9172775
43.21817,-0.011306541,-0.0051936046,0.05967838,0.0554591,0.03389085,0.55486876,-0.08221365,-0.09611919,0.08774104,0.31734723,0.3053466,7.0724525,-0.16302295,-0.11412001,9.424838,-0.096615404,-0.039693102,5.7696047,-0.10615538,-0.06651085,0.27704066,-0.27547312,-0.24030682,4.1982694,0.01087759,0.064450584,1.5139611,0.0057592024,-0.043755252,0.25329083,-0.060913004,-0.089697175,10.189965,-0.027939895,-0.0146286525,10.076232,0.43904817,0.5747042,275,-0.030674644,-0.03399954,0.88365185,0.040293235,0.041281004,1.0166378,0.031938255,0.034337606,0.34350368,0.05784701,-0.008592797,0.065841384,0.10117774,0.07733629,1.2632661,0.37112227,0.60447884,12.197842,-0.05227734,-0.017976353,0.10755405,0.16629289,0.1587888,7.3083334,0.9183246
33.9491,-0.011111681,-0.00521727,0.06782762,0.046421953,0.010647495,0.6809263,-0.082721785,-0.05075917,0.105334975,0.3059962,0.27165425,6.139432,-0.15622437,-0.10796133,10.245806,-0.09159322,-0.033324607,6.492236,-0.09774374,-0.049651157,0.23496461,-0.27610603,-0.28884944,2.5652623,0.032380436,-0.014197448,1.5956268,-0.00013105322,0.009104025,0.42902136,-0.07825534,0.016442087,7.0833306,-0.027308203,-0.016118463,4.167645,0.43514547,0.33390975,348,-0.035170067,-0.007351252,0.89134717,0.036705527,0.054398417,1.0171202,0.028521817,0.047050852,0.4117323,0.08126733,0.059811357,0.063118204,0.08204212,0.038021,0.0898958,0.33180282,0.40690538,6.655772,-0.049992844,-0.029838556,0.09961081,0.15009652,0.082104586,7.3166666,0.9193717
28.73539,-0.010623819,-0.0061405413,0.07786804,0.028873073,0.088479325,0.52853894,-0.092111655,-0.07052559,0.12972903,0.2841328,0.3554434,4.2472706,-0.14075013,-0.12630071,6.667693,-0.08051014,-0.05406697,3.739942,-0.07938317,-0.08641475,0.2606853,-0.28209344,-0.25629318,2.7574794,0.06434763,-0.046067756,1.5939891,-0.011211407,0.037019297,0.4001295,-0.1034608,0.06374888,7.054199,-0.025920983,-0.020715086,4.608949,0.42187566,0.44186115,337,-0.047466367,0.038594075,0.8989935,0.031069038,0.084877566,1.0176314,0.0231437,0.077262886,0.290309,0.11805317,-0.0655533,0.08263642,0.059131384,0.13384655,0.7513198,0.31415734,0.45337388,7.2640076,-0.046295103,-0.034915186,0.14732696,0.12732603,0.23168175,7.325,0.92041886
52.529785,-0.010074787,-0.005364833,0.052260175,0.0087739155,-0.00799765,0.6062383,-0.09885637,-0.09575806,0.078073196,0.25385436,0.2713497,9.404757,-0.12349239,-0.10510064,15.831514,-0.06827184,-0.03598929,8.517694,-0.059200983,-0.05083044,0.21406566,-0.29276967,-0.29516742,3.7131643,0.10147421,0.06722003,1.5210278,-0.02646357,-0.023566356,0.289779,-0.13265537,-0.10848695,10.4289255,-0.024269974,-0.014283433,2.9489107,0.40485117,0.4593368,234,-0.059894886,-0.07718815,0.87349904,0.021385472,0.05031134,1.0160177,0.0137597,0.043447983,0.52019376,0.16715775,0.060531087,0.046379607,0.034641303,0.06928116,-0.23412402,0.28700078,0.23235273,10.42337,-0.04172787,-0.02038486,0.08620401,0.095853694,0.11867768,7.3333335,0.921466
75.1723,-0.0096658645,-0.0039306716,0.031728517,0.0049963812,-0.09018317,0.44220963,-0.09399652,-0.15063122,0.049129557,0.23990001,0.19607441,17.435467,-0.10975108,-0.05853823,20.397837,-0.059471194,-0.010637438,11.93864,-0.043779515,0.0024021724,0.23130363,-0.29963717,-0.3396681,5.877159,0.12369099,0.1905811,1.4695028,-0.033293474,-0.05637525,0.18048196,-0.14061071,-0.16654786,13.443628,-0.023398684,-0.0076425956,2.446202,0.3841693,0.20318243,187,-0.056919973,-0.15805192,0.8708109,0.01610583,0.026073858,1.015866,0.00862313,0.021006087,0.6252931,0.19610067,0.23285168,0.04199449,0.025127213,0.0065969545,0.5684124,0.27945256,0.08778831,16.46973,-0.03889209,-0.0061572413,0.07174994,0.07696876,0.024745658,7.3416667,0.92251307
23.91846,-0.009511405,-0.0043808655,0.12155771,0.023616245,0.06780812,0.75850534,-0.07365727,-0.112844594,0.17075303,0.24466062,0.32361066,2.743155,-0.1039387,-0.07379816,4.6784186,-0.05502861,-0.023500245,2.9227717,-0.037202287,-0.02839874,0.29568362,-0.30173904,-0.28059042,1.8860025,0.109413646,0.1406706,1.6317018,-0.029907033,-0.029752934,0.5833578,-0.12008729,-0.043473385,5.6176257,-0.024152793,-0.010634149,5.0155253,0.36936387,0.23164736,452,-0.03721945,-0.062485643,0.8911926,0.016462808,0.0257822,1.0171052,0.008861279,0.020568233,0.17271839,0.19585271,0.08668928,0.10011973,0.026670981,0.10385957,0.94155145,0.2512031,0.2649754,5.1513352,-0.040390152,-0.011167801,0.16025953,0.08004496,0.1838575,7.35,0.9235602
63.43654,-0.009311167,-0.0028234131,0.044611353,0.026780024,-0.029981893,0.5004408,-0.062454335,-0.12653047,0.058427088,0.2372156,0.18460344,13.612736,-0.09700219,-0.031717863,17.611874,-0.049777094,0.0017850238,8.922096,-0.029043004,0.01631808,0.2574311,-0.30565166,-0.28375664,3.7623687,0.1083445,0.21450764,1.5140923,-0.03333257,-0.08871448,0.28263113,-0.12453067,-0.13717163,10.37892,-0.024440425,-0.0038482838,3.3048558,0.37344056,0.18786651,288,-0.03093908,-0.107512064,0.88530606,0.016460357,-5.312172e-05,1.0167434,0.008781196,-0.005253996,0.5379214,0.20533422,0.23810987,0.045160018,0.021276545,0.005348685,0.2736018,0.23177885,0.1655861,10.801908,-0.040382124,0.00061524945,0.089144126,0.072624594,0.03121491,7.358333,0.92460734
45.005325,-0.009266517,-0.003161125,0.059408695,0.042065144,-0.008961944,0.7117274,-0.047819216,-0.07514963,0.09151343,0.24770078,0.21080595,7.957659,-0.09525365,-0.03821987,12.282477,-0.047167018,-0.0064146174,8.724365,-0.025377436,0.018101439,0.25751644,-0.30955276,-0.24148041,3.5568595,0.095156714,0.2030227,1.5324376,-0.029100135,-0.08029445,0.30573902,-0.113049746,-0.12444444,8.312892,-0.025444832,-0.008167179,4.6769614,0.39105955,0.2458804,295,-0.015006776,-0.051458765,0.8823002,0.017245661,0.016559241,1.0165623,0.009478711,0.010583861,0.47071618,0.19585416,0.20785323,0.059290368,0.025315713,0.03928606,0.53056204,0.20000166,0.32467917,9.630101,-0.041913506,-0.0020267514,0.083471134,0.08373396,0.024045216,7.366667,0.9256545
38.668488,-0.009244119,-0.0047994843,0.08236743,0.06189038,0.13993984,0.7239613,-0.038643654,0.062083878,0.100976914,0.26404557,0.31188536,6.4464846,-0.09500198,-0.08759484,10.271844,-0.045353908,-0.029809559,5.721434,-0.025140949,-0.03554684,0.25741157,-0.31496438,-0.2160782,3.1987317,0.08790985,0.006217809,1.5350428,-0.020147374,-0.03192788,0.3390648,-0.09695226,0.002016307,7.7627387,-0.026352087,-0.019762067,8.671847,0.4104893,0.45488694,335,0.0058176047,0.0845394,0.8782512,0.01991838,0.030602911,1.0163053,0.012051789,0.023357222,0.39353454,0.178568,0.06612763,0.06337189,0.031157052,0.09547892,-0.9762993,0.16389346,0.0033016352,8.887081,-0.042081755,-0.027280925,0.11377325,0.105603874,0.1342933,7.375,0.92670155
131.10715,-0.009245087,1.13436845e-05,0.01886423,0.08356377,-0.16202644,0.52130336,-0.031868156,-0.053450707,0.026551832,0.2839719,0.030756842,33.366302,-0.095409125,0.049999066,47.413696,-0.044390112,0.06892539,24.482399,-0.026031066,0.15049121,0.16273582,-0.31543347,-0.34543222,4.8645372,0.07968905,0.22507393,1.4942397,-0.0074010035,-0.13337095,0.21964219,-0.07366146,-0.28802606,12.421911,-0.027109342,-0.0058742915,2.679397,0.4146407,0.37645876,212,0.027435295,-0.13599816,0.8828997,0.025642851,0.014949897,1.0165925,0.017625704,0.008447489,0.72320056,0.15088415,0.40275994,0.018685242,0.041106723,-0.11858069,0.61484015,0.19636215,-0.064670704,13.496188,-0.042289812,0.0005117836,0.036186665,0.1311505,-0.19121172,7.383333,0.9277487
47.66331,-0.009812808,-0.0006965882,0.054380722,0.12717685,-0.13329998,0.4589532,-0.013841135,-0.07365816,0.07790482,0.32439375,0.0687298,8.998342,-0.113281704,0.029265972,14.283138,-0.05681988,0.061234728,5.916301,-0.049424365,0.124554195,0.19522351,-0.30244026,-0.40595824,4.186627,0.043987203,0.2562475,1.5225667,0.014875714,-0.12711708,0.2538256,-0.024045374,-0.31099683,8.714202,-0.02919053,-0.009272035,5.400556,0.4204086,0.44681534,320,0.064588636,-0.106593154,0.8762534,0.032111686,-0.002137098,1.0161994,0.023949206,-0.007373759,0.5057907,0.09162625,0.38311124,0.049079843,0.06800644,-0.10827699,0.39719534,0.22217146,-0.03895705,12.195973,-0.04569476,0.00515475,0.1184886,0.18390262,-0.11422651,7.391667,0.9287958
27.631254,-0.010471559,-0.0014763689,0.10551454,0.17856555,0.0022725153,0.8336858,0.0063861716,-0.01425556,0.14936951,0.37427247,0.18152355,3.4985096,-0.13361208,0.009230417,6.007418,-0.07168858,0.046736922,4.128907,-0.07539214,0.08489999,0.2786593,-0.27895868,-0.38538688,1.954701,-0.010053972,0.13852444,1.6113228,0.04259415,-0.068902105,0.5586723,0.045289736,-0.10929702,6.733257,-0.03153022,-0.012496125,2.3769693,0.4127481,0.3696003,402,0.10240307,-0.008270158,0.8884147,0.041307423,0.009404165,1.0169395,0.032925576,0.003595488,0.24391139,0.013077195,0.24441497,0.08698756,0.10508814,-0.03547183,0.7152759,0.2554286,-0.0005273139,5.621392,-0.051539313,-0.00819634,0.12656392,0.24891034,-0.0011726592,7.4,0.92984295
27.63481,-0.011041763,-0.0019715808,0.10798978,0.21146128,0.077614084,0.7247935,0.010960085,-0.0138502205,0.14101045,0.40932873,0.25957122,3.5079954,-0.15130228,-0.0039726086,6.097088,-0.08425209,0.03709163,3.3200295,-0.09773896,0.064178266,0.24755146,-0.25477058,-0.39498046,2.1857352,-0.05196034,0.06409172,1.6006231,0.06298916,-0.020505676,0.5040096,0.09372096,0.022237035,7.104496,-0.033213805,-0.013839621,1.8122915,0.4046309,0.13931218,341,0.12230192,-0.0027567195,0.8956293,0.04795078,0.042205654,1.0174061,0.03944551,0.035606273,0.24711256,-0.051110774,0.15487461,0.0811312,0.1317328,0.0112104835,0.7281427,0.26836514,0.3540821,5.72215,-0.056175828,-0.01873721,0.14899386,0.30324146,0.09122859,7.4083333,0.93089
28.899689,-0.011432371,-0.006558842,0.09007697,0.21858168,0.28701243,0.6571669,-0.00095277635,0.052325197,0.12678458,0.42548412,0.4549807,4.208021,-0.16326489,-0.13498467,6.408041,-0.093463905,-0.05764722,3.8922997,-0.11304571,-0.113493726,0.2789887,-0.22950287,-0.2818701,2.462108,-0.07165558,-0.11243345,1.6093934,0.07478794,0.064474426,0.44289207,0.11969837,0.20026605,6.8559313,-0.03396032,-0.025199974,5.6689467,0.39712426,0.23967695,382,0.13241662,0.15345739,0.8950785,0.04961475,0.065193266,1.017361,0.04114449,0.057954352,0.2545235,-0.09128912,-0.13173202,0.08325668,0.14810465,0.18094367,1.3464171,0.2774014,0.5062868,6.6913486,-0.058183294,-0.041400872,0.13706863,0.33467984,0.3558923,7.4166665,0.93193716
24.75214,-0.0118205575,-0.007587138,0.09845081,0.22535521,0.41659886,0.53395826,-0.013414468,0.0888581,0.16540618,0.44423088,0.62556964,2.7877097,-0.17508858,-0.16288987,4.751694,-0.1026099,-0.07966853,2.500848,-0.12769952,-0.14296567,0.2878132,-0.20079951,-0.19178328,2.1996388,-0.094779976,-0.25843292,1.6181803,0.08466501,0.13503444,0.49737975,0.15397845,0.39448655,6.175024,-0.0347477,-0.030382521,10.220948,0.3758457,0.4015065,435,0.14358906,0.25913164,0.8941424,0.049544074,0.09895896,1.0173008,0.041114867,0.08998467,0.17329127,-0.13267615,-0.33506295,0.097040005,0.16573563,0.3070123,-0.68462265,0.26466393,0.28121442,6.063272,-0.060585365,-0.06182596,0.18437923,0.36448857,0.5287563,7.425,0.9329843
47.211422,-0.012052513,-0.0067083435,0.056455217,0.21929242,0.2723418,0.6028469,-0.021187093,-0.023577185,0.106035836,0.43892673,0.5410881,6.5809975,-0.1821171,-0.14903985,12.08459,-0.10900358,-0.06562792,7.451563,-0.13689455,-0.11429448,0.23805377,-0.1682972,-0.23129119,5.9884415,-0.10568511,0.037957378,1.5518403,0.087996,0.09113816,0.1848364,0.16868646,0.096373826,10.0632105,-0.03471153,-0.023585973,7.594734,0.32167912,0.5766766,304,0.13982084,0.1690788,0.88806486,0.046379503,0.09829863,1.0169244,0.038085245,0.08954635,0.45976782,-0.15365918,-0.20306185,0.05774475,0.17194103,0.23014429,-0.013874244,0.26463932,0.12951462,19.178667,-0.061374065,-0.016673174,0.09364768,0.36449724,0.4424006,7.4333334,0.9340314
26.186922,-0.012346419,-0.0067733275,0.11430032,0.22042082,0.2908977,0.8215889,-0.02489797,0.023569206,0.14123923,0.43776682,0.5415341,3.7748678,-0.18968971,-0.14784075,6.3515964,-0.11652795,-0.06503991,3.8323417,-0.14762622,-0.109873734,0.31290627,-0.12880118,-0.16770303,2.0277028,-0.15191467,0.026345503,1.628528,0.09480964,0.11173121,0.5481236,0.20904115,0.13155222,6.439745,-0.03526934,-0.024942752,1.6212413,0.2462735,0.57026273,407,0.13942419,0.22972663,0.8975512,0.04397186,0.10192621,1.0175413,0.035830274,0.09347884,0.22025315,-0.18581869,-0.21948697,0.08394101,0.18530266,0.23753022,0.6915814,0.28108403,0.12190804,5.401729,-0.06723754,-0.017740343,0.13912106,0.37251654,0.41649932,7.4416666,0.93507856
35.882236,-0.011144596,-0.0064599374,0.07963586,0.1955988,0.260196,0.69670856,-0.03758663,0.042828865,0.102429084,0.4171745,0.4940517,6.3622427,-0.1892872,-0.13816154,9.403142,-0.113476254,-0.058120072,5.701328,-0.13766104,-0.09426363,0.29512715,-0.09643085,-0.1520008,2.3248885,-0.17600994,0.016262915,1.5747459,0.089997075,0.086162336,0.46144757,0.21860628,0.14634916,8.014412,-0.031813215,-0.022578254,1.7885419,0.193675,0.43999028,311,0.12355799,0.16448426,0.8804771,0.040597696,0.07436581,1.0164565,0.03284447,0.06717666,0.35655153,-0.19028746,-0.15709452,0.069304354,0.18262993,0.20085499,0.76033807,0.2479261,-2.5786938e-05,6.3141646,-0.06205276,-0.018996561,0.11430297,0.35376996,0.3567736,7.45,0.93612564
35.69109,0.0014553696,-0.005968977,0.06978448,0.14362721,0.17590372,0.4548837,-0.06743494,0.004313815,0.09744267,0.37346238,0.36155295,6.1177964,-0.10421576,-0.123199016,8.208778,-0.029308924,-0.050132878,3.8858473,-0.07509267,-0.082312465,0.2891792,-0.08026141,-0.15067169,2.3865454,-0.15953894,0.029996397,1.5550033,0.06260965,0.039539587,0.44548267,0.19563387,0.104964204,8.471271,-0.012086351,-0.017891537,1.229581,0.13660751,0.13813329,313,0.096916005,0.05237767,0.8755847,0.033887565,0.03933787,1.0161539,0.026981013,0.03382566,0.3069552,-0.15937282,-0.075356,0.07262158,0.15896113,0.13666843,0.46744192,0.19721545,0.23966143,6.42717,-0.03782682,-0.017784592,0.15341169,0.30049422,0.2755303,7.4583335,0.9371728
32.789898,0.014044806,-0.006616242,0.06627323,0.08047081,0.20477322,0.595034,-0.10038077,0.0005083555,0.108814575,0.31776133,0.36697027,5.7901683,-0.010677796,-0.12675232,9.1223755,0.06136327,-0.056976732,5.6569448,-0.0077861957,-0.09779823,0.35399193,-0.06765611,-0.037867546,2.3329606,-0.106886156,-0.23860024,1.561845,0.025192125,0.04692269,0.4692974,0.14384556,0.3318056,7.867435,0.00684307,-0.02237319,1.6362513,0.107025795,-0.061904114,299,0.0766205,0.047783136,0.88267165,0.03111096,0.029158024,1.0165774,0.025149314,0.023733953,0.2760628,-0.11236224,-0.18769577,0.06906696,0.12175604,0.16643012,0.50682753,0.13136116,0.34799352,6.118205,-0.0055199796,-0.061282735,0.11137721,0.22669509,0.32204372,7.4666667,0.9382199
41.060593,0.028078808,-0.005948684,0.05533141,0.015916452,0.03137737,0.51646304,-0.09506436,-0.14811008,0.090264544,0.31258747,0.2675922,7.3649797,0.080312125,-0.11062147,10.609548,0.14988613,-0.047139224,6.205207,0.05861452,-0.07732277,0.2802086,-0.081295095,-0.06968136,2.4052968,-0.06369665,-0.21085545,1.5676783,0.008034189,0.002017317,0.4427053,0.12459651,0.2477405,7.6636047,0.026162576,-0.01987525,1.4040289,0.08998106,-0.06919634,347,0.07186064,-0.007351252,0.880145,0.031716894,-0.0036964566,1.0164263,0.026715541,-0.008691334,0.38458797,-0.077560134,-0.08720132,0.06266022,0.15419148,0.110491164,0.6656371,0.058544364,0.3425958,6.5062957,0.03400537,-0.05760395,0.10713527,0.13698247,0.23812903,7.475,0.93926704
34.703133,0.042295,-0.0060016043,0.056861382,-0.027585905,-0.035590105,0.5394864,-0.05382407,-0.2246887,0.102370664,0.3163868,0.26747832,6.1041303,0.16962594,-0.111781195,8.507077,0.23746265,-0.04920948,5.92874,0.12449143,-0.07536043,0.31451422,-0.1033064,-0.050818387,2.4343998,-0.023604201,-0.20280881,1.5504079,0.0013059314,-0.015943415,0.44472453,0.11168763,0.23440483,7.793364,0.04738781,-0.020326417,1.2328413,0.07395248,-0.08785225,328,0.06187816,0.008270158,0.88492423,0.036533803,0.004697585,1.0167133,0.03246199,-0.0012250873,0.31036967,-0.045663647,-0.11544256,0.07345459,0.19047624,0.12140052,0.5106387,-0.024260217,0.29064578,6.5005007,0.08253524,-0.056983355,0.1053991,0.049785,0.21476975,7.483333,0.9403141
39.100163,0.06659152,-0.0058485987,0.088087186,-0.074809164,0.018228317,0.7070985,-0.014293064,-0.10184177,0.09089572,0.31150207,0.25471467,6.8519826,0.281383,-0.1084824,7.3403873,0.36111954,-0.051215794,4.9995036,0.22901425,-0.06575069,0.3759371,-0.13548657,0.033594288,2.7885027,0.044311315,-0.17327389,1.5973318,-0.0025292384,0.015293758,0.37668574,0.08299951,0.17954323,8.033711,0.08120432,-0.02121949,4.9830074,0.06433477,0.038157288,356,0.045879748,0.047783136,0.877937,0.049257603,0.009137587,1.0162902,0.046842895,0.002735933,0.24687882,0.0050286683,-0.15218063,0.08484782,0.21621798,0.15353858,-0.9184819,-0.10651298,0.0023041193,8.401318,0.14550823,-0.050408415,0.124575555,-0.048974797,0.13911818,7.491667,0.94136125
28.388556,0.10156232,-0.006046139,0.08946973,-0.13656324,0.08643674,0.6149101,0.011084533,-0.092160664,0.15183093,0.30667213,0.33857748,3.51492,0.40787312,-0.11870539,5.5400763,0.5198283,-0.059492286,3.667847,0.38192135,-0.08291461,0.32489195,-0.18542421,0.005280959,2.200022,0.13110651,-0.18304193,1.6377119,-0.0075757876,0.071281336,0.50348806,0.050742246,0.2068083,7.440915,0.13008365,-0.02209003,2.6634605,0.052692957,0.07264262,364,0.023336528,0.107512064,0.89995605,0.068836085,0.041762207,1.0176915,0.06878243,0.035133034,0.20878159,0.07607959,-0.19332461,0.096329644,0.22982478,0.22520158,0.38009575,-0.17201339,-0.024062442,6.467904,0.2220863,-0.049243733,0.1455005,-0.15807076,0.22864057,7.5,0.9424084
521.4271,0.14322788,0.015513606,0.016437847,-0.22094597,-0.027928306,0.6518918,0.028284112,-0.026197018,0.03486316,0.2788351,0.23056932,25.866316,0.5474091,-0.03557641,61.795135,0.69457763,0.058766123,35.76283,0.5597079,0.17213815,0.26009408,-0.24521393,-0.014289798,4.754129,0.25725368,-0.010454941,1.5001194,-0.017758936,0.021424862,0.22948527,-0.01514507,0.036777526,34.665157,0.18853638,0.03302105,2.9991803,0.046343017,0.12619483,245,-0.015006776,0.013783597,0.90902823,0.09005779,0.09627986,1.0183953,0.09268202,0.09239313,0.6416874,0.18269053,-0.0361025,0.0145930825,0.22134301,0.098851785,-0.46684822,-0.25749323,-0.2596762,50.377014,0.3137432,0.09686861,0.025215607,-0.30043676,0.01372442,7.508333,0.9434555
3809.735,0.18549183,0.18494408,0.004614428,-0.28673452,-0.18155849,0.36116403,0.04478511,-0.11305296,0.0038434353,0.26397702,0.03848484,242.25905,0.68275785,1.0254993,426.69714,0.8602772,1.0249462,72.87628,0.71859795,0.7498285,0.1812734,-0.30485806,-0.14392887,6.9282365,0.3760257,0.3197422,1.2243949,-0.01613839,-0.21916325,0.14559801,-0.06379569,-0.20175876,123.383095,0.24508755,0.2689436,-0.7538555,0.029419221,0.05949771,247,-0.042375963,-0.06064783,0.8510534,0.11402156,0.03234806,1.0148164,0.11974546,0.03723335,0.7498336,0.27305928,0.23263961,0.002182126,0.22510466,-0.088495806,-0.09430162,-0.31946373,-0.3855341,82.6518,0.39507347,0.35049212,0.012776544,-0.42093274,-0.22927074,7.516667,0.9445026
20.144535,0.21160206,0.18409331,0.029245485,-0.33674538,-0.35458028,0.35858127,0.07593716,-0.28280613,0.026511239,0.2639527,-0.08703639,29.526167,0.68190724,1.1273775,38.646397,0.8980986,1.0972751,9.597671,0.82334274,0.78950614,0.3289619,-0.3552154,-0.18963426,6.9574304,0.4660891,0.62606573,1.3960086,0.022091366,-0.36773396,0.14326864,-0.0905153,-0.38789555,2.358013,0.27782348,0.25735933,7.216182,0.020998701,0.13446957,402,-0.0686874,-0.01837813,0.9067536,0.15154588,0.086739905,1.0182159,0.15986782,0.09323311,0.45381334,0.3447251,0.35918477,0.020254806,0.24178898,-0.25828573,-0.3251826,-0.37022814,-0.2620981,36.103394,0.45318466,0.44275445,0.081558876,-0.5208296,-0.34212494,7.525,0.9455497
528.3036,0.24194656,0.20653044,0.02003986,-0.3826222,-0.55873615,1.4956884,0.121390946,0.14619684,0.44954053,0.27310416,0.49336553,0.17003374,0.6758378,1.1123484,0.1730618,0.94751674,1.0848752,5.7049313,0.9596319,0.80708414,0.030424839,-0.42031834,-0.47614145,1.0449067,0.518874,0.54119045,1.8990355,0.0814086,-0.17488469,0.93760735,-0.09190446,-0.04171026,11.873193,0.31908113,0.26640576,5.528674,-0.023381671,0.23066014,431,-0.11410438,0.043188605,0.90430653,0.18941846,0.09495155,1.0179913,0.20087619,0.10195346,0.046012223,0.4241372,0.2596476,0.44167495,0.26541123,0.64949274,-0.09833664,-0.41074386,-0.36163604,38.277344,0.50665706,0.54869646,0.013398419,-0.6199711,-0.68869454,7.5333333,0.94659686
116.33084,0.27140036,0.18834896,0.1079681,-0.4210728,-0.28959495,1.3778105,0.096250355,0.49977192,0.10723101,0.1792292,0.6344508,6.01757,0.694663,1.0231653,9.810197,1.0233444,0.96477,8.234468,1.107555,0.5695419,0.18561086,-0.44491646,-0.5486113,2.0795224,0.6135325,0.34466627,1.7337911,0.1014715,-0.0024417634,0.49006423,-0.16513427,0.16608654,22.25164,0.36284235,0.24106935,1.3712996,-0.08918528,0.17600915,274,-0.18418008,0.06983689,0.898744,0.22515026,0.07553978,1.0176314,0.23972353,0.0797386,0.45965928,0.54000044,0.1483333,0.06577545,0.1450056,0.7840313,0.034036625,-0.44220233,-0.25742686,46.786697,0.55294526,0.5367388,0.078362085,-0.695704,-0.54926485,7.5416665,0.947644
3462.2544,0.30149978,0.17275338,0.005035082,-0.48759803,-0.28835803,0.37091008,0.01879851,0.5045189,0.012426348,0.0726875,0.65118366,77.68758,0.7220553,0.28372365,213.12631,1.1103828,0.4713392,71.114334,1.2676858,0.5543381,0.1954781,-0.45622322,-0.5347906,7.3058376,0.7276257,0.37241158,1.546639,0.10356086,0.235365,0.17611927,-0.25486073,0.19042552,101.42082,0.40516222,0.19624358,-0.8340808,-0.14921685,0.17331584,183,-0.25108254,0.011026878,0.9387676,0.2589681,0.24110201,1.0205787,0.2770684,0.24730359,0.7698948,0.6589845,0.16060118,0.004529581,0.014533198,0.79020184,-0.29369745,-0.45162636,-0.2989112,69.66111,0.5897364,0.49347305,0.01357494,-0.7752756,-0.5471703,7.55,0.94869107
3676.8093,0.33567503,0.3368713,0.0050452594,-0.53532743,-0.35951787,0.45880336,-0.054050297,0.5533344,0.01679873,-0.018783107,0.6322486,56.662983,0.70802265,0.40565303,206.67639,1.1292241,0.85955316,86.56035,1.3476921,1.2184491,0.19415675,-0.44486767,-0.6659517,6.70174,0.79286814,0.35362402,1.5533632,0.09654141,0.35148823,0.19482073,-0.32171685,0.23153536,120.77655,0.45328036,0.43793982,-1.0029582,-0.20625615,-0.10261607,178,-0.3115063,-0.19480819,0.91721284,0.28982666,0.26084402,1.0192304,0.31275746,0.27680263,0.7577094,0.7359336,0.3464405,0.004605587,-0.10064225,0.7490661,-0.19780773,-0.4416703,-0.27241084,70.414856,0.6222102,0.6077481,0.0109965615,-0.81306523,-0.7322904,7.5583334,0.9497382
2282.0916,0.37345245,0.4155846,0.009303235,-0.55990994,-0.39108852,0.38346264,-0.11965164,0.011599665,0.024013113,-0.0999467,-0.19734147,40.95693,0.67093956,0.58891404,89.0316,1.0827231,1.0648506,40.53824,1.3297482,1.5190257,0.2619838,-0.40526477,-0.44065213,5.3407855,0.81806356,0.66927564,1.6255478,0.080200635,0.14966226,0.24576005,-0.3726857,-0.32017326,75.29271,0.4980081,0.5673812,-0.3121582,-0.24826106,-0.29870373,185,-0.35943544,-0.4208592,0.9251473,0.3219527,0.30018136,1.019483,0.35058486,0.32018003,0.72151953,0.7665299,0.7595285,0.011046678,-0.19908215,-0.3828881,-0.36434388,-0.4404789,-0.3277537,59.897087,0.6466055,0.6797531,0.024261128,-0.8141054,-0.7037921,7.5666666,0.95078534
1219.7904,0.43959802,0.4651099,0.011577359,-0.566828,-0.6745218,0.4613936,-0.17912412,-0.43476188,0.026426911,-0.16557878,-0.3548737,34.95609,0.6283133,0.71893865,66.441956,1.0196438,1.1956918,36.815544,1.2740272,1.7656518,0.20949441,-0.343485,-0.4174142,6.1819234,0.81962705,0.970711,1.5969925,0.047198836,0.04870881,0.2062636,-0.40850937,-0.54648805,48.892365,0.5560951,0.62175584,0.46946728,-0.2863203,-0.32897994,249,-0.39996034,-0.44383183,0.9426993,0.35845518,0.38314793,1.0209031,0.39723274,0.4153193,0.714287,0.75286096,0.91523916,0.013903584,-0.28244454,-0.51923907,-0.28573862,-0.4201736,-0.394283,50.056755,0.6713398,0.6906441,0.025092157,-0.78645647,-0.8435457,7.575,0.9518325
2100.2363,0.54314363,0.40398,0.008507575,-0.56525105,-0.6643111,0.46187285,-0.2332285,-0.3904564,0.017194422,-0.22943693,-0.34557804,55.250874,0.5789055,0.6181276,126.207214,0.94967943,0.9948752,51.575493,1.198996,1.5970511,0.20857409,-0.26474988,-0.4046722,6.4765058,0.7953141,0.9097735,1.5727562,-0.0040660747,0.067982584,0.2056204,-0.43427333,-0.52296257,63.43707,0.6387689,0.54422975,-0.15379955,-0.32390293,-0.30614161,199,-0.4466334,-0.42912933,0.9313876,0.39645225,0.36921802,1.0200021,0.4494896,0.39855227,0.7414328,0.71674156,0.897834,0.007527358,-0.36419848,-0.5113591,-0.3104267,-0.39841595,-0.39776352,57.14433,0.7121707,0.6489567,0.018419735,-0.74164915,-0.8308354,7.5833335,0.9528796
1441.9144,0.6832974,0.30367374,0.009383673,-0.5582492,-0.65155417,0.688131,-0.29700133,-0.27875724,0.024820609,-0.29234213,-0.32993895,36.72986,0.57760483,0.52856535,134.17729,0.9157899,0.82737434,66.85439,1.1082641,1.4270084,0.14461969,-0.17235431,-0.4528702,4.9642334,0.7539566,0.7821054,1.639483,-0.082567275,0.13153642,0.27518868,-0.4541408,-0.45887372,58.977005,0.75418556,0.41809475,-0.08646282,-0.36773136,-0.27537316,202,-0.4915876,-0.40707558,0.9407413,0.43189034,0.41362843,1.020741,0.5051289,0.44248107,0.76703775,0.65679544,0.90353847,0.0067944243,-0.44404495,-0.50560546,-0.53384787,-0.36624724,-0.46767673,45.43281,0.77293015,0.56575346,0.013636463,-0.67380357,-0.8239096,7.5916667,0.9539267
721.46936,0.8722743,0.2336301,0.010949912,-0.5452309,-0.6467122,0.29430738,-0.38465685,-0.3221823,0.012823284,-0.3564598,-0.35175416,71.84857,0.5781012,0.6673657,139.46077,0.8548125,0.94388515,24.763266,0.9482,1.2908862,0.3225092,-0.0502608,-0.39398092,7.1300554,0.7172414,0.91357696,1.4870297,-0.19391055,0.02931403,0.17465302,-0.4819668,-0.5155775,34.308796,0.8876906,0.3344452,1.503971,-0.39683565,-0.2144023,190,-0.52999705,-0.40248105,0.908614,0.46970412,0.38242152,1.0182757,0.5688063,0.40737408,0.5988254,0.5596143,0.8285082,0.006606407,-0.5211133,-0.51727724,-0.1874274,-0.32043743,-0.43086922,38.924362,0.84920335,0.49590337,0.037205696,-0.58322555,-0.78994954,7.6,0.9549738
410.75806,1.1167663,0.19731922,0.020185038,-0.52953446,-0.6214016,0.68152505,-0.42973223,-0.2149623,0.028613403,-0.36292553,-0.34749147,31.27176,0.55324143,0.6508115,71.93688,0.76367635,0.9565805,30.211624,0.7717753,1.2339009,0.29303575,0.059474256,-0.31269786,5.175853,0.6286189,0.83965313,1.5568666,-0.29406416,-0.00029770698,0.25468966,-0.46073022,-0.4769605,26.229237,1.0473891,0.288189,3.4716773,-0.42437387,-0.1136125,249,-0.5592834,-0.40248105,0.9018518,0.5173869,0.30532095,1.0180513,0.6489814,0.3244433,0.6017558,0.42258233,0.75969285,0.012438564,-0.5205996,-0.5211282,0.65793616,-0.27022943,-0.23453753,45.41063,0.94434124,0.48042935,0.029617457,-0.49624768,-0.7780774,7.608333,0.95602095
8273.336,1.4171314,0.47437942,0.047219135,-0.49722844,-0.50757176,0.33939505,-0.46387827,-0.27461788,0.036209457,-0.36039892,-0.31042057,20.644604,0.52273446,0.49532086,34.95337,0.65988606,0.745749,5.37299,0.57196313,0.8352195,0.42089683,0.16977787,-0.106114574,3.5755172,0.51403964,0.6264949,1.3690221,-0.3942557,-0.1506475,0.29948488,-0.42329332,-0.40210894,237.73216,1.2369244,0.64393115,-1.7951895,-0.4722338,-0.16871703,136,-0.5954451,-0.46037215,0.9686587,0.5762218,0.37567082,1.0235786,0.7469921,0.4284473,0.3266331,0.2642783,0.5060334,0.021386491,-0.5108236,-0.48469794,0.0062273974,-0.24283113,-0.16865759,113.88452,1.0573072,0.6694038,0.13912736,-0.3960178,-0.4614011,7.616667,0.9570681
8537.266,1.7406015,0.792832,0.03777628,-0.48010734,-0.42408434,0.42631048,-0.498366,-0.40214345,0.02047905,-0.36441308,-0.31888467,34.901108,0.5253044,0.48710403,39.244442,0.60104895,0.5264176,8.065955,0.41864523,0.32793403,0.44172174,0.26474774,0.18295631,3.5634143,0.4264188,0.5235658,1.3314906,-0.4930287,-0.37793696,0.2852447,-0.39754584,-0.39408982,208.56105,1.4096311,0.9492373,-1.4328506,-0.51798016,-0.21391778,189,-0.63332564,-0.47231793,0.96674746,0.634623,0.4247579,1.0232881,0.84719193,0.5025196,0.27301976,0.12499846,0.20393026,0.018212553,-0.5067147,-0.4546841,0.023465233,-0.22060387,-0.052708507,96.99389,1.1625446,0.841129,0.08861214,-0.337976,-0.26470253,7.625,0.95811516
14165.313,2.075753,1.3962168,0.017488338,-0.4720784,-0.40485835,0.33450982,-0.5330902,-0.38256195,0.013396909,-0.3690344,-0.31776637,61.187317,0.53476465,0.4392016,79.46821,0.57479596,0.3878117,15.679288,0.31482124,0.24954838,0.53615266,0.34093228,0.3908246,4.320393,0.35525686,0.3171181,1.2953967,-0.5801655,-0.51935655,0.24760269,-0.3757813,-0.33591664,241.48817,1.5760026,1.3720974,-1.8296139,-0.5639229,-0.32583246,118,-0.6758999,-0.5384792,0.9857612,0.690334,0.5703748,1.025885,0.94784117,0.7237927,0.2835683,0.008254628,0.011143412,0.01031508,-0.5060762,-0.44493544,-0.01969308,-0.20346469,-0.017811352,114.813385,1.2674153,1.093879,0.052280493,-0.29944557,-0.22515382,7.633333,0.9591623
14613.515,2.395818,2.033663,0.049206376,-0.46651253,-0.3195222,0.4307369,-0.5675195,-0.50471395,0.031376895,-0.37259796,-0.3123788,22.989063,0.53911155,0.4019863,32.442677,0.555604,0.29656488,6.314252,0.22612952,0.043337923,0.41660714,0.39104405,0.51105565,3.053331,0.29041415,0.1611599,1.3453014,-0.6504262,-0.6754856,0.35545352,-0.35409278,-0.25556323,244.11342,1.7209787,1.8168064,-1.8841211,-0.606129,-0.50563663,160,-0.7164909,-0.6202619,0.9884673,0.73992807,0.7338632,1.0263426,1.0408413,0.9649029,0.30471823,-0.087735064,-0.17050178,0.022233844,-0.5059984,-0.41918746,-0.021876793,-0.19210826,-0.15924655,120.34051,1.3618263,1.3434346,0.11423766,-0.26762885,-0.003152826,7.641667,0.9602094
12817.317,2.694974,2.2376053,0.03953439,-0.475663,-0.3421189,0.27469128,-0.60551775,-0.53622943,0.037736475,-0.37958515,-0.30940178,17.617208,0.56158274,0.3883838,28.206572,0.556688,0.28097716,4.619216,0.16183704,0.036833603,0.44350687,0.42736122,0.53305453,3.0235448,0.25252494,0.12060219,1.401294,-0.7148333,-0.6516699,0.36670214,-0.34904355,-0.20196132,244.52629,1.8402634,1.8306735,-1.8619192,-0.64221424,-0.5078769,177,-0.75774306,-0.5825867,0.9910099,0.78482276,0.7760515,1.0269557,1.1267253,1.0631092,0.22130448,-0.16524422,-0.2349126,0.023569379,-0.51024914,-0.4134495,0.06666296,-0.18543436,-0.14667292,119.04868,1.4411018,1.3606339,0.14392298,-0.26625013,0.00942851,7.65,0.96125656
19436.588,2.9785042,2.7267873,0.019613476,-0.49235496,-0.39552593,0.30654466,-0.6334421,-0.5945641,0.013980667,-0.39099252,-0.32207075,49.513607,0.59875876,0.45403972,77.66309,0.5756141,0.36973903,10.819112,0.12806848,0.0605906,0.41167068,0.44420713,0.5038158,3.7884455,0.23518698,0.137137,1.2561433,-0.7721155,-0.707274,0.27070856,-0.35541347,-0.21355307,248.75264,1.9356097,1.9127059,-1.9476973,-0.67384547,-0.52516127,101,-0.7992596,-0.6634505,0.99395764,0.8228539,0.8274113,1.0274675,1.2008274,1.1846409,0.28056252,-0.21689112,-0.23030004,0.008913285,-0.51780885,-0.43789366,0.034740645,-0.18698466,-0.14432707,122.810005,1.5068042,1.446615,0.06398244,-0.30036652,-0.055187453,7.6583333,0.96230364
19759.145,3.213412,2.9778488,0.015255697,-0.512344,-0.40209094,0.36080232,-0.64893585,-0.5817577,0.01115074,-0.40141147,-0.32644978,64.79504,0.63730896,0.47024968,109.466286,0.61061984,0.43904614,17.087664,0.1315138,0.072743475,0.42675143,0.4436145,0.39737192,4.0752635,0.22954684,0.119125426,1.2885869,-0.81189495,-0.7122995,0.2525738,-0.36451408,-0.20958892,249.56618,2.0053709,1.9291933,-1.9419638,-0.700518,-0.52893305,87,-0.8367435,-0.6919366,0.9928,0.85457325,0.8406971,1.0271834,1.2631449,1.2223984,0.29576117,-0.24536048,-0.22284383,0.006600321,-0.52620655,-0.44765833,-0.025911357,-0.19923347,-0.14562078,122.31681,1.5551956,1.4716053,0.0422827,-0.3477611,-0.08141665,7.6666665,0.9633508
19671.197,3.3955388,3.204847,0.015477359,-0.533008,-0.5012698,0.31067473,-0.6689299,-0.6402367,0.0178526,-0.4112588,-0.35281616,38.991108,0.67343825,0.542149,63.035854,0.64574295,0.50972813,13.972566,0.13688049,0.13882707,0.40910238,0.43536162,0.39007002,3.7016604,0.23948908,0.16676325,1.3792179,-0.8427515,-0.6872701,0.29697016,-0.37739566,-0.25622606,249.84882,2.0459526,1.9408995,-1.9380039,-0.717872,-0.530742,120,-0.86649257,-0.7286928,0.9952242,0.8761183,0.8534509,1.0277936,1.3092356,1.2645925,0.28699028,-0.26053986,-0.23368485,0.011042805,-0.53423864,-0.47707522,-0.017838564,-0.214567,-0.14478064,122.233475,1.5845442,1.4779098,0.04981853,-0.39365116,-0.25042015,7.675,0.9643979
20927.375,3.5245426,3.5688417,0.013453298,-0.5530631,-0.5779603,0.29770526,-0.6769474,-0.62902725,0.010635475,-0.4204907,-0.40565112,66.307,0.7138042,0.7609188,109.10364,0.68967474,0.69663155,15.605367,0.15286021,0.23362657,0.4132508,0.41970617,0.3606318,4.592088,0.25757405,0.28201634,1.2184794,-0.8653018,-0.82218194,0.2225069,-0.3928176,-0.3712135,250.1606,2.0562003,1.9523993,-1.9752043,-0.7206332,-0.5345452,63,-0.8881764,-0.8334482,0.99503887,0.88632894,0.8610556,1.0277227,1.3376347,1.2868966,0.29195565,-0.26092792,-0.19048007,0.006463638,-0.5427814,-0.52203953,0.011510024,-0.21761943,-0.1562552,124.20815,1.5966463,1.4950936,0.045189995,-0.44404235,-0.509446,7.6833334,0.96544504
17362.885,3.616265,3.47577,0.025031278,-0.5663722,-0.5620295,0.3867781,-0.68359715,-0.5899477,0.01957774,-0.42633244,-0.3947393,34.5339,0.7394486,0.693613,54.708466,0.72058755,0.6435975,10.446891,0.16256513,0.23041467,0.4037589,0.4045707,0.35293388,3.3232093,0.27040628,0.2478318,1.3317022,-0.8804603,-0.7664217,0.30740634,-0.403966,-0.34194914,249.7094,2.0647712,1.954352,-1.9353073,-0.722905,-0.5341292,129,-0.90516645,-0.8077188,0.9945087,0.8934539,0.8620957,1.027581,1.358918,1.2901974,0.27233687,-0.25971046,-0.19551025,0.012358156,-0.5486743,-0.51298434,-0.045175523,-0.22175735,-0.17288178,121.96444,1.6063986,1.4922774,0.06471741,-0.47636545,-0.5075179,7.6916666,0.9664922
20927.541,3.6824005,3.52821,0.01335419,-0.57464665,-0.56762075,0.29433548,-0.68686587,-0.6223219,0.010762532,-0.43149292,-0.39549613,65.54071,0.76286805,0.69696337,109.5385,0.746636,0.6437644,15.547146,0.16916937,0.21712154,0.41402906,0.39107588,0.34055543,4.412706,0.2838381,0.2726263,1.2873387,-0.8943257,-0.76734275,0.24814212,-0.41520756,-0.34548312,250.1827,2.0676672,1.9556104,-1.966188,-0.7237838,-0.53494245,81,-0.9170661,-0.81323224,0.99686426,0.8970893,0.86976695,1.0282887,1.3719883,1.3223423,0.29135486,-0.25910667,-0.1982048,0.0064395983,-0.5530264,-0.5134068,-0.004537442,-0.22418377,-0.16843493,123.85098,1.6102993,1.4973869,0.04537064,-0.50045705,-0.49941665,7.7,0.96753925
20909.635,3.7284453,3.5837932,0.013228942,-0.5821199,-0.57423216,0.29381195,-0.6887628,-0.6305353,0.01049213,-0.4362987,-0.4098458,67.29862,0.78485364,0.8241528,112.25321,0.7670842,0.7574754,15.68246,0.1759908,0.23187622,0.4140491,0.3856972,0.34536842,4.6707726,0.29708806,0.3438345,1.2053288,-0.9108529,-0.89566785,0.21946497,-0.42741424,-0.40728906,250.20793,2.0693605,1.9563433,-1.9756854,-0.7242827,-0.5362075,61,-0.92744523,-0.86744773,0.9961998,0.89914244,0.87160844,1.0280626,1.3795666,1.330164,0.2920568,-0.25884348,-0.1951065,0.0062902956,-0.55667007,-0.5258993,-0.024821367,-0.2279412,-0.1698877,124.235664,1.6121145,1.5040553,0.045025203,-0.5233229,-0.5119919,7.7083335,0.9685864
18230.307,3.7549844,3.4627438,0.03284135,-0.58264637,-0.51722234,0.3874717,-0.6870488,-0.5868125,0.024923544,-0.4382935,-0.38199037,25.642752,0.79201293,0.6414429,30.353712,0.7749105,0.57553273,7.540384,0.17705041,0.16228348,0.38248694,0.38082367,0.31543618,3.189289,0.2992395,0.24075995,1.365816,-0.918085,-0.7869377,0.33207393,-0.430695,-0.31991562,249.39565,2.0702164,1.954782,-1.9240392,-0.7244859,-0.5344898,151,-0.9300896,-0.78658396,0.99507916,0.9000486,0.87168443,1.0277511,1.383177,1.3309882,0.25662133,-0.25807425,-0.21671423,0.021055358,-0.5575487,-0.48754334,-0.024854444,-0.23137987,-0.17745334,121.41762,1.6127685,1.4947613,0.08475806,-0.53281856,-0.40818518,7.7166667,0.9696335
20926.506,3.7666297,3.6226857,0.013352168,-0.58284944,-0.55156434,0.29509577,-0.6866249,-0.6314685,0.010599364,-0.4392649,-0.39949423,66.5641,0.79917204,0.7853589,111.40482,0.7837749,0.7065232,15.59305,0.17850477,0.20668969,0.41366446,0.38105318,0.325074,4.6724377,0.3007699,0.3398983,1.206857,-0.9235192,-0.87907,0.21942692,-0.43227172,-0.3900742,250.18399,2.0704863,1.9557507,-1.9763895,-0.724566,-0.535869,61,-0.9316762,-0.8490696,0.9960864,0.90059483,0.87466246,1.0280343,1.3859159,1.3441705,0.29187265,-0.2583869,-0.20476766,0.006333093,-0.558627,-0.5033809,-0.006261871,-0.23333737,-0.16935734,124.2564,1.6131757,1.5023948,0.0452469,-0.5356777,-0.45926607,7.725,0.97068065
20880.334,3.7738779,3.620567,0.016186101,-0.5817981,-0.54323715,0.29329553,-0.68579394,-0.631975,0.013791814,-0.43977642,-0.39358848,50.22462,0.80065626,0.7165417,80.13024,0.7863692,0.6385788,12.551663,0.17704783,0.18084167,0.4145618,0.381139,0.32559234,3.7642472,0.29727954,0.29225096,1.2604436,-0.92646074,-0.89891785,0.26569366,-0.4308573,-0.37607783,250.01979,2.0705729,1.9554182,-1.9441746,-0.7245675,-0.53512996,101,-0.93061846,-0.83069146,0.9946366,0.90086627,0.87045777,1.0276093,1.3875161,1.3244127,0.27812684,-0.25922522,-0.2128569,0.008644535,-0.5592305,-0.49758497,-0.040159773,-0.23477718,-0.17676859,122.182846,1.6132522,1.496839,0.055187,-0.5349471,-0.43351284,7.733333,0.9717277
20899.15,3.7676864,3.6200964,0.013814587,-0.57861423,-0.5415151,0.29643944,-0.67828476,-0.6306952,0.011735515,-0.4399924,-0.39116442,59.865448,0.80221725,0.68314344,103.57837,0.789314,0.61853653,15.0756645,0.17695124,0.17560562,0.41265368,0.3809796,0.32423463,3.6612637,0.2927971,0.21807452,1.3600994,-0.9252746,-0.7847016,0.2957118,-0.4280234,-0.31527537,250.16673,2.0705411,1.9553341,-1.9547825,-0.72455096,-0.53442824,113,-0.9287674,-0.7829083,0.9968565,0.9008811,0.87169737,1.0282887,1.388193,1.3309903,0.28989816,-0.25956398,-0.21417697,0.0067828046,-0.5594761,-0.49629036,0.006152186,-0.23570691,-0.17032452,123.408485,1.6133373,1.4940841,0.046601716,-0.53472877,-0.42937684,7.741667,0.97277486
20926.4,3.7579436,3.741102,0.013428965,-0.57518,-0.5985965,0.29674202,-0.67038757,-0.6748872,0.010644232,-0.43952605,-0.41900277,66.258316,0.79885226,0.8656346,110.17804,0.7861532,0.80296147,15.584441,0.17640439,0.24501781,0.41350853,0.38061956,0.35441768,4.6837397,0.29110673,0.32788342,1.2090135,-0.92523664,-0.9004173,0.21877156,-0.4267307,-0.40562752,250.24438,2.0704634,1.9570664,-1.9743608,-0.7245125,-0.5361176,61,-0.927908,-0.86560994,0.9964439,0.90073645,0.8742735,1.0281475,1.3881385,1.3425156,0.29176033,-0.2599635,-0.19268867,0.0064011742,-0.5590276,-0.5348105,-0.045057453,-0.23767532,-0.17452776,124.224434,1.6132374,1.5034323,0.045254678,-0.5340791,-0.53301394,7.75,0.973822
17503.016,3.7481887,3.5874496,0.03746771,-0.5717511,-0.52768564,0.44792113,-0.66248983,-0.6004501,0.023817055,-0.43907833,-0.39323413,27.258085,0.7957779,0.6890274,42.868603,0.78292364,0.6446164,7.761181,0.17587952,0.1774366,0.39073288,0.38026243,0.33210596,3.1885843,0.2888253,0.21885316,1.3565949,-0.92484003,-0.789915,0.32797214,-0.42518106,-0.3190689,249.08435,2.0703752,1.954822,-1.9229847,-0.72448146,-0.5343247,146,-0.92691636,-0.7875029,0.9940259,0.900404,0.8703841,1.027581,1.3871906,1.3293333,0.25847447,-0.26035628,-0.21311241,0.015144122,-0.5585747,-0.5116497,-0.016296117,-0.23778279,-0.17661539,121.26897,1.6131383,1.4934826,0.08364801,-0.533447,-0.43226865,7.758333,0.97486913
20870.0,3.740128,3.5869856,0.013227599,-0.5704832,-0.536385,0.2950082,-0.6582763,-0.59961593,0.010804905,-0.43869713,-0.39905727,65.44181,0.7935086,0.7574003,108.17447,0.7788092,0.70940936,15.769915,0.17612109,0.2052069,0.41526672,0.37955862,0.3327918,4.472995,0.2867918,0.27093038,1.228477,-0.92484725,-0.81350535,0.23214072,-0.424009,-0.34582546,250.02219,2.0703902,1.954827,-1.962361,-0.72447795,-0.53493524,67,-0.9262552,-0.8187457,0.99516064,0.9002815,0.8713733,1.0278219,1.3866764,1.3355157,0.2918258,-0.26063648,-0.20473519,0.0065365937,-0.55708057,-0.5171907,-0.06522225,-0.23909323,-0.18182965,123.74062,1.6132458,1.4986708,0.04483807,-0.5337152,-0.45941904,7.766667,0.9759162
20584.676,3.7324114,3.5728714,0.011996915,-0.56914765,-0.5417298,0.26440647,-0.6540248,-0.6152183,0.010819146,-0.43834215,-0.4008438,65.572014,0.7915239,0.78304064,121.21677,0.7752593,0.7501609,15.635582,0.17610782,0.21003842,0.41916925,0.37865776,0.33913124,4.3339634,0.28551367,0.32035884,1.2427601,-0.9226831,-0.90009844,0.236456,-0.42264813,-0.39307857,250.13771,2.0704572,1.9547677,-1.9579703,-0.72452235,-0.5350423,79,-0.9250653,-0.8499885,0.99464875,0.90052754,0.8672061,1.0277085,1.3876781,1.318644,0.29026398,-0.26094136,-0.20451148,0.0058526,-0.5556258,-0.51963586,-0.009602438,-0.23801114,-0.1851074,123.0374,1.6134963,1.4974349,0.045372996,-0.53379625,-0.4626426,7.775,0.97696334
18587.553,3.7263641,3.4678996,0.027765926,-0.56660306,-0.49957252,0.46183765,-0.6474354,-0.53480476,0.019833056,-0.4375794,-0.38292965,33.667656,0.78457654,0.6366064,38.327488,0.76191205,0.5841584,11.106564,0.17419353,0.17139882,0.39903033,0.37705177,0.3250444,3.2456822,0.28261313,0.21469358,1.3646523,-0.9212598,-0.7852414,0.32665083,-0.42032245,-0.30705103,249.95117,2.070512,1.9541692,-1.9406642,-0.72457707,-0.53391105,141,-0.92334646,-0.77647597,0.9962348,0.9008994,0.8668113,1.0280908,1.3890316,1.3169991,0.26870218,-0.26185688,-0.21861205,0.017421767,-0.55350274,-0.490667,-0.031977054,-0.23781255,-0.18238601,122.70411,1.6138446,1.4923714,0.060120538,-0.5320568,-0.42364204,7.7833333,0.9780105
20923.795,3.7253652,3.6214304,0.01336498,-0.56570446,-0.57044566,0.29576775,-0.648773,-0.6089145,0.010688371,-0.43713653,-0.40852478,65.993935,0.7824085,0.8106518,109.95261,0.75770706,0.7391483,15.609825,0.17215526,0.23912477,0.41347432,0.37489593,0.3471711,4.6723604,0.28123546,0.32371816,1.205145,-0.9200456,-0.89700717,0.21940987,-0.41915372,-0.39362323,250.26657,2.0705166,1.9565822,-1.9760365,-0.7246221,-0.5356921,61,-0.9226853,-0.854583,0.9959912,0.90117717,0.87052083,1.028006,1.3900865,1.3293586,0.29189333,-0.26235536,-0.19817565,0.006415197,-0.5525652,-0.5136119,-0.017766874,-0.23707333,-0.182692,124.251686,1.6140481,1.5023054,0.045187414,-0.5278798,-0.52454334,7.7916665,0.9790576
17439.568,3.7243996,3.4674664,0.027782666,-0.5647877,-0.5276471,0.42464173,-0.6500815,-0.5457735,0.0186631,-0.4366999,-0.39320475,35.89255,0.7803289,0.67788297,52.760868,0.753775,0.61112154,10.238513,0.1700774,0.19139431,0.39864504,0.372712,0.33099872,3.2785397,0.27985767,0.23595223,1.3110797,-0.9187587,-0.8360487,0.30314153,-0.41798306,-0.33700413,249.60315,2.070508,1.9557269,-1.9397285,-0.72466767,-0.53493226,127,-0.92202425,-0.79944867,0.9943963,0.90150446,0.8690782,1.0275526,1.3913852,1.3215262,0.27122125,-0.26284382,-0.2107758,0.012696272,-0.5516438,-0.49742055,-0.025343645,-0.23618104,-0.17439526,122.087364,1.6142526,1.4967991,0.06542613,-0.52366924,-0.47053063,7.8,0.9801047
20921.512,3.734057,3.4825842,0.013403956,-0.56327474,-0.52350974,0.29375693,-0.6543522,-0.53147775,0.010767274,-0.43655738,-0.3933059,65.44426,0.7809926,0.677309,109.85081,0.75266665,0.5848618,15.4430275,0.16748196,0.18973276,0.41315523,0.37058383,0.32514727,4.1125083,0.28021544,0.2196802,1.319067,-0.9175533,-0.7797364,0.2680395,-0.41704607,-0.31181812,250.14513,2.0705023,1.955742,-1.9634683,-0.7246815,-0.53511685,91,-0.9214954,-0.78842175,0.9971978,0.9018367,0.87388957,1.0284017,1.3927922,1.3416835,0.29150105,-0.26364803,-0.2100193,0.006414666,-0.5509368,-0.49594307,-0.029041143,-0.23580678,-0.17843948,123.77151,1.6143489,1.4992441,0.045629412,-0.5165963,-0.46985793,7.8083334,0.9811518
20921.375,3.743681,3.5873306,0.0133780325,-0.5616617,-0.56581676,0.29579517,-0.6583971,-0.6123525,0.010512545,-0.4362924,-0.41147676,67.11227,0.77996063,0.8275801,110.865944,0.75047094,0.75245357,15.599426,0.16473453,0.22850168,0.41381046,0.36843327,0.33952785,4.671313,0.28086224,0.32443234,1.2063929,-0.9183749,-0.8965273,0.21943985,-0.41682264,-0.39731273,250.24995,2.0705059,1.9563519,-1.9762377,-0.724696,-0.5363111,61,-0.9209665,-0.8619343,0.99632883,0.9020334,0.87406707,1.028105,1.3934966,1.3420948,0.29171026,-0.2645117,-0.19594936,0.006363728,-0.5501651,-0.52501035,0.004410465,-0.2343525,-0.17086905,124.24516,1.6144323,1.5043766,0.045227353,-0.50939757,-0.50893015,7.8166666,0.98219895
18218.195,3.7532146,3.465898,0.039095543,-0.5600793,-0.49015704,0.39936143,-0.66266865,-0.56189483,0.027554315,-0.4360721,-0.37859565,22.481678,0.77967,0.6320737,26.062145,0.7480488,0.55863434,6.3278646,0.16187637,0.14840762,0.37243757,0.3663003,0.29960042,3.0976157,0.27952868,0.20872359,1.3737799,-0.91750395,-0.7720795,0.3420665,-0.41571447,-0.2995011,249.22076,2.0704987,1.9542173,-1.9208243,-0.7246618,-0.5344575,158,-0.9195121,-0.7728004,0.9952429,0.9021033,0.8726547,1.0278077,1.3936594,1.3363308,0.24702963,-0.26538906,-0.22338453,0.02376885,-0.5493804,-0.47939435,-0.055960704,-0.2343094,-0.17881529,121.47873,1.6142454,1.4951413,0.09789514,-0.5020973,-0.3706515,7.825,0.9832461
20929.28,3.7609339,3.6225228,0.013439352,-0.5605085,-0.532333,0.29681286,-0.6625388,-0.6241568,0.010649399,-0.43725178,-0.3942188,66.226875,0.78393847,0.7683699,109.97927,0.7496352,0.6908308,15.576281,0.16237427,0.19446723,0.41350958,0.3667941,0.31406313,4.66629,0.27934155,0.3106924,1.2110562,-0.91812867,-0.84589404,0.21937531,-0.4162125,-0.36629987,250.24345,2.0705616,1.9555242,-1.9762715,-0.724687,-0.53568435,61,-0.91997486,-0.8334482,0.9964399,0.90207857,0.8765118,1.0281475,1.393659,1.3536284,0.29176685,-0.2648343,-0.21082044,0.006412812,-0.5506638,-0.49591112,0.010416485,-0.23256129,-0.17137538,124.25778,1.6142522,1.5023699,0.045278873,-0.5041211,-0.4235078,7.8333335,0.9842932
20826.432,3.7684574,3.6182556,0.016812248,-0.56097853,-0.52231103,0.30461282,-0.66245806,-0.6188692,0.014223421,-0.43841726,-0.38748085,48.43616,0.78804487,0.6919502,75.187195,0.7510228,0.61074454,12.482345,0.16299324,0.16891949,0.41357154,0.36737153,0.3144682,3.7114773,0.27830994,0.28122553,1.2660536,-0.9180563,-0.8850164,0.26998278,-0.41606504,-0.36475018,249.9785,2.070591,1.9551841,-1.9440541,-0.7246704,-0.5350326,105,-0.9201071,-0.8205835,0.99411625,0.9018895,0.87069535,1.0275384,1.393009,1.3285226,0.27535638,-0.2642648,-0.22069328,0.009162836,-0.5519326,-0.48868728,-0.044724174,-0.23310933,-0.17463824,122.2683,1.6141368,1.4973634,0.055192187,-0.5062348,-0.3984199,7.8416667,0.9853403
20658.373,3.768472,3.6064515,0.014457689,-0.56046385,-0.51913637,0.30016914,-0.6600082,-0.61673874,0.012328448,-0.43957943,-0.38394064,56.53237,0.79454786,0.64441335,97.61718,0.7572962,0.5801348,14.47014,0.16445015,0.15917489,0.4072163,0.3684164,0.3080523,3.570226,0.278529,0.20032014,1.3594964,-0.9173393,-0.7720304,0.30139872,-0.4161485,-0.29939267,250.13672,2.0706322,1.9549531,-1.9536865,-0.7246682,-0.5342755,115,-0.92050374,-0.77096254,0.99662817,0.9017409,0.8712604,1.0282747,1.3926029,1.3334553,0.28974003,-0.26330516,-0.22189811,0.0071396898,-0.55327016,-0.48664758,-0.0082950955,-0.23225114,-0.17728163,123.355545,1.6141121,1.4944005,0.04816514,-0.5085571,-0.39071262,7.85,0.98638743
20932.361,3.7631922,3.7282684,0.0134685915,-0.5574615,-0.5944914,0.29730695,-0.65226674,-0.6664467,0.010730604,-0.43994528,-0.41673943,65.6986,0.7964051,0.83859277,110.03254,0.7549875,0.77413875,15.56192,0.16437526,0.23885556,0.4128571,0.3692471,0.3473792,4.6722646,0.27960348,0.31602183,1.2048218,-0.9182448,-0.89671665,0.21942645,-0.41649544,-0.3971911,250.25075,2.0706553,1.9570552,-1.9759128,-0.7246537,-0.53612494,61,-0.920636,-0.8600965,0.9962976,0.90161395,0.8732511,1.028105,1.3920885,1.3420991,0.29212862,-0.26323512,-0.19431905,0.006407066,-0.55289316,-0.5322849,-0.020549808,-0.23217312,-0.1699144,124.250595,1.6140202,1.5036323,0.045301974,-0.50901496,-0.5286907,7.858333,0.98743457
17604.828,3.756935,3.5790608,0.042361222,-0.5544953,-0.50944775,0.4677837,-0.64443314,-0.5831715,0.02131465,-0.44033518,-0.39594692,30.078398,0.79877335,0.6761728,41.241035,0.75253093,0.61532694,7.0796127,0.16458486,0.1655378,0.38357618,0.37037978,0.31825495,3.0984309,0.28015584,0.20081905,1.36016,-0.91829115,-0.7866824,0.33658382,-0.41643667,-0.30372402,249.20854,2.0706697,1.954943,-1.9235595,-0.724628,-0.5343553,151,-0.92050374,-0.7773949,0.9941954,0.9010441,0.8690147,1.0275526,1.3896759,1.3248013,0.25753433,-0.26314992,-0.21525301,0.015545452,-0.5524995,-0.5082788,-0.040044475,-0.2318284,-0.1804128,121.518166,1.6138804,1.4945079,0.090557285,-0.50966763,-0.40990284,7.866667,0.9884817
20932.51,3.7498388,3.5838218,0.013493788,-0.55492544,-0.5192056,0.2977986,-0.64010406,-0.5864905,0.010723329,-0.43989706,-0.40277055,65.75791,0.7999632,0.75400174,110.01953,0.74994224,0.69580305,15.562035,0.16627239,0.19211245,0.4133161,0.3720218,0.31800643,4.61465,0.28169125,0.26718214,1.2393488,-0.92075366,-0.8063898,0.228138,-0.41810966,-0.33709285,250.19333,2.0707486,1.9553814,-1.9723692,-0.7246358,-0.53530586,69,-0.9215615,-0.8104755,0.9964424,0.9005044,0.8734053,1.0281475,1.3873988,1.3425115,0.2918276,-0.26294923,-0.2051805,0.006409259,-0.551555,-0.5155169,-0.0026963095,-0.23112726,-0.1716689,124.07756,1.6138022,1.5005337,0.045311794,-0.5136692,-0.43582407,7.875,0.9895288
20885.695,3.7426894,3.5940244,0.013174255,-0.55539733,-0.52297944,0.2880982,-0.6359677,-0.5923699,0.010043616,-0.43946403,-0.40722495,70.268166,0.80122167,0.81571853,110.283104,0.7473704,0.72506624,15.433455,0.1679196,0.2004249,0.41438022,0.37364814,0.32497668,4.310176,0.28070176,0.32155204,1.236074,-0.9207931,-0.897472,0.23527165,-0.41796312,-0.3898254,250.176,2.070822,1.9554616,-1.9601578,-0.72462904,-0.5355231,75,-0.92169374,-0.8472318,0.99518776,0.90003353,0.87068653,1.0277795,1.3855001,1.3281112,0.29136625,-0.26275176,-0.20418602,0.006399407,-0.5506119,-0.5174628,-0.026529834,-0.231224,-0.17546265,123.080505,1.6136929,1.4996177,0.045728352,-0.51763713,-0.44221696,7.883333,0.9905759
18317.508,3.7345302,3.4766648,0.030661717,-0.5554635,-0.47242373,0.48185852,-0.6313481,-0.5024799,0.020727448,-0.43876734,-0.38773555,31.861547,0.79831946,0.66368407,31.755978,0.742153,0.5442172,10.378529,0.16863874,0.1556974,0.3940673,0.37543258,0.30669484,3.2085106,0.2790487,0.21399865,1.3624209,-0.9213333,-0.78116846,0.32863244,-0.41714135,-0.30273986,249.87108,2.0708406,1.9546866,-1.9405795,-0.7246205,-0.5343369,141,-0.9211649,-0.77371925,0.99569345,0.8995251,0.8695463,1.0279493,1.3834645,1.3235854,0.2663413,-0.26295802,-0.21995555,0.020796355,-0.54950094,-0.47963893,0.0015251007,-0.2305485,-0.17086995,122.53785,1.6135969,1.4939134,0.0636322,-0.5207104,-0.39412764,7.891667,0.99162304
20922.135,3.7319224,3.6255517,0.013446983,-0.556795,-0.55744493,0.29715723,-0.6344614,-0.5855874,0.010600884,-0.43800426,-0.40862262,66.50853,0.79762495,0.8273696,110.66802,0.74618274,0.7046203,15.580481,0.16943525,0.22905141,0.4130234,0.37673408,0.33534607,4.710892,0.2786491,0.33247873,1.2069386,-0.92110485,-0.8942414,0.21767287,-0.41707906,-0.39756453,250.22047,2.070792,1.9567521,-1.9747422,-0.7243556,-0.5360552,60,-0.9207021,-0.85733974,0.9963894,0.8987314,0.87368745,1.0281333,1.3805073,1.3404719,0.29202577,-0.26322675,-0.19886325,0.0063708485,-0.550186,-0.5037554,-0.044776734,-0.23100184,-0.1718545,124.23919,1.6138169,1.5029758,0.04525208,-0.5202819,-0.51298577,7.9,0.9926702
18519.193,3.726219,3.5172377,0.026552532,-0.55674046,-0.5190462,0.41536114,-0.63590455,-0.52832586,0.017652852,-0.43668932,-0.39511314,38.74195,0.7926058,0.7059832,56.581566,0.7454091,0.58115804,10.698338,0.1687652,0.18708256,0.41507885,0.37770575,0.33706117,3.309205,0.27372837,0.23655756,1.3016508,-0.9167396,-0.84826434,0.29955155,-0.41390836,-0.34061632,249.90536,2.0707135,1.9561642,-1.9354638,-0.72403187,-0.5348162,127,-0.917596,-0.8040432,0.9939109,0.8977964,0.8689092,1.0274959,1.376993,1.3215238,0.2688271,-0.26404005,-0.21292856,0.012087081,-0.5501734,-0.48883063,0.00027941886,-0.23002878,-0.1712354,121.89709,1.613789,1.4957137,0.06392638,-0.5177522,-0.46415046,7.9083333,0.99371725
20932.068,3.7315233,3.519319,0.013592134,-0.56001973,-0.51781744,0.29606536,-0.6437214,-0.5244453,0.01083268,-0.43619475,-0.3935748,64.97182,0.7955556,0.682186,108.735245,0.75327396,0.5775819,15.330661,0.1708064,0.18619554,0.412147,0.37809968,0.33488828,4.0453987,0.27483675,0.2171023,1.3233745,-0.915209,-0.783839,0.2716311,-0.4142471,-0.31162173,250.18744,2.070652,1.9561876,-1.9621807,-0.7237622,-0.53488415,93,-0.91780627,-0.7875029,0.9971968,0.8970083,0.8727012,1.0284017,1.3740575,1.3396206,0.2916719,-0.26399985,-0.21274164,0.006472776,-0.5510527,-0.48863775,-0.029066332,-0.23018591,-0.17176312,123.71166,1.6141442,1.4978157,0.045909233,-0.51842606,-0.46367592,7.9166665,0.9947644
20609.205,3.733015,3.6221747,0.01339163,-0.5619481,-0.56859946,0.3015895,-0.65029854,-0.6122494,0.010591435,-0.43486238,-0.41333553,66.989975,0.7916856,0.84002274,109.2829,0.75498194,0.7566989,15.97892,0.17103091,0.23452133,0.41683003,0.37784076,0.3570357,4.580233,0.2725431,0.31789342,1.2208958,-0.9138368,-0.8882804,0.22639674,-0.41285798,-0.39314887,250.17195,2.0705454,1.9568018,-1.9716169,-0.72340745,-0.5359261,65,-0.9159969,-0.85733974,0.993019,0.89578825,0.86765313,1.0272118,1.3693386,1.318172,0.29268998,-0.26462418,-0.19662882,0.006492507,-0.55115014,-0.526237,-0.008137109,-0.22975619,-0.17377335,124.0398,1.6143011,1.5028181,0.0444035,-0.5165177,-0.51412237,7.925,0.9958115
17485.236,3.7333531,3.4679203,0.0399521,-0.56254697,-0.4906622,0.4065747,-0.65634847,-0.55895513,0.030214492,-0.43265367,-0.3750977,20.60521,0.78160226,0.63377297,28.97925,0.7519918,0.5679664,6.3356776,0.16899996,0.1547479,0.37624854,0.37651533,0.32125488,3.091416,0.26637095,0.1988979,1.3631252,-0.90945053,-0.77301913,0.34034532,-0.4087883,-0.29532462,249.29022,2.0704036,1.9549031,-1.9197828,-0.7229445,-0.53408104,157,-0.9115741,-0.7682058,0.9942392,0.8951715,0.86359465,1.0276235,1.3672885,1.3033477,0.2463274,-0.266039,-0.22457443,0.021483507,-0.55050415,-0.4865117,-0.03443664,-0.22974351,-0.17162208,121.21878,1.6142999,1.4927585,0.0982651,-0.5114568,-0.3750428,7.9333334,0.99685866
20925.47,3.7435126,3.5759184,0.013374655,-0.5678544,-0.52941126,0.2961019,-0.6638448,-0.617043,0.010640826,-0.43417987,-0.38876805,66.28472,0.7872063,0.75752634,110.283226,0.7643351,0.6920379,15.615194,0.17267281,0.19717547,0.4132391,0.3782394,0.31946486,4.6722007,0.26540545,0.29904777,1.2058771,-0.9098799,-0.8436974,0.21942121,-0.40957174,-0.35922396,250.19968,2.070337,1.9555038,-1.9758972,-0.72249985,-0.5354385,61,-0.91174364,-0.82885367,0.9962433,0.89453495,0.8679971,1.0280908,1.3649971,1.3206509,0.29208508,-0.26498938,-0.21035166,0.0063955705,-0.5537478,-0.5014725,-0.021813393,-0.22949037,-0.1762185,124.2479,1.614968,1.5005879,0.045169093,-0.5178441,-0.4242525,7.9416666,0.99790573
20507.234,3.7520506,3.5568511,0.015000086,-0.57265574,-0.52527124,0.29478958,-0.6712679,-0.61766446,0.011564407,-0.43521792,-0.3873415,60.504986,0.7876715,0.73745626,94.84999,0.77334154,0.65995765,13.750955,0.17511712,0.18354419,0.4173531,0.37986478,0.32453024,3.8322017,0.2574879,0.28338253,1.256198,-0.90173054,-0.89327174,0.26267645,-0.40537095,-0.3663648,249.69815,2.0701988,1.9545051,-1.9434382,-0.7217934,-0.53480923,99,-0.90729576,-0.82334024,0.9937432,0.8935035,0.8614784,1.0273823,1.3612528,1.2910048,0.28235114,-0.26450786,-0.21605153,0.0073769563,-0.55688,-0.49909574,-0.0134685645,-0.22857912,-0.17297338,121.97361,1.6153984,1.4947994,0.050884046,-0.5226831,-0.4112011,7.95,0.99895287
20301.232,3.763003,3.5430288,0.015898911,-0.57836723,-0.5178987,0.33409724,-0.67962223,-0.60183084,0.01440171,-0.4362056,-0.37991315,48.09624,0.78966796,0.65256417,89.35471,0.787953,0.61391586,14.555618,0.17983885,0.17126252,0.40835664,0.38063976,0.31628588,3.5401154,0.2523701,0.206957,1.3657314,-0.8897134,-0.78638726,0.3021814,-0.40157738,-0.30593088,250.02646,2.0701795,1.9542081,-1.8655388,-0.720889,-0.531248,123,-0.90377814,-0.7700437,0.9938353,0.8926164,0.86301905,1.0276093,1.3585855,1.3025652,0.28431144,-0.26326513,-0.2211752,0.007751892,-0.5607315,-0.4957853,-0.0053099357,-0.22786911,-0.17238519,124.98332,1.6169477,1.4979417,0.047587678,-0.5293663,-0.4028474,7.9583335,1.0
